filepath,species,split
data\processed\images_128\cat_03792_pixabay_cat_003340.jpg,cat,train
data\processed\images_128\cat_03004_pixabay_cat_002491.jpg,cat,train
data\processed\images_128\cat_00890_pixabay_cat_000179.jpg,cat,train
data\processed\images_128\cat_00802_pixabay_cat_000080.jpg,cat,train
data\processed\images_128\cat_05206_flickr_cat_000526.jpg,cat,train
data\processed\images_128\cat_03776_pixabay_cat_003324.jpg,cat,train
data\processed\images_128\cat_04209_pixabay_cat_003801.jpg,cat,train
data\processed\images_128\cat_01957_pixabay_cat_001356.jpg,cat,train
data\processed\images_128\dog_03137_pixabay_dog_002298.jpg,dog,train
data\processed\images_128\dog_03680_pixabay_dog_002896.jpg,dog,train
data\processed\images_128\cat_03634_pixabay_cat_003172.jpg,cat,train
data\processed\images_128\cat_02095_pixabay_cat_001509.jpg,cat,train
data\processed\images_128\cat_01483_pixabay_cat_000837.jpg,cat,train
data\processed\images_128\dog_03964_pixabay_dog_003204.jpg,dog,train
data\processed\images_128\cat_00312_flickr_cat_000355.jpg,cat,train
data\processed\images_128\dog_01833_pixabay_dog_000870.jpg,dog,train
data\processed\images_128\cat_01576_pixabay_cat_000943.jpg,cat,train
data\processed\images_128\cat_04364_pixabay_cat_003971.jpg,cat,train
data\processed\images_128\cat_01625_pixabay_cat_000997.jpg,cat,train
data\processed\images_128\dog_00549_flickr_dog_000605.jpg,dog,train
data\processed\images_128\dog_03223_pixabay_dog_002394.jpg,dog,train
data\processed\images_128\cat_04726_pixabay_cat_004363.jpg,cat,train
data\processed\images_128\dog_04461_pixabay_dog_003757.jpg,dog,train
data\processed\images_128\cat_03192_pixabay_cat_002689.jpg,cat,train
data\processed\images_128\dog_00806_flickr_dog_000900.jpg,dog,train
data\processed\images_128\cat_01224_pixabay_cat_000549.jpg,cat,train
data\processed\images_128\dog_00111_flickr_dog_000123.jpg,dog,train
data\processed\images_128\dog_04621_pixabay_dog_003926.jpg,dog,train
data\processed\images_128\dog_00488_flickr_dog_000534.jpg,dog,train
data\processed\images_128\cat_02387_pixabay_cat_001820.jpg,cat,train
data\processed\images_128\dog_04401_pixabay_dog_003688.jpg,dog,train
data\processed\images_128\dog_04365_pixabay_dog_003648.jpg,dog,train
data\processed\images_128\cat_03223_pixabay_cat_002725.jpg,cat,train
data\processed\images_128\dog_03044_pixabay_dog_002197.jpg,dog,train
data\processed\images_128\cat_02949_pixabay_cat_002427.jpg,cat,train
data\processed\images_128\dog_03112_pixabay_dog_002271.jpg,dog,train
data\processed\images_128\cat_00395_flickr_cat_000447.jpg,cat,train
data\processed\images_128\dog_04087_pixabay_dog_003339.jpg,dog,train
data\processed\images_128\dog_03298_pixabay_dog_002475.jpg,dog,train
data\processed\images_128\cat_02341_pixabay_cat_001772.jpg,cat,train
data\processed\images_128\dog_03278_pixabay_dog_002455.jpg,dog,train
data\processed\images_128\cat_00554_flickr_cat_000625.jpg,cat,train
data\processed\images_128\dog_04655_pixabay_dog_003964.jpg,dog,train
data\processed\images_128\cat_05652_pixabay_cat_004832.jpg,cat,train
data\processed\images_128\cat_00617_flickr_cat_000696.jpg,cat,train
data\processed\images_128\dog_00070_flickr_dog_000077.jpg,dog,train
data\processed\images_128\cat_02065_pixabay_cat_001477.jpg,cat,train
data\processed\images_128\dog_03621_pixabay_dog_002830.jpg,dog,train
data\processed\images_128\cat_00756_pixabay_cat_000029.jpg,cat,train
data\processed\images_128\dog_01860_pixabay_dog_000899.jpg,dog,train
data\processed\images_128\cat_04753_pixabay_cat_004392.jpg,cat,train
data\processed\images_128\cat_01901_pixabay_cat_001296.jpg,cat,train
data\processed\images_128\dog_02638_pixabay_dog_001751.jpg,dog,train
data\processed\images_128\cat_02914_pixabay_cat_002390.jpg,cat,train
data\processed\images_128\dog_04670_pixabay_dog_003981.jpg,dog,train
data\processed\images_128\dog_00253_flickr_dog_000282.jpg,dog,train
data\processed\images_128\cat_05603_pixabay_cat_004311.jpg,cat,train
data\processed\images_128\dog_02575_pixabay_dog_001683.jpg,dog,train
data\processed\images_128\cat_02201_pixabay_cat_001620.jpg,cat,train
data\processed\images_128\dog_02500_pixabay_dog_001604.jpg,dog,train
data\processed\images_128\cat_01446_pixabay_cat_000794.jpg,cat,train
data\processed\images_128\cat_03554_pixabay_cat_003087.jpg,cat,train
data\processed\images_128\dog_02637_pixabay_dog_001750.jpg,dog,train
data\processed\images_128\dog_05233_pixabay_dog_004000.jpg,dog,train
data\processed\images_128\cat_04850_pixabay_cat_004497.jpg,cat,train
data\processed\images_128\dog_03930_pixabay_dog_003166.jpg,dog,train
data\processed\images_128\cat_05070_pixabay_cat_004741.jpg,cat,train
data\processed\images_128\cat_03942_pixabay_cat_003507.jpg,cat,train
data\processed\images_128\dog_01888_pixabay_dog_000929.jpg,dog,train
data\processed\images_128\dog_04980_pixabay_dog_001153.jpg,dog,train
data\processed\images_128\cat_03753_pixabay_cat_003300.jpg,cat,train
data\processed\images_128\dog_00852_flickr_dog_000950.jpg,dog,train
data\processed\images_128\dog_01654_pixabay_dog_000671.jpg,dog,train
data\processed\images_128\dog_03535_pixabay_dog_002732.jpg,dog,train
data\processed\images_128\dog_02935_pixabay_dog_002076.jpg,dog,train
data\processed\images_128\dog_04682_pixabay_dog_003995.jpg,dog,train
data\processed\images_128\dog_02625_pixabay_dog_001738.jpg,dog,train
data\processed\images_128\cat_02559_pixabay_cat_002002.jpg,cat,train
data\processed\images_128\cat_05587_pixabay_cat_004102.jpg,cat,train
data\processed\images_128\dog_03123_pixabay_dog_002283.jpg,dog,train
data\processed\images_128\cat_02716_pixabay_cat_002174.jpg,cat,train
data\processed\images_128\dog_04306_pixabay_dog_003587.jpg,dog,train
data\processed\images_128\dog_02306_pixabay_dog_001393.jpg,dog,train
data\processed\images_128\dog_00942_flickr_dog_001051.jpg,dog,train
data\processed\images_128\dog_01763_pixabay_dog_000792.jpg,dog,train
data\processed\images_128\dog_04715_pixabay_dog_004033.jpg,dog,train
data\processed\images_128\cat_04497_pixabay_cat_004115.jpg,cat,train
data\processed\images_128\dog_03949_pixabay_dog_003186.jpg,dog,train
data\processed\images_128\cat_01266_pixabay_cat_000594.jpg,cat,train
data\processed\images_128\dog_02036_pixabay_dog_001094.jpg,dog,train
data\processed\images_128\cat_01355_pixabay_cat_000692.jpg,cat,train
data\processed\images_128\cat_00531_flickr_cat_000598.jpg,cat,train
data\processed\images_128\dog_01742_pixabay_dog_000768.jpg,dog,train
data\processed\images_128\cat_05232_flickr_cat_000746.jpg,cat,train
data\processed\images_128\cat_03274_pixabay_cat_002779.jpg,cat,train
data\processed\images_128\cat_03100_pixabay_cat_002592.jpg,cat,train
data\processed\images_128\dog_04268_pixabay_dog_003547.jpg,dog,train
data\processed\images_128\dog_04138_pixabay_dog_003399.jpg,dog,train
data\processed\images_128\cat_05215_flickr_cat_000575.jpg,cat,train
data\processed\images_128\cat_04293_pixabay_cat_003893.jpg,cat,train
data\processed\images_128\dog_02236_pixabay_dog_001312.jpg,dog,train
data\processed\images_128\dog_02365_pixabay_dog_001456.jpg,dog,train
data\processed\images_128\dog_01314_pixabay_dog_000280.jpg,dog,train
data\processed\images_128\cat_03469_pixabay_cat_002994.jpg,cat,train
data\processed\images_128\cat_02311_pixabay_cat_001742.jpg,cat,train
data\processed\images_128\cat_01416_pixabay_cat_000763.jpg,cat,train
data\processed\images_128\cat_01923_pixabay_cat_001319.jpg,cat,train
data\processed\images_128\dog_03101_pixabay_dog_002260.jpg,dog,train
data\processed\images_128\dog_04090_pixabay_dog_003342.jpg,dog,train
data\processed\images_128\cat_03375_pixabay_cat_002892.jpg,cat,train
data\processed\images_128\cat_03597_pixabay_cat_003132.jpg,cat,train
data\processed\images_128\dog_02792_pixabay_dog_001917.jpg,dog,train
data\processed\images_128\cat_02266_pixabay_cat_001693.jpg,cat,train
data\processed\images_128\cat_00878_pixabay_cat_000164.jpg,cat,train
data\processed\images_128\dog_00318_flickr_dog_000352.jpg,dog,train
data\processed\images_128\cat_03920_pixabay_cat_003482.jpg,cat,train
data\processed\images_128\cat_02916_pixabay_cat_002392.jpg,cat,train
data\processed\images_128\cat_02948_pixabay_cat_002426.jpg,cat,train
data\processed\images_128\cat_01096_pixabay_cat_000407.jpg,cat,train
data\processed\images_128\dog_00169_flickr_dog_000186.jpg,dog,train
data\processed\images_128\dog_00698_flickr_dog_000776.jpg,dog,train
data\processed\images_128\dog_04128_pixabay_dog_003388.jpg,dog,train
data\processed\images_128\cat_00818_pixabay_cat_000098.jpg,cat,train
data\processed\images_128\cat_00340_flickr_cat_000386.jpg,cat,train
data\processed\images_128\dog_03022_pixabay_dog_002173.jpg,dog,train
data\processed\images_128\cat_03550_pixabay_cat_003083.jpg,cat,train
data\processed\images_128\dog_00384_flickr_dog_000421.jpg,dog,train
data\processed\images_128\cat_02210_pixabay_cat_001629.jpg,cat,train
data\processed\images_128\cat_04742_pixabay_cat_004381.jpg,cat,train
data\processed\images_128\dog_02615_pixabay_dog_001727.jpg,dog,train
data\processed\images_128\dog_02316_pixabay_dog_001403.jpg,dog,train
data\processed\images_128\dog_03836_pixabay_dog_003062.jpg,dog,train
data\processed\images_128\cat_04438_pixabay_cat_004052.jpg,cat,train
data\processed\images_128\dog_01561_pixabay_dog_000567.jpg,dog,train
data\processed\images_128\dog_00122_flickr_dog_000134.jpg,dog,train
data\processed\images_128\cat_01830_pixabay_cat_001221.jpg,cat,train
data\processed\images_128\cat_01653_pixabay_cat_001027.jpg,cat,train
data\processed\images_128\dog_02910_pixabay_dog_002049.jpg,dog,train
data\processed\images_128\dog_05119_pixabay_dog_002766.jpg,dog,train
data\processed\images_128\cat_00447_flickr_cat_000500.jpg,cat,train
data\processed\images_128\cat_05295_pixabay_cat_000542.jpg,cat,train
data\processed\images_128\dog_02321_pixabay_dog_001408.jpg,dog,train
data\processed\images_128\cat_04592_pixabay_cat_004219.jpg,cat,train
data\processed\images_128\dog_01218_pixabay_dog_000171.jpg,dog,train
data\processed\images_128\dog_03669_pixabay_dog_002884.jpg,dog,train
data\processed\images_128\dog_04263_pixabay_dog_003541.jpg,dog,train
data\processed\images_128\dog_00677_flickr_dog_000752.jpg,dog,train
data\processed\images_128\cat_00456_flickr_cat_000509.jpg,cat,train
data\processed\images_128\cat_02505_pixabay_cat_001942.jpg,cat,train
data\processed\images_128\dog_04725_pixabay_dog_004043.jpg,dog,train
data\processed\images_128\dog_03659_pixabay_dog_002873.jpg,dog,train
data\processed\images_128\cat_02822_pixabay_cat_002290.jpg,cat,train
data\processed\images_128\dog_01746_pixabay_dog_000772.jpg,dog,train
data\processed\images_128\cat_02510_pixabay_cat_001947.jpg,cat,train
data\processed\images_128\cat_05202_flickr_cat_000446.jpg,cat,train
data\processed\images_128\cat_03944_pixabay_cat_003509.jpg,cat,train
data\processed\images_128\dog_02628_pixabay_dog_001741.jpg,dog,train
data\processed\images_128\cat_00690_flickr_cat_000778.jpg,cat,train
data\processed\images_128\dog_01463_pixabay_dog_000448.jpg,dog,train
data\processed\images_128\cat_02983_pixabay_cat_002468.jpg,cat,train
data\processed\images_128\cat_03162_pixabay_cat_002656.jpg,cat,train
data\processed\images_128\dog_01674_pixabay_dog_000693.jpg,dog,train
data\processed\images_128\dog_00101_flickr_dog_000112.jpg,dog,train
data\processed\images_128\cat_02750_pixabay_cat_002213.jpg,cat,train
data\processed\images_128\dog_02849_pixabay_dog_001982.jpg,dog,train
data\processed\images_128\dog_04935_pixabay_dog_000647.jpg,dog,train
data\processed\images_128\cat_04924_pixabay_cat_004579.jpg,cat,train
data\processed\images_128\dog_00310_flickr_dog_000344.jpg,dog,train
data\processed\images_128\cat_04551_pixabay_cat_004173.jpg,cat,train
data\processed\images_128\cat_02268_pixabay_cat_001695.jpg,cat,train
data\processed\images_128\dog_03631_pixabay_dog_002842.jpg,dog,train
data\processed\images_128\cat_01100_pixabay_cat_000411.jpg,cat,train
data\processed\images_128\dog_00072_flickr_dog_000080.jpg,dog,train
data\processed\images_128\cat_03429_pixabay_cat_002950.jpg,cat,train
data\processed\images_128\dog_05178_pixabay_dog_003383.jpg,dog,train
data\processed\images_128\dog_01001_flickr_dog_001118.jpg,dog,train
data\processed\images_128\cat_03083_pixabay_cat_002574.jpg,cat,train
data\processed\images_128\cat_04760_pixabay_cat_004399.jpg,cat,train
data\processed\images_128\cat_04890_pixabay_cat_004541.jpg,cat,train
data\processed\images_128\dog_03590_pixabay_dog_002796.jpg,dog,train
data\processed\images_128\cat_02590_pixabay_cat_002034.jpg,cat,train
data\processed\images_128\dog_01226_pixabay_dog_000180.jpg,dog,train
data\processed\images_128\dog_02683_pixabay_dog_001796.jpg,dog,train
data\processed\images_128\cat_04763_pixabay_cat_004402.jpg,cat,train
data\processed\images_128\cat_00540_flickr_cat_000609.jpg,cat,train
data\processed\images_128\dog_03742_pixabay_dog_002965.jpg,dog,train
data\processed\images_128\dog_01633_pixabay_dog_000650.jpg,dog,train
data\processed\images_128\cat_05060_pixabay_cat_004731.jpg,cat,train
data\processed\images_128\cat_05252_pixabay_cat_000108.jpg,cat,train
data\processed\images_128\cat_02871_pixabay_cat_002345.jpg,cat,train
data\processed\images_128\cat_03359_pixabay_cat_002874.jpg,cat,train
data\processed\images_128\cat_04863_pixabay_cat_004512.jpg,cat,train
data\processed\images_128\cat_01519_pixabay_cat_000880.jpg,cat,train
data\processed\images_128\dog_01874_pixabay_dog_000914.jpg,dog,train
data\processed\images_128\cat_01235_pixabay_cat_000560.jpg,cat,train
data\processed\images_128\dog_01993_pixabay_dog_001044.jpg,dog,train
data\processed\images_128\cat_02309_pixabay_cat_001740.jpg,cat,train
data\processed\images_128\dog_04506_pixabay_dog_003806.jpg,dog,train
data\processed\images_128\cat_01265_pixabay_cat_000593.jpg,cat,train
data\processed\images_128\cat_02566_pixabay_cat_002010.jpg,cat,train
data\processed\images_128\cat_02718_pixabay_cat_002176.jpg,cat,train
data\processed\images_128\cat_05626_pixabay_cat_004584.jpg,cat,train
data\processed\images_128\dog_02349_pixabay_dog_001437.jpg,dog,train
data\processed\images_128\dog_03948_pixabay_dog_003184.jpg,dog,train
data\processed\images_128\cat_04664_pixabay_cat_004294.jpg,cat,train
data\processed\images_128\cat_01087_pixabay_cat_000397.jpg,cat,train
data\processed\images_128\cat_00158_flickr_cat_000173.jpg,cat,train
data\processed\images_128\dog_02196_pixabay_dog_001270.jpg,dog,train
data\processed\images_128\cat_00074_flickr_cat_000082.jpg,cat,train
data\processed\images_128\cat_01986_pixabay_cat_001391.jpg,cat,train
data\processed\images_128\cat_02315_pixabay_cat_001746.jpg,cat,train
data\processed\images_128\dog_01370_pixabay_dog_000346.jpg,dog,train
data\processed\images_128\cat_04124_pixabay_cat_003704.jpg,cat,train
data\processed\images_128\cat_03250_pixabay_cat_002753.jpg,cat,train
data\processed\images_128\cat_02597_pixabay_cat_002042.jpg,cat,train
data\processed\images_128\dog_04049_pixabay_dog_003296.jpg,dog,train
data\processed\images_128\cat_02288_pixabay_cat_001716.jpg,cat,train
data\processed\images_128\cat_05444_pixabay_cat_002341.jpg,cat,train
data\processed\images_128\cat_01050_pixabay_cat_000357.jpg,cat,train
data\processed\images_128\cat_02537_pixabay_cat_001976.jpg,cat,train
data\processed\images_128\dog_02217_pixabay_dog_001292.jpg,dog,train
data\processed\images_128\cat_01978_pixabay_cat_001381.jpg,cat,train
data\processed\images_128\cat_04957_pixabay_cat_004619.jpg,cat,train
data\processed\images_128\cat_03075_pixabay_cat_002566.jpg,cat,train
data\processed\images_128\dog_00522_flickr_dog_000575.jpg,dog,train
data\processed\images_128\cat_03968_pixabay_cat_003536.jpg,cat,train
data\processed\images_128\cat_03021_pixabay_cat_002508.jpg,cat,train
data\processed\images_128\dog_05168_pixabay_dog_003323.jpg,dog,train
data\processed\images_128\dog_00175_flickr_dog_000192.jpg,dog,train
data\processed\images_128\cat_01225_pixabay_cat_000550.jpg,cat,train
data\processed\images_128\cat_02374_pixabay_cat_001806.jpg,cat,train
data\processed\images_128\cat_01093_pixabay_cat_000404.jpg,cat,train
data\processed\images_128\cat_03324_pixabay_cat_002833.jpg,cat,train
data\processed\images_128\cat_00990_pixabay_cat_000286.jpg,cat,train
data\processed\images_128\cat_04210_pixabay_cat_003802.jpg,cat,train
data\processed\images_128\cat_02968_pixabay_cat_002449.jpg,cat,train
data\processed\images_128\dog_02930_pixabay_dog_002071.jpg,dog,train
data\processed\images_128\dog_04088_pixabay_dog_003340.jpg,dog,train
data\processed\images_128\dog_03187_pixabay_dog_002354.jpg,dog,train
data\processed\images_128\cat_04620_pixabay_cat_004249.jpg,cat,train
data\processed\images_128\cat_04817_pixabay_cat_004460.jpg,cat,train
data\processed\images_128\cat_02651_pixabay_cat_002100.jpg,cat,train
data\processed\images_128\dog_04920_pixabay_dog_000508.jpg,dog,train
data\processed\images_128\cat_00283_flickr_cat_000323.jpg,cat,train
data\processed\images_128\dog_02172_pixabay_dog_001246.jpg,dog,train
data\processed\images_128\cat_03416_pixabay_cat_002937.jpg,cat,train
data\processed\images_128\dog_05152_pixabay_dog_003136.jpg,dog,train
data\processed\images_128\cat_01197_pixabay_cat_000517.jpg,cat,train
data\processed\images_128\dog_04511_pixabay_dog_003811.jpg,dog,train
data\processed\images_128\cat_01211_pixabay_cat_000533.jpg,cat,train
data\processed\images_128\dog_03081_pixabay_dog_002237.jpg,dog,train
data\processed\images_128\dog_03784_pixabay_dog_003010.jpg,dog,train
data\processed\images_128\cat_04989_pixabay_cat_004656.jpg,cat,train
data\processed\images_128\dog_00521_flickr_dog_000574.jpg,dog,train
data\processed\images_128\dog_00299_flickr_dog_000331.jpg,dog,train
data\processed\images_128\cat_04285_pixabay_cat_003884.jpg,cat,train
data\processed\images_128\dog_02319_pixabay_dog_001406.jpg,dog,train
data\processed\images_128\dog_05014_pixabay_dog_001523.jpg,dog,train
data\processed\images_128\dog_02846_pixabay_dog_001979.jpg,dog,train
data\processed\images_128\dog_01950_pixabay_dog_000996.jpg,dog,train
data\processed\images_128\cat_02214_pixabay_cat_001634.jpg,cat,train
data\processed\images_128\dog_02418_pixabay_dog_001512.jpg,dog,train
data\processed\images_128\cat_05318_pixabay_cat_000791.jpg,cat,train
data\processed\images_128\cat_03710_pixabay_cat_003257.jpg,cat,train
data\processed\images_128\cat_00823_pixabay_cat_000104.jpg,cat,train
data\processed\images_128\cat_03536_pixabay_cat_003068.jpg,cat,train
data\processed\images_128\cat_03136_pixabay_cat_002628.jpg,cat,train
data\processed\images_128\dog_04029_pixabay_dog_003275.jpg,dog,train
data\processed\images_128\dog_03726_pixabay_dog_002946.jpg,dog,train
data\processed\images_128\dog_02968_pixabay_dog_002109.jpg,dog,train
data\processed\images_128\dog_02547_pixabay_dog_001655.jpg,dog,train
data\processed\images_128\cat_04984_pixabay_cat_004649.jpg,cat,train
data\processed\images_128\dog_01320_pixabay_dog_000286.jpg,dog,train
data\processed\images_128\dog_03131_pixabay_dog_002291.jpg,dog,train
data\processed\images_128\cat_00101_flickr_cat_000111.jpg,cat,train
data\processed\images_128\dog_02338_pixabay_dog_001425.jpg,dog,train
data\processed\images_128\cat_05623_pixabay_cat_004543.jpg,cat,train
data\processed\images_128\cat_01188_pixabay_cat_000507.jpg,cat,train
data\processed\images_128\cat_01319_pixabay_cat_000653.jpg,cat,train
data\processed\images_128\cat_04176_pixabay_cat_003766.jpg,cat,train
data\processed\images_128\cat_04478_pixabay_cat_004094.jpg,cat,train
data\processed\images_128\dog_04084_pixabay_dog_003336.jpg,dog,train
data\processed\images_128\dog_00971_flickr_dog_001086.jpg,dog,train
data\processed\images_128\dog_03238_pixabay_dog_002410.jpg,dog,train
data\processed\images_128\dog_01895_pixabay_dog_000937.jpg,dog,train
data\processed\images_128\cat_05368_pixabay_cat_001342.jpg,cat,train
data\processed\images_128\dog_00690_flickr_dog_000766.jpg,dog,train
data\processed\images_128\dog_05159_pixabay_dog_003223.jpg,dog,train
data\processed\images_128\dog_04452_pixabay_dog_003746.jpg,dog,train
data\processed\images_128\dog_01290_pixabay_dog_000252.jpg,dog,train
data\processed\images_128\dog_02331_pixabay_dog_001418.jpg,dog,train
data\processed\images_128\cat_05165_flickr_cat_000165.jpg,cat,train
data\processed\images_128\dog_02542_pixabay_dog_001648.jpg,dog,train
data\processed\images_128\cat_05090_pixabay_cat_004762.jpg,cat,train
data\processed\images_128\cat_03530_pixabay_cat_003062.jpg,cat,train
data\processed\images_128\dog_02336_pixabay_dog_001423.jpg,dog,train
data\processed\images_128\cat_05277_pixabay_cat_000355.jpg,cat,train
data\processed\images_128\dog_03896_pixabay_dog_003129.jpg,dog,train
data\processed\images_128\dog_02240_pixabay_dog_001316.jpg,dog,train
data\processed\images_128\cat_04617_pixabay_cat_004246.jpg,cat,train
data\processed\images_128\cat_04029_pixabay_cat_003603.jpg,cat,train
data\processed\images_128\cat_00055_flickr_cat_000061.jpg,cat,train
data\processed\images_128\dog_04357_pixabay_dog_003640.jpg,dog,train
data\processed\images_128\cat_04220_pixabay_cat_003814.jpg,cat,train
data\processed\images_128\dog_04032_pixabay_dog_003278.jpg,dog,train
data\processed\images_128\dog_03849_pixabay_dog_003077.jpg,dog,train
data\processed\images_128\dog_04013_pixabay_dog_003257.jpg,dog,train
data\processed\images_128\dog_02076_pixabay_dog_001136.jpg,dog,train
data\processed\images_128\cat_03525_pixabay_cat_003057.jpg,cat,train
data\processed\images_128\cat_00136_flickr_cat_000148.jpg,cat,train
data\processed\images_128\dog_05105_pixabay_dog_002586.jpg,dog,train
data\processed\images_128\dog_05098_pixabay_dog_002520.jpg,dog,train
data\processed\images_128\dog_04607_pixabay_dog_003910.jpg,dog,train
data\processed\images_128\cat_04016_pixabay_cat_003589.jpg,cat,train
data\processed\images_128\cat_03172_pixabay_cat_002668.jpg,cat,train
data\processed\images_128\dog_03041_pixabay_dog_002193.jpg,dog,train
data\processed\images_128\dog_03876_pixabay_dog_003107.jpg,dog,train
data\processed\images_128\cat_03527_pixabay_cat_003059.jpg,cat,train
data\processed\images_128\dog_02394_pixabay_dog_001486.jpg,dog,train
data\processed\images_128\cat_01936_pixabay_cat_001333.jpg,cat,train
data\processed\images_128\cat_02984_pixabay_cat_002469.jpg,cat,train
data\processed\images_128\dog_01317_pixabay_dog_000283.jpg,dog,train
data\processed\images_128\cat_05106_pixabay_cat_004780.jpg,cat,train
data\processed\images_128\cat_03773_pixabay_cat_003321.jpg,cat,train
data\processed\images_128\dog_03411_pixabay_dog_002599.jpg,dog,train
data\processed\images_128\cat_01274_pixabay_cat_000602.jpg,cat,train
data\processed\images_128\dog_02834_pixabay_dog_001964.jpg,dog,train
data\processed\images_128\dog_03312_pixabay_dog_002489.jpg,dog,train
data\processed\images_128\dog_04861_pixabay_dog_000044.jpg,dog,train
data\processed\images_128\dog_04172_pixabay_dog_003436.jpg,dog,train
data\processed\images_128\cat_00610_flickr_cat_000689.jpg,cat,train
data\processed\images_128\dog_04546_pixabay_dog_003846.jpg,dog,train
data\processed\images_128\cat_04847_pixabay_cat_004494.jpg,cat,train
data\processed\images_128\dog_02224_pixabay_dog_001300.jpg,dog,train
data\processed\images_128\cat_02004_pixabay_cat_001410.jpg,cat,train
data\processed\images_128\dog_01198_pixabay_dog_000149.jpg,dog,train
data\processed\images_128\dog_02439_pixabay_dog_001537.jpg,dog,train
data\processed\images_128\dog_02918_pixabay_dog_002057.jpg,dog,train
data\processed\images_128\dog_02621_pixabay_dog_001733.jpg,dog,train
data\processed\images_128\dog_03532_pixabay_dog_002729.jpg,dog,train
data\processed\images_128\dog_01788_pixabay_dog_000821.jpg,dog,train
data\processed\images_128\dog_03159_pixabay_dog_002325.jpg,dog,train
data\processed\images_128\cat_01121_pixabay_cat_000433.jpg,cat,train
data\processed\images_128\cat_04574_pixabay_cat_004200.jpg,cat,train
data\processed\images_128\dog_01169_pixabay_dog_000117.jpg,dog,train
data\processed\images_128\cat_05479_pixabay_cat_002831.jpg,cat,train
data\processed\images_128\cat_05310_pixabay_cat_000708.jpg,cat,train
data\processed\images_128\dog_03806_pixabay_dog_003032.jpg,dog,train
data\processed\images_128\cat_00611_flickr_cat_000690.jpg,cat,train
data\processed\images_128\cat_02109_pixabay_cat_001523.jpg,cat,train
data\processed\images_128\dog_00754_flickr_dog_000843.jpg,dog,train
data\processed\images_128\dog_02235_pixabay_dog_001311.jpg,dog,train
data\processed\images_128\cat_02945_pixabay_cat_002423.jpg,cat,train
data\processed\images_128\dog_04332_pixabay_dog_003614.jpg,dog,train
data\processed\images_128\cat_05301_pixabay_cat_000629.jpg,cat,train
data\processed\images_128\cat_01403_pixabay_cat_000746.jpg,cat,train
data\processed\images_128\cat_02415_pixabay_cat_001848.jpg,cat,train
data\processed\images_128\cat_02203_pixabay_cat_001622.jpg,cat,train
data\processed\images_128\cat_04515_pixabay_cat_004133.jpg,cat,train
data\processed\images_128\cat_02671_pixabay_cat_002121.jpg,cat,train
data\processed\images_128\cat_04270_pixabay_cat_003867.jpg,cat,train
data\processed\images_128\dog_01539_pixabay_dog_000543.jpg,dog,train
data\processed\images_128\cat_03973_pixabay_cat_003541.jpg,cat,train
data\processed\images_128\dog_04427_pixabay_dog_003717.jpg,dog,train
data\processed\images_128\dog_00497_flickr_dog_000544.jpg,dog,train
data\processed\images_128\cat_00061_flickr_cat_000067.jpg,cat,train
data\processed\images_128\cat_03356_pixabay_cat_002869.jpg,cat,train
data\processed\images_128\dog_02337_pixabay_dog_001424.jpg,dog,train
data\processed\images_128\dog_03415_pixabay_dog_002603.jpg,dog,train
data\processed\images_128\cat_00820_pixabay_cat_000101.jpg,cat,train
data\processed\images_128\dog_04899_pixabay_dog_000393.jpg,dog,train
data\processed\images_128\dog_00501_flickr_dog_000549.jpg,dog,train
data\processed\images_128\dog_04266_pixabay_dog_003545.jpg,dog,train
data\processed\images_128\cat_03071_pixabay_cat_002562.jpg,cat,train
data\processed\images_128\dog_02075_pixabay_dog_001135.jpg,dog,train
data\processed\images_128\dog_01646_pixabay_dog_000663.jpg,dog,train
data\processed\images_128\dog_03209_pixabay_dog_002378.jpg,dog,train
data\processed\images_128\cat_04836_pixabay_cat_004481.jpg,cat,train
data\processed\images_128\cat_01040_pixabay_cat_000345.jpg,cat,train
data\processed\images_128\dog_02671_pixabay_dog_001784.jpg,dog,train
data\processed\images_128\cat_02060_pixabay_cat_001472.jpg,cat,train
data\processed\images_128\dog_03575_pixabay_dog_002777.jpg,dog,train
data\processed\images_128\cat_00236_flickr_cat_000270.jpg,cat,train
data\processed\images_128\cat_00031_flickr_cat_000036.jpg,cat,train
data\processed\images_128\dog_04309_pixabay_dog_003590.jpg,dog,train
data\processed\images_128\dog_03339_pixabay_dog_002518.jpg,dog,train
data\processed\images_128\cat_04966_pixabay_cat_004629.jpg,cat,train
data\processed\images_128\cat_04837_pixabay_cat_004483.jpg,cat,train
data\processed\images_128\dog_00320_flickr_dog_000354.jpg,dog,train
data\processed\images_128\dog_01156_pixabay_dog_000103.jpg,dog,train
data\processed\images_128\cat_04651_pixabay_cat_004281.jpg,cat,train
data\processed\images_128\dog_03665_pixabay_dog_002880.jpg,dog,train
data\processed\images_128\dog_02722_pixabay_dog_001840.jpg,dog,train
data\processed\images_128\cat_04750_pixabay_cat_004389.jpg,cat,train
data\processed\images_128\dog_00353_flickr_dog_000390.jpg,dog,train
data\processed\images_128\dog_04917_pixabay_dog_000500.jpg,dog,train
data\processed\images_128\cat_03854_pixabay_cat_003409.jpg,cat,train
data\processed\images_128\dog_04125_pixabay_dog_003385.jpg,dog,train
data\processed\images_128\cat_01209_pixabay_cat_000530.jpg,cat,train
data\processed\images_128\dog_02396_pixabay_dog_001488.jpg,dog,train
data\processed\images_128\cat_02535_pixabay_cat_001973.jpg,cat,train
data\processed\images_128\dog_01868_pixabay_dog_000907.jpg,dog,train
data\processed\images_128\cat_03244_pixabay_cat_002746.jpg,cat,train
data\processed\images_128\cat_01068_pixabay_cat_000375.jpg,cat,train
data\processed\images_128\cat_04260_pixabay_cat_003857.jpg,cat,train
data\processed\images_128\cat_01677_pixabay_cat_001053.jpg,cat,train
data\processed\images_128\cat_04162_pixabay_cat_003750.jpg,cat,train
data\processed\images_128\cat_02744_pixabay_cat_002206.jpg,cat,train
data\processed\images_128\cat_00779_pixabay_cat_000055.jpg,cat,train
data\processed\images_128\cat_03318_pixabay_cat_002826.jpg,cat,train
data\processed\images_128\cat_05354_pixabay_cat_001105.jpg,cat,train
data\processed\images_128\cat_03104_pixabay_cat_002596.jpg,cat,train
data\processed\images_128\cat_03983_pixabay_cat_003551.jpg,cat,train
data\processed\images_128\cat_01231_pixabay_cat_000556.jpg,cat,train
data\processed\images_128\cat_05143_pixabay_cat_004823.jpg,cat,train
data\processed\images_128\dog_03633_pixabay_dog_002844.jpg,dog,train
data\processed\images_128\cat_00842_pixabay_cat_000125.jpg,cat,train
data\processed\images_128\dog_00165_flickr_dog_000182.jpg,dog,train
data\processed\images_128\cat_02542_pixabay_cat_001981.jpg,cat,train
data\processed\images_128\dog_03082_pixabay_dog_002240.jpg,dog,train
data\processed\images_128\cat_05160_flickr_cat_000108.jpg,cat,train
data\processed\images_128\cat_03943_pixabay_cat_003508.jpg,cat,train
data\processed\images_128\cat_02395_pixabay_cat_001828.jpg,cat,train
data\processed\images_128\dog_01383_pixabay_dog_000361.jpg,dog,train
data\processed\images_128\dog_04870_pixabay_dog_000152.jpg,dog,train
data\processed\images_128\dog_02639_pixabay_dog_001752.jpg,dog,train
data\processed\images_128\cat_02883_pixabay_cat_002358.jpg,cat,train
data\processed\images_128\cat_00867_pixabay_cat_000153.jpg,cat,train
data\processed\images_128\dog_05060_pixabay_dog_002113.jpg,dog,train
data\processed\images_128\dog_04601_pixabay_dog_003904.jpg,dog,train
data\processed\images_128\cat_01020_pixabay_cat_000322.jpg,cat,train
data\processed\images_128\dog_00356_flickr_dog_000393.jpg,dog,train
data\processed\images_128\dog_02488_pixabay_dog_001592.jpg,dog,train
data\processed\images_128\cat_03321_pixabay_cat_002829.jpg,cat,train
data\processed\images_128\cat_02774_pixabay_cat_002238.jpg,cat,train
data\processed\images_128\dog_01607_pixabay_dog_000621.jpg,dog,train
data\processed\images_128\cat_05532_pixabay_cat_003472.jpg,cat,train
data\processed\images_128\cat_03221_pixabay_cat_002722.jpg,cat,train
data\processed\images_128\cat_03210_pixabay_cat_002710.jpg,cat,train
data\processed\images_128\dog_02392_pixabay_dog_001484.jpg,dog,train
data\processed\images_128\cat_00746_pixabay_cat_000019.jpg,cat,train
data\processed\images_128\cat_00927_pixabay_cat_000219.jpg,cat,train
data\processed\images_128\cat_05426_pixabay_cat_002149.jpg,cat,train
data\processed\images_128\cat_01464_pixabay_cat_000815.jpg,cat,train
data\processed\images_128\cat_04086_pixabay_cat_003663.jpg,cat,train
data\processed\images_128\cat_01229_pixabay_cat_000554.jpg,cat,train
data\processed\images_128\cat_00170_flickr_cat_000194.jpg,cat,train
data\processed\images_128\dog_01797_pixabay_dog_000831.jpg,dog,train
data\processed\images_128\cat_03895_pixabay_cat_003454.jpg,cat,train
data\processed\images_128\cat_04522_pixabay_cat_004140.jpg,cat,train
data\processed\images_128\cat_01281_pixabay_cat_000609.jpg,cat,train
data\processed\images_128\dog_02113_pixabay_dog_001177.jpg,dog,train
data\processed\images_128\dog_00131_flickr_dog_000144.jpg,dog,train
data\processed\images_128\cat_04932_pixabay_cat_004589.jpg,cat,train
data\processed\images_128\cat_05562_pixabay_cat_003794.jpg,cat,train
data\processed\images_128\dog_02069_pixabay_dog_001129.jpg,dog,train
data\processed\images_128\dog_03983_pixabay_dog_003224.jpg,dog,train
data\processed\images_128\dog_00569_flickr_dog_000630.jpg,dog,train
data\processed\images_128\cat_04420_pixabay_cat_004032.jpg,cat,train
data\processed\images_128\cat_04345_pixabay_cat_003951.jpg,cat,train
data\processed\images_128\dog_03318_pixabay_dog_002496.jpg,dog,train
data\processed\images_128\cat_00631_flickr_cat_000711.jpg,cat,train
data\processed\images_128\dog_00699_flickr_dog_000777.jpg,dog,train
data\processed\images_128\dog_04445_pixabay_dog_003738.jpg,dog,train
data\processed\images_128\dog_04164_pixabay_dog_003428.jpg,dog,train
data\processed\images_128\dog_02504_pixabay_dog_001608.jpg,dog,train
data\processed\images_128\dog_02503_pixabay_dog_001607.jpg,dog,train
data\processed\images_128\cat_02579_pixabay_cat_002023.jpg,cat,train
data\processed\images_128\cat_03117_pixabay_cat_002609.jpg,cat,train
data\processed\images_128\cat_01195_pixabay_cat_000515.jpg,cat,train
data\processed\images_128\cat_02262_pixabay_cat_001688.jpg,cat,train
data\processed\images_128\dog_05051_pixabay_dog_001978.jpg,dog,train
data\processed\images_128\dog_01655_pixabay_dog_000673.jpg,dog,train
data\processed\images_128\cat_04851_pixabay_cat_004498.jpg,cat,train
data\processed\images_128\cat_00204_flickr_cat_000234.jpg,cat,train
data\processed\images_128\cat_05186_flickr_cat_000287.jpg,cat,train
data\processed\images_128\dog_00616_flickr_dog_000683.jpg,dog,train
data\processed\images_128\cat_04784_pixabay_cat_004426.jpg,cat,train
data\processed\images_128\cat_04139_pixabay_cat_003722.jpg,cat,train
data\processed\images_128\cat_04637_pixabay_cat_004267.jpg,cat,train
data\processed\images_128\cat_02103_pixabay_cat_001517.jpg,cat,train
data\processed\images_128\cat_05499_pixabay_cat_003033.jpg,cat,train
data\processed\images_128\cat_02706_pixabay_cat_002164.jpg,cat,train
data\processed\images_128\dog_03716_pixabay_dog_002936.jpg,dog,train
data\processed\images_128\cat_04540_pixabay_cat_004159.jpg,cat,train
data\processed\images_128\dog_01580_pixabay_dog_000588.jpg,dog,train
data\processed\images_128\cat_00545_flickr_cat_000616.jpg,cat,train
data\processed\images_128\dog_04121_pixabay_dog_003380.jpg,dog,train
data\processed\images_128\dog_04421_pixabay_dog_003711.jpg,dog,train
data\processed\images_128\cat_02821_pixabay_cat_002289.jpg,cat,train
data\processed\images_128\cat_01232_pixabay_cat_000557.jpg,cat,train
data\processed\images_128\cat_00088_flickr_cat_000097.jpg,cat,train
data\processed\images_128\dog_02874_pixabay_dog_002008.jpg,dog,train
data\processed\images_128\dog_04971_pixabay_dog_001069.jpg,dog,train
data\processed\images_128\cat_00485_flickr_cat_000545.jpg,cat,train
data\processed\images_128\dog_02895_pixabay_dog_002031.jpg,dog,train
data\processed\images_128\dog_03347_pixabay_dog_002528.jpg,dog,train
data\processed\images_128\cat_01347_pixabay_cat_000684.jpg,cat,train
data\processed\images_128\dog_01666_pixabay_dog_000684.jpg,dog,train
data\processed\images_128\cat_01641_pixabay_cat_001014.jpg,cat,train
data\processed\images_128\cat_04622_pixabay_cat_004251.jpg,cat,train
data\processed\images_128\dog_03642_pixabay_dog_002853.jpg,dog,train
data\processed\images_128\cat_04246_pixabay_cat_003841.jpg,cat,train
data\processed\images_128\cat_04709_pixabay_cat_004345.jpg,cat,train
data\processed\images_128\cat_03558_pixabay_cat_003091.jpg,cat,train
data\processed\images_128\dog_02339_pixabay_dog_001426.jpg,dog,train
data\processed\images_128\dog_00520_flickr_dog_000573.jpg,dog,train
data\processed\images_128\dog_00012_flickr_dog_000014.jpg,dog,train
data\processed\images_128\cat_01427_pixabay_cat_000774.jpg,cat,train
data\processed\images_128\dog_01380_pixabay_dog_000358.jpg,dog,train
data\processed\images_128\cat_02378_pixabay_cat_001810.jpg,cat,train
data\processed\images_128\cat_01238_pixabay_cat_000563.jpg,cat,train
data\processed\images_128\dog_00717_flickr_dog_000799.jpg,dog,train
data\processed\images_128\cat_04490_pixabay_cat_004108.jpg,cat,train
data\processed\images_128\cat_01379_pixabay_cat_000719.jpg,cat,train
data\processed\images_128\cat_04714_pixabay_cat_004350.jpg,cat,train
data\processed\images_128\cat_04105_pixabay_cat_003682.jpg,cat,train
data\processed\images_128\dog_02358_pixabay_dog_001448.jpg,dog,train
data\processed\images_128\cat_05066_pixabay_cat_004737.jpg,cat,train
data\processed\images_128\dog_02497_pixabay_dog_001601.jpg,dog,train
data\processed\images_128\cat_00615_flickr_cat_000694.jpg,cat,train
data\processed\images_128\dog_03991_pixabay_dog_003233.jpg,dog,train
data\processed\images_128\cat_02114_pixabay_cat_001528.jpg,cat,train
data\processed\images_128\cat_00579_flickr_cat_000655.jpg,cat,train
data\processed\images_128\cat_00840_pixabay_cat_000123.jpg,cat,train
data\processed\images_128\cat_02792_pixabay_cat_002258.jpg,cat,train
data\processed\images_128\dog_05184_pixabay_dog_003449.jpg,dog,train
data\processed\images_128\cat_03005_pixabay_cat_002492.jpg,cat,train
data\processed\images_128\cat_03901_pixabay_cat_003461.jpg,cat,train
data\processed\images_128\dog_00446_flickr_dog_000488.jpg,dog,train
data\processed\images_128\cat_05414_pixabay_cat_002009.jpg,cat,train
data\processed\images_128\cat_03132_pixabay_cat_002624.jpg,cat,train
data\processed\images_128\cat_01534_pixabay_cat_000898.jpg,cat,train
data\processed\images_128\dog_00085_flickr_dog_000093.jpg,dog,train
data\processed\images_128\cat_02254_pixabay_cat_001679.jpg,cat,train
data\processed\images_128\dog_01828_pixabay_dog_000865.jpg,dog,train
data\processed\images_128\cat_05250_pixabay_cat_000096.jpg,cat,train
data\processed\images_128\dog_04965_pixabay_dog_001014.jpg,dog,train
data\processed\images_128\dog_00210_flickr_dog_000234.jpg,dog,train
data\processed\images_128\dog_00060_flickr_dog_000067.jpg,dog,train
data\processed\images_128\cat_01670_pixabay_cat_001046.jpg,cat,train
data\processed\images_128\cat_01679_pixabay_cat_001056.jpg,cat,train
data\processed\images_128\cat_05622_pixabay_cat_004542.jpg,cat,train
data\processed\images_128\cat_05153_flickr_cat_000008.jpg,cat,train
data\processed\images_128\dog_03883_pixabay_dog_003114.jpg,dog,train
data\processed\images_128\cat_00759_pixabay_cat_000032.jpg,cat,train
data\processed\images_128\cat_02575_pixabay_cat_002019.jpg,cat,train
data\processed\images_128\cat_01104_pixabay_cat_000415.jpg,cat,train
data\processed\images_128\cat_01207_pixabay_cat_000528.jpg,cat,train
data\processed\images_128\cat_02015_pixabay_cat_001421.jpg,cat,train
data\processed\images_128\dog_04182_pixabay_dog_003446.jpg,dog,train
data\processed\images_128\dog_04668_pixabay_dog_003978.jpg,dog,train
data\processed\images_128\cat_02173_pixabay_cat_001589.jpg,cat,train
data\processed\images_128\dog_02436_pixabay_dog_001533.jpg,dog,train
data\processed\images_128\dog_05086_pixabay_dog_002363.jpg,dog,train
data\processed\images_128\cat_01543_pixabay_cat_000908.jpg,cat,train
data\processed\images_128\cat_04018_pixabay_cat_003591.jpg,cat,train
data\processed\images_128\cat_02246_pixabay_cat_001670.jpg,cat,train
data\processed\images_128\cat_02754_pixabay_cat_002217.jpg,cat,train
data\processed\images_128\cat_01423_pixabay_cat_000770.jpg,cat,train
data\processed\images_128\cat_01435_pixabay_cat_000782.jpg,cat,train
data\processed\images_128\cat_03030_pixabay_cat_002518.jpg,cat,train
data\processed\images_128\cat_04933_pixabay_cat_004590.jpg,cat,train
data\processed\images_128\dog_00096_flickr_dog_000106.jpg,dog,train
data\processed\images_128\cat_01867_pixabay_cat_001258.jpg,cat,train
data\processed\images_128\cat_00844_pixabay_cat_000128.jpg,cat,train
data\processed\images_128\dog_04434_pixabay_dog_003725.jpg,dog,train
data\processed\images_128\cat_04560_pixabay_cat_004184.jpg,cat,train
data\processed\images_128\dog_04921_pixabay_dog_000521.jpg,dog,train
data\processed\images_128\cat_01313_pixabay_cat_000646.jpg,cat,train
data\processed\images_128\cat_03736_pixabay_cat_003283.jpg,cat,train
data\processed\images_128\dog_04551_pixabay_dog_003851.jpg,dog,train
data\processed\images_128\cat_02850_pixabay_cat_002322.jpg,cat,train
data\processed\images_128\dog_01282_pixabay_dog_000244.jpg,dog,train
data\processed\images_128\dog_03661_pixabay_dog_002875.jpg,dog,train
data\processed\images_128\cat_05185_flickr_cat_000283.jpg,cat,train
data\processed\images_128\cat_04372_pixabay_cat_003980.jpg,cat,train
data\processed\images_128\cat_00900_pixabay_cat_000191.jpg,cat,train
data\processed\images_128\dog_04392_pixabay_dog_003679.jpg,dog,train
data\processed\images_128\cat_02626_pixabay_cat_002072.jpg,cat,train
data\processed\images_128\cat_00461_flickr_cat_000515.jpg,cat,train
data\processed\images_128\cat_00013_flickr_cat_000018.jpg,cat,train
data\processed\images_128\cat_01482_pixabay_cat_000836.jpg,cat,train
data\processed\images_128\dog_05113_pixabay_dog_002680.jpg,dog,train
data\processed\images_128\dog_00978_flickr_dog_001093.jpg,dog,train
data\processed\images_128\cat_04864_pixabay_cat_004514.jpg,cat,train
data\processed\images_128\cat_02431_pixabay_cat_001865.jpg,cat,train
data\processed\images_128\cat_00133_flickr_cat_000145.jpg,cat,train
data\processed\images_128\dog_05030_pixabay_dog_001705.jpg,dog,train
data\processed\images_128\cat_03229_pixabay_cat_002731.jpg,cat,train
data\processed\images_128\dog_00856_flickr_dog_000954.jpg,dog,train
data\processed\images_128\cat_04873_pixabay_cat_004524.jpg,cat,train
data\processed\images_128\dog_03357_pixabay_dog_002538.jpg,dog,train
data\processed\images_128\dog_02998_pixabay_dog_002143.jpg,dog,train
data\processed\images_128\dog_03421_pixabay_dog_002609.jpg,dog,train
data\processed\images_128\cat_04453_pixabay_cat_004068.jpg,cat,train
data\processed\images_128\cat_02739_pixabay_cat_002199.jpg,cat,train
data\processed\images_128\cat_04127_pixabay_cat_003708.jpg,cat,train
data\processed\images_128\dog_03589_pixabay_dog_002795.jpg,dog,train
data\processed\images_128\cat_04192_pixabay_cat_003783.jpg,cat,train
data\processed\images_128\dog_02696_pixabay_dog_001812.jpg,dog,train
data\processed\images_128\dog_04677_pixabay_dog_003988.jpg,dog,train
data\processed\images_128\cat_05281_pixabay_cat_000403.jpg,cat,train
data\processed\images_128\cat_00837_pixabay_cat_000120.jpg,cat,train
data\processed\images_128\dog_02470_pixabay_dog_001573.jpg,dog,train
data\processed\images_128\dog_00017_flickr_dog_000019.jpg,dog,train
data\processed\images_128\dog_02813_pixabay_dog_001942.jpg,dog,train
data\processed\images_128\cat_03398_pixabay_cat_002916.jpg,cat,train
data\processed\images_128\cat_02347_pixabay_cat_001778.jpg,cat,train
data\processed\images_128\dog_04619_pixabay_dog_003924.jpg,dog,train
data\processed\images_128\cat_05331_pixabay_cat_000876.jpg,cat,train
data\processed\images_128\dog_00676_flickr_dog_000751.jpg,dog,train
data\processed\images_128\cat_03317_pixabay_cat_002825.jpg,cat,train
data\processed\images_128\cat_04199_pixabay_cat_003790.jpg,cat,train
data\processed\images_128\dog_02708_pixabay_dog_001825.jpg,dog,train
data\processed\images_128\cat_05043_pixabay_cat_004714.jpg,cat,train
data\processed\images_128\dog_03458_pixabay_dog_002650.jpg,dog,train
data\processed\images_128\dog_01257_pixabay_dog_000215.jpg,dog,train
data\processed\images_128\dog_05097_pixabay_dog_002515.jpg,dog,train
data\processed\images_128\dog_01720_pixabay_dog_000745.jpg,dog,train
data\processed\images_128\cat_03600_pixabay_cat_003136.jpg,cat,train
data\processed\images_128\dog_02381_pixabay_dog_001473.jpg,dog,train
data\processed\images_128\cat_00769_pixabay_cat_000044.jpg,cat,train
data\processed\images_128\dog_04578_pixabay_dog_003879.jpg,dog,train
data\processed\images_128\cat_05159_flickr_cat_000096.jpg,cat,train
data\processed\images_128\dog_00006_flickr_dog_000008.jpg,dog,train
data\processed\images_128\dog_03815_pixabay_dog_003041.jpg,dog,train
data\processed\images_128\dog_00582_flickr_dog_000645.jpg,dog,train
data\processed\images_128\dog_02973_pixabay_dog_002115.jpg,dog,train
data\processed\images_128\cat_04909_pixabay_cat_004564.jpg,cat,train
data\processed\images_128\cat_00387_flickr_cat_000436.jpg,cat,train
data\processed\images_128\dog_03932_pixabay_dog_003168.jpg,dog,train
data\processed\images_128\dog_04923_pixabay_dog_000550.jpg,dog,train
data\processed\images_128\cat_01804_pixabay_cat_001191.jpg,cat,train
data\processed\images_128\dog_04208_pixabay_dog_003476.jpg,dog,train
data\processed\images_128\cat_00221_flickr_cat_000254.jpg,cat,train
data\processed\images_128\dog_03912_pixabay_dog_003146.jpg,dog,train
data\processed\images_128\cat_00177_flickr_cat_000201.jpg,cat,train
data\processed\images_128\cat_03954_pixabay_cat_003520.jpg,cat,train
data\processed\images_128\cat_02158_pixabay_cat_001574.jpg,cat,train
data\processed\images_128\cat_00187_flickr_cat_000212.jpg,cat,train
data\processed\images_128\dog_05149_pixabay_dog_003105.jpg,dog,train
data\processed\images_128\dog_02494_pixabay_dog_001598.jpg,dog,train
data\processed\images_128\cat_04416_pixabay_cat_004027.jpg,cat,train
data\processed\images_128\cat_01159_pixabay_cat_000475.jpg,cat,train
data\processed\images_128\cat_01140_pixabay_cat_000454.jpg,cat,train
data\processed\images_128\dog_02099_pixabay_dog_001162.jpg,dog,train
data\processed\images_128\dog_01699_pixabay_dog_000720.jpg,dog,train
data\processed\images_128\dog_01376_pixabay_dog_000353.jpg,dog,train
data\processed\images_128\cat_01091_pixabay_cat_000401.jpg,cat,train
data\processed\images_128\dog_01600_pixabay_dog_000612.jpg,dog,train
data\processed\images_128\cat_03680_pixabay_cat_003226.jpg,cat,train
data\processed\images_128\cat_00677_flickr_cat_000763.jpg,cat,train
data\processed\images_128\cat_01507_pixabay_cat_000866.jpg,cat,train
data\processed\images_128\dog_00565_flickr_dog_000623.jpg,dog,train
data\processed\images_128\cat_03155_pixabay_cat_002648.jpg,cat,train
data\processed\images_128\cat_01656_pixabay_cat_001031.jpg,cat,train
data\processed\images_128\cat_03377_pixabay_cat_002894.jpg,cat,train
data\processed\images_128\dog_03368_pixabay_dog_002551.jpg,dog,train
data\processed\images_128\dog_04586_pixabay_dog_003888.jpg,dog,train
data\processed\images_128\dog_03520_pixabay_dog_002717.jpg,dog,train
data\processed\images_128\dog_04784_flickr_dog_000545.jpg,dog,train
data\processed\images_128\dog_03819_pixabay_dog_003045.jpg,dog,train
data\processed\images_128\dog_02629_pixabay_dog_001742.jpg,dog,train
data\processed\images_128\dog_01483_pixabay_dog_000474.jpg,dog,train
data\processed\images_128\dog_03653_pixabay_dog_002867.jpg,dog,train
data\processed\images_128\cat_00904_pixabay_cat_000195.jpg,cat,train
data\processed\images_128\cat_04961_pixabay_cat_004623.jpg,cat,train
data\processed\images_128\dog_04343_pixabay_dog_003625.jpg,dog,train
data\processed\images_128\cat_03979_pixabay_cat_003547.jpg,cat,train
data\processed\images_128\dog_02479_pixabay_dog_001583.jpg,dog,train
data\processed\images_128\cat_02329_pixabay_cat_001760.jpg,cat,train
data\processed\images_128\cat_02250_pixabay_cat_001675.jpg,cat,train
data\processed\images_128\cat_04670_pixabay_cat_004301.jpg,cat,train
data\processed\images_128\cat_04259_pixabay_cat_003856.jpg,cat,train
data\processed\images_128\dog_04575_pixabay_dog_003876.jpg,dog,train
data\processed\images_128\dog_03811_pixabay_dog_003037.jpg,dog,train
data\processed\images_128\dog_00989_flickr_dog_001106.jpg,dog,train
data\processed\images_128\dog_04945_pixabay_dog_000776.jpg,dog,train
data\processed\images_128\dog_01700_pixabay_dog_000721.jpg,dog,train
data\processed\images_128\cat_02555_pixabay_cat_001998.jpg,cat,train
data\processed\images_128\dog_03845_pixabay_dog_003073.jpg,dog,train
data\processed\images_128\cat_03523_pixabay_cat_003055.jpg,cat,train
data\processed\images_128\cat_05509_pixabay_cat_003187.jpg,cat,train
data\processed\images_128\cat_05290_pixabay_cat_000514.jpg,cat,train
data\processed\images_128\dog_01277_pixabay_dog_000236.jpg,dog,train
data\processed\images_128\dog_03769_pixabay_dog_002993.jpg,dog,train
data\processed\images_128\cat_03475_pixabay_cat_003002.jpg,cat,train
data\processed\images_128\dog_01166_pixabay_dog_000113.jpg,dog,train
data\processed\images_128\dog_01893_pixabay_dog_000934.jpg,dog,train
data\processed\images_128\dog_00881_flickr_dog_000981.jpg,dog,train
data\processed\images_128\dog_02340_pixabay_dog_001427.jpg,dog,train
data\processed\images_128\cat_04258_pixabay_cat_003855.jpg,cat,train
data\processed\images_128\dog_01099_pixabay_dog_000041.jpg,dog,train
data\processed\images_128\dog_03126_pixabay_dog_002286.jpg,dog,train
data\processed\images_128\cat_05278_pixabay_cat_000380.jpg,cat,train
data\processed\images_128\dog_01799_pixabay_dog_000833.jpg,dog,train
data\processed\images_128\cat_03830_pixabay_cat_003384.jpg,cat,train
data\processed\images_128\dog_00510_flickr_dog_000559.jpg,dog,train
data\processed\images_128\dog_00544_flickr_dog_000600.jpg,dog,train
data\processed\images_128\dog_05026_pixabay_dog_001654.jpg,dog,train
data\processed\images_128\dog_02056_pixabay_dog_001115.jpg,dog,train
data\processed\images_128\cat_02345_pixabay_cat_001776.jpg,cat,train
data\processed\images_128\dog_02856_pixabay_dog_001990.jpg,dog,train
data\processed\images_128\cat_00885_pixabay_cat_000173.jpg,cat,train
data\processed\images_128\dog_04118_pixabay_dog_003375.jpg,dog,train
data\processed\images_128\dog_02599_pixabay_dog_001711.jpg,dog,train
data\processed\images_128\cat_05080_pixabay_cat_004751.jpg,cat,train
data\processed\images_128\cat_05323_pixabay_cat_000831.jpg,cat,train
data\processed\images_128\dog_02089_pixabay_dog_001150.jpg,dog,train
data\processed\images_128\dog_02646_pixabay_dog_001759.jpg,dog,train
data\processed\images_128\dog_00706_flickr_dog_000787.jpg,dog,train
data\processed\images_128\cat_00536_flickr_cat_000604.jpg,cat,train
data\processed\images_128\dog_03205_pixabay_dog_002374.jpg,dog,train
data\processed\images_128\dog_02812_pixabay_dog_001941.jpg,dog,train
data\processed\images_128\dog_04076_pixabay_dog_003326.jpg,dog,train
data\processed\images_128\cat_00121_flickr_cat_000132.jpg,cat,train
data\processed\images_128\cat_02196_pixabay_cat_001615.jpg,cat,train
data\processed\images_128\cat_04616_pixabay_cat_004245.jpg,cat,train
data\processed\images_128\cat_03268_pixabay_cat_002771.jpg,cat,train
data\processed\images_128\dog_04293_pixabay_dog_003573.jpg,dog,train
data\processed\images_128\cat_01293_pixabay_cat_000622.jpg,cat,train
data\processed\images_128\cat_00661_flickr_cat_000742.jpg,cat,train
data\processed\images_128\cat_00723_flickr_cat_000812.jpg,cat,train
data\processed\images_128\cat_01688_pixabay_cat_001065.jpg,cat,train
data\processed\images_128\dog_00227_flickr_dog_000255.jpg,dog,train
data\processed\images_128\cat_02526_pixabay_cat_001964.jpg,cat,train
data\processed\images_128\dog_02893_pixabay_dog_002028.jpg,dog,train
data\processed\images_128\dog_04222_pixabay_dog_003494.jpg,dog,train
data\processed\images_128\dog_02359_pixabay_dog_001450.jpg,dog,train
data\processed\images_128\dog_01928_pixabay_dog_000973.jpg,dog,train
data\processed\images_128\dog_00538_flickr_dog_000593.jpg,dog,train
data\processed\images_128\cat_05572_pixabay_cat_003901.jpg,cat,train
data\processed\images_128\dog_01563_pixabay_dog_000570.jpg,dog,train
data\processed\images_128\dog_01341_pixabay_dog_000310.jpg,dog,train
data\processed\images_128\cat_04054_pixabay_cat_003631.jpg,cat,train
data\processed\images_128\dog_03755_pixabay_dog_002978.jpg,dog,train
data\processed\images_128\dog_01065_pixabay_dog_000004.jpg,dog,train
data\processed\images_128\dog_04718_pixabay_dog_004036.jpg,dog,train
data\processed\images_128\dog_03228_pixabay_dog_002399.jpg,dog,train
data\processed\images_128\cat_01269_pixabay_cat_000597.jpg,cat,train
data\processed\images_128\cat_05193_flickr_cat_000351.jpg,cat,train
data\processed\images_128\cat_00410_flickr_cat_000462.jpg,cat,train
data\processed\images_128\dog_04176_pixabay_dog_003440.jpg,dog,train
data\processed\images_128\dog_05025_pixabay_dog_001651.jpg,dog,train
data\processed\images_128\dog_00294_flickr_dog_000326.jpg,dog,train
data\processed\images_128\dog_04355_pixabay_dog_003638.jpg,dog,train
data\processed\images_128\cat_03590_pixabay_cat_003124.jpg,cat,train
data\processed\images_128\cat_02875_pixabay_cat_002350.jpg,cat,train
data\processed\images_128\dog_00938_flickr_dog_001047.jpg,dog,train
data\processed\images_128\dog_01034_flickr_dog_001153.jpg,dog,train
data\processed\images_128\cat_04247_pixabay_cat_003843.jpg,cat,train
data\processed\images_128\cat_01948_pixabay_cat_001346.jpg,cat,train
data\processed\images_128\cat_03105_pixabay_cat_002597.jpg,cat,train
data\processed\images_128\dog_04078_pixabay_dog_003328.jpg,dog,train
data\processed\images_128\dog_03566_pixabay_dog_002767.jpg,dog,train
data\processed\images_128\dog_01308_pixabay_dog_000272.jpg,dog,train
data\processed\images_128\cat_03287_pixabay_cat_002792.jpg,cat,train
data\processed\images_128\cat_05107_pixabay_cat_004781.jpg,cat,train
data\processed\images_128\dog_01661_pixabay_dog_000679.jpg,dog,train
data\processed\images_128\dog_03073_pixabay_dog_002228.jpg,dog,train
data\processed\images_128\cat_02474_pixabay_cat_001909.jpg,cat,train
data\processed\images_128\dog_00954_flickr_dog_001065.jpg,dog,train
data\processed\images_128\dog_00237_flickr_dog_000266.jpg,dog,train
data\processed\images_128\dog_01132_pixabay_dog_000077.jpg,dog,train
data\processed\images_128\cat_03599_pixabay_cat_003135.jpg,cat,train
data\processed\images_128\dog_00091_flickr_dog_000100.jpg,dog,train
data\processed\images_128\cat_03289_pixabay_cat_002794.jpg,cat,train
data\processed\images_128\dog_02674_pixabay_dog_001787.jpg,dog,train
data\processed\images_128\cat_02589_pixabay_cat_002033.jpg,cat,train
data\processed\images_128\cat_01998_pixabay_cat_001403.jpg,cat,train
data\processed\images_128\cat_00186_flickr_cat_000211.jpg,cat,train
data\processed\images_128\dog_04844_flickr_dog_001041.jpg,dog,train
data\processed\images_128\cat_03813_pixabay_cat_003367.jpg,cat,train
data\processed\images_128\cat_03290_pixabay_cat_002795.jpg,cat,train
data\processed\images_128\dog_03851_pixabay_dog_003079.jpg,dog,train
data\processed\images_128\dog_01576_pixabay_dog_000584.jpg,dog,train
data\processed\images_128\cat_03415_pixabay_cat_002936.jpg,cat,train
data\processed\images_128\cat_00778_pixabay_cat_000054.jpg,cat,train
data\processed\images_128\cat_05338_pixabay_cat_000968.jpg,cat,train
data\processed\images_128\cat_00367_flickr_cat_000414.jpg,cat,train
data\processed\images_128\dog_02277_pixabay_dog_001357.jpg,dog,train
data\processed\images_128\cat_01200_pixabay_cat_000521.jpg,cat,train
data\processed\images_128\cat_02618_pixabay_cat_002063.jpg,cat,train
data\processed\images_128\dog_00110_flickr_dog_000122.jpg,dog,train
data\processed\images_128\dog_04450_pixabay_dog_003744.jpg,dog,train
data\processed\images_128\dog_02890_pixabay_dog_002025.jpg,dog,train
data\processed\images_128\dog_05065_pixabay_dog_002148.jpg,dog,train
data\processed\images_128\dog_00539_flickr_dog_000594.jpg,dog,train
data\processed\images_128\cat_00952_pixabay_cat_000246.jpg,cat,train
data\processed\images_128\cat_00466_flickr_cat_000520.jpg,cat,train
data\processed\images_128\dog_02221_pixabay_dog_001297.jpg,dog,train
data\processed\images_128\dog_01719_pixabay_dog_000744.jpg,dog,train
data\processed\images_128\cat_00787_pixabay_cat_000063.jpg,cat,train
data\processed\images_128\dog_03522_pixabay_dog_002719.jpg,dog,train
data\processed\images_128\cat_05172_flickr_cat_000183.jpg,cat,train
data\processed\images_128\cat_04366_pixabay_cat_003973.jpg,cat,train
data\processed\images_128\cat_02702_pixabay_cat_002160.jpg,cat,train
data\processed\images_128\dog_01752_pixabay_dog_000779.jpg,dog,train
data\processed\images_128\dog_03000_pixabay_dog_002146.jpg,dog,train
data\processed\images_128\dog_00255_flickr_dog_000284.jpg,dog,train
data\processed\images_128\dog_01501_pixabay_dog_000498.jpg,dog,train
data\processed\images_128\cat_03267_pixabay_cat_002770.jpg,cat,train
data\processed\images_128\dog_04133_pixabay_dog_003393.jpg,dog,train
data\processed\images_128\dog_01910_pixabay_dog_000953.jpg,dog,train
data\processed\images_128\dog_00540_flickr_dog_000595.jpg,dog,train
data\processed\images_128\dog_02332_pixabay_dog_001419.jpg,dog,train
data\processed\images_128\dog_03944_pixabay_dog_003180.jpg,dog,train
data\processed\images_128\dog_05132_pixabay_dog_002862.jpg,dog,train
data\processed\images_128\cat_05294_pixabay_cat_000540.jpg,cat,train
data\processed\images_128\cat_00605_flickr_cat_000683.jpg,cat,train
data\processed\images_128\cat_01649_pixabay_cat_001023.jpg,cat,train
data\processed\images_128\dog_04124_pixabay_dog_003384.jpg,dog,train
data\processed\images_128\dog_04274_pixabay_dog_003554.jpg,dog,train
data\processed\images_128\cat_01352_pixabay_cat_000689.jpg,cat,train
data\processed\images_128\dog_00431_flickr_dog_000473.jpg,dog,train
data\processed\images_128\cat_03177_pixabay_cat_002673.jpg,cat,train
data\processed\images_128\dog_04169_pixabay_dog_003433.jpg,dog,train
data\processed\images_128\dog_04171_pixabay_dog_003435.jpg,dog,train
data\processed\images_128\dog_05140_pixabay_dog_002956.jpg,dog,train
data\processed\images_128\cat_04595_pixabay_cat_004222.jpg,cat,train
data\processed\images_128\cat_05446_pixabay_cat_002379.jpg,cat,train
data\processed\images_128\dog_00398_flickr_dog_000436.jpg,dog,train
data\processed\images_128\cat_01897_pixabay_cat_001292.jpg,cat,train
data\processed\images_128\dog_04878_pixabay_dog_000238.jpg,dog,train
data\processed\images_128\dog_05103_pixabay_dog_002566.jpg,dog,train
data\processed\images_128\dog_00567_flickr_dog_000627.jpg,dog,train
data\processed\images_128\cat_04005_pixabay_cat_003576.jpg,cat,train
data\processed\images_128\cat_04959_pixabay_cat_004621.jpg,cat,train
data\processed\images_128\dog_03638_pixabay_dog_002849.jpg,dog,train
data\processed\images_128\dog_03480_pixabay_dog_002674.jpg,dog,train
data\processed\images_128\dog_00273_flickr_dog_000303.jpg,dog,train
data\processed\images_128\cat_05641_pixabay_cat_004693.jpg,cat,train
data\processed\images_128\dog_03297_pixabay_dog_002474.jpg,dog,train
data\processed\images_128\dog_01728_pixabay_dog_000753.jpg,dog,train
data\processed\images_128\cat_01602_pixabay_cat_000970.jpg,cat,train
data\processed\images_128\dog_05108_pixabay_dog_002616.jpg,dog,train
data\processed\images_128\dog_00354_flickr_dog_000391.jpg,dog,train
data\processed\images_128\dog_03920_pixabay_dog_003155.jpg,dog,train
data\processed\images_128\dog_00855_flickr_dog_000953.jpg,dog,train
data\processed\images_128\dog_03987_pixabay_dog_003228.jpg,dog,train
data\processed\images_128\cat_01477_pixabay_cat_000828.jpg,cat,train
data\processed\images_128\dog_04311_pixabay_dog_003593.jpg,dog,train
data\processed\images_128\dog_03823_pixabay_dog_003049.jpg,dog,train
data\processed\images_128\cat_04103_pixabay_cat_003680.jpg,cat,train
data\processed\images_128\cat_02613_pixabay_cat_002058.jpg,cat,train
data\processed\images_128\cat_04978_pixabay_cat_004643.jpg,cat,train
data\processed\images_128\dog_04931_pixabay_dog_000617.jpg,dog,train
data\processed\images_128\cat_01217_pixabay_cat_000541.jpg,cat,train
data\processed\images_128\cat_00987_pixabay_cat_000283.jpg,cat,train
data\processed\images_128\cat_00930_pixabay_cat_000222.jpg,cat,train
data\processed\images_128\cat_01808_pixabay_cat_001197.jpg,cat,train
data\processed\images_128\dog_04391_pixabay_dog_003678.jpg,dog,train
data\processed\images_128\cat_04229_pixabay_cat_003824.jpg,cat,train
data\processed\images_128\dog_00297_flickr_dog_000329.jpg,dog,train
data\processed\images_128\cat_02958_pixabay_cat_002437.jpg,cat,train
data\processed\images_128\dog_03128_pixabay_dog_002288.jpg,dog,train
data\processed\images_128\dog_00670_flickr_dog_000745.jpg,dog,train
data\processed\images_128\cat_04183_pixabay_cat_003774.jpg,cat,train
data\processed\images_128\dog_00342_flickr_dog_000377.jpg,dog,train
data\processed\images_128\cat_00353_flickr_cat_000400.jpg,cat,train
data\processed\images_128\dog_04279_pixabay_dog_003559.jpg,dog,train
data\processed\images_128\dog_03366_pixabay_dog_002549.jpg,dog,train
data\processed\images_128\cat_00996_pixabay_cat_000293.jpg,cat,train
data\processed\images_128\dog_01774_pixabay_dog_000805.jpg,dog,train
data\processed\images_128\dog_04984_pixabay_dog_001195.jpg,dog,train
data\processed\images_128\cat_00317_flickr_cat_000360.jpg,cat,train
data\processed\images_128\dog_01078_pixabay_dog_000019.jpg,dog,train
data\processed\images_128\dog_02632_pixabay_dog_001745.jpg,dog,train
data\processed\images_128\dog_00231_flickr_dog_000260.jpg,dog,train
data\processed\images_128\cat_05144_pixabay_cat_004824.jpg,cat,train
data\processed\images_128\dog_03925_pixabay_dog_003160.jpg,dog,train
data\processed\images_128\cat_04826_pixabay_cat_004470.jpg,cat,train
data\processed\images_128\cat_01633_pixabay_cat_001006.jpg,cat,train
data\processed\images_128\cat_04344_pixabay_cat_003950.jpg,cat,train
data\processed\images_128\cat_04479_pixabay_cat_004095.jpg,cat,train
data\processed\images_128\dog_01535_pixabay_dog_000539.jpg,dog,train
data\processed\images_128\dog_03537_pixabay_dog_002734.jpg,dog,train
data\processed\images_128\cat_03151_pixabay_cat_002644.jpg,cat,train
data\processed\images_128\dog_01969_pixabay_dog_001016.jpg,dog,train
data\processed\images_128\dog_00404_flickr_dog_000442.jpg,dog,train
data\processed\images_128\dog_01096_pixabay_dog_000037.jpg,dog,train
data\processed\images_128\cat_03841_pixabay_cat_003396.jpg,cat,train
data\processed\images_128\cat_05037_pixabay_cat_004708.jpg,cat,train
data\processed\images_128\cat_00728_flickr_cat_000819.jpg,cat,train
data\processed\images_128\dog_04290_pixabay_dog_003570.jpg,dog,train
data\processed\images_128\dog_00005_flickr_dog_000007.jpg,dog,train
data\processed\images_128\cat_02338_pixabay_cat_001769.jpg,cat,train
data\processed\images_128\cat_01917_pixabay_cat_001313.jpg,cat,train
data\processed\images_128\dog_03518_pixabay_dog_002715.jpg,dog,train
data\processed\images_128\dog_01180_pixabay_dog_000129.jpg,dog,train
data\processed\images_128\cat_02236_pixabay_cat_001659.jpg,cat,train
data\processed\images_128\dog_00619_flickr_dog_000686.jpg,dog,train
data\processed\images_128\dog_04798_flickr_dog_000640.jpg,dog,train
data\processed\images_128\dog_02912_pixabay_dog_002051.jpg,dog,train
data\processed\images_128\dog_02809_pixabay_dog_001938.jpg,dog,train
data\processed\images_128\dog_00454_flickr_dog_000499.jpg,dog,train
data\processed\images_128\dog_03473_pixabay_dog_002666.jpg,dog,train
data\processed\images_128\cat_01501_pixabay_cat_000859.jpg,cat,train
data\processed\images_128\dog_04362_pixabay_dog_003645.jpg,dog,train
data\processed\images_128\cat_03119_pixabay_cat_002611.jpg,cat,train
data\processed\images_128\dog_01667_pixabay_dog_000685.jpg,dog,train
data\processed\images_128\cat_00327_flickr_cat_000371.jpg,cat,train
data\processed\images_128\dog_01670_pixabay_dog_000688.jpg,dog,train
data\processed\images_128\cat_00652_flickr_cat_000733.jpg,cat,train
data\processed\images_128\dog_00486_flickr_dog_000532.jpg,dog,train
data\processed\images_128\cat_00110_flickr_cat_000120.jpg,cat,train
data\processed\images_128\cat_00887_pixabay_cat_000175.jpg,cat,train
data\processed\images_128\dog_02970_pixabay_dog_002111.jpg,dog,train
data\processed\images_128\cat_00262_flickr_cat_000299.jpg,cat,train
data\processed\images_128\dog_04896_pixabay_dog_000357.jpg,dog,train
data\processed\images_128\cat_05617_pixabay_cat_004484.jpg,cat,train
data\processed\images_128\dog_04581_pixabay_dog_003882.jpg,dog,train
data\processed\images_128\cat_03149_pixabay_cat_002642.jpg,cat,train
data\processed\images_128\cat_04556_pixabay_cat_004180.jpg,cat,train
data\processed\images_128\dog_05197_pixabay_dog_003543.jpg,dog,train
data\processed\images_128\dog_02389_pixabay_dog_001481.jpg,dog,train
data\processed\images_128\dog_00330_flickr_dog_000364.jpg,dog,train
data\processed\images_128\cat_05138_pixabay_cat_004818.jpg,cat,train
data\processed\images_128\cat_03495_pixabay_cat_003023.jpg,cat,train
data\processed\images_128\dog_04738_pixabay_dog_004056.jpg,dog,train
data\processed\images_128\cat_01461_pixabay_cat_000811.jpg,cat,train
data\processed\images_128\cat_05308_pixabay_cat_000696.jpg,cat,train
data\processed\images_128\dog_03016_pixabay_dog_002167.jpg,dog,train
data\processed\images_128\dog_00622_flickr_dog_000690.jpg,dog,train
data\processed\images_128\cat_01260_pixabay_cat_000587.jpg,cat,train
data\processed\images_128\dog_04716_pixabay_dog_004034.jpg,dog,train
data\processed\images_128\dog_04346_pixabay_dog_003628.jpg,dog,train
data\processed\images_128\dog_00047_flickr_dog_000051.jpg,dog,train
data\processed\images_128\dog_04637_pixabay_dog_003946.jpg,dog,train
data\processed\images_128\dog_03758_pixabay_dog_002982.jpg,dog,train
data\processed\images_128\cat_00333_flickr_cat_000379.jpg,cat,train
data\processed\images_128\cat_05353_pixabay_cat_001099.jpg,cat,train
data\processed\images_128\dog_00029_flickr_dog_000031.jpg,dog,train
data\processed\images_128\dog_04727_pixabay_dog_004045.jpg,dog,train
data\processed\images_128\dog_04659_pixabay_dog_003968.jpg,dog,train
data\processed\images_128\cat_02863_pixabay_cat_002335.jpg,cat,train
data\processed\images_128\cat_04348_pixabay_cat_003954.jpg,cat,train
data\processed\images_128\cat_05545_pixabay_cat_003610.jpg,cat,train
data\processed\images_128\dog_04778_flickr_dog_000468.jpg,dog,train
data\processed\images_128\cat_03496_pixabay_cat_003024.jpg,cat,train
data\processed\images_128\cat_01989_pixabay_cat_001394.jpg,cat,train
data\processed\images_128\dog_00069_flickr_dog_000076.jpg,dog,train
data\processed\images_128\dog_01331_pixabay_dog_000297.jpg,dog,train
data\processed\images_128\dog_01509_pixabay_dog_000511.jpg,dog,train
data\processed\images_128\cat_00739_pixabay_cat_000012.jpg,cat,train
data\processed\images_128\cat_04803_pixabay_cat_004446.jpg,cat,train
data\processed\images_128\dog_01409_pixabay_dog_000389.jpg,dog,train
data\processed\images_128\cat_03505_pixabay_cat_003034.jpg,cat,train
data\processed\images_128\dog_02619_pixabay_dog_001731.jpg,dog,train
data\processed\images_128\dog_01651_pixabay_dog_000668.jpg,dog,train
data\processed\images_128\cat_05571_pixabay_cat_003896.jpg,cat,train
data\processed\images_128\dog_00912_flickr_dog_001017.jpg,dog,train
data\processed\images_128\cat_04468_pixabay_cat_004083.jpg,cat,train
data\processed\images_128\cat_04518_pixabay_cat_004136.jpg,cat,train
data\processed\images_128\dog_04120_pixabay_dog_003378.jpg,dog,train
data\processed\images_128\cat_04190_pixabay_cat_003781.jpg,cat,train
data\processed\images_128\dog_01222_pixabay_dog_000175.jpg,dog,train
data\processed\images_128\dog_03546_pixabay_dog_002745.jpg,dog,train
data\processed\images_128\dog_05160_pixabay_dog_003230.jpg,dog,train
data\processed\images_128\cat_00768_pixabay_cat_000043.jpg,cat,train
data\processed\images_128\cat_01074_pixabay_cat_000382.jpg,cat,train
data\processed\images_128\cat_03275_pixabay_cat_002780.jpg,cat,train
data\processed\images_128\dog_02747_pixabay_dog_001867.jpg,dog,train
data\processed\images_128\cat_01906_pixabay_cat_001301.jpg,cat,train
data\processed\images_128\dog_02802_pixabay_dog_001930.jpg,dog,train
data\processed\images_128\cat_01823_pixabay_cat_001214.jpg,cat,train
data\processed\images_128\cat_01940_pixabay_cat_001337.jpg,cat,train
data\processed\images_128\dog_02885_pixabay_dog_002020.jpg,dog,train
data\processed\images_128\cat_04618_pixabay_cat_004247.jpg,cat,train
data\processed\images_128\dog_02532_pixabay_dog_001637.jpg,dog,train
data\processed\images_128\cat_04688_pixabay_cat_004321.jpg,cat,train
data\processed\images_128\cat_03977_pixabay_cat_003545.jpg,cat,train
data\processed\images_128\dog_02280_pixabay_dog_001362.jpg,dog,train
data\processed\images_128\dog_03265_pixabay_dog_002439.jpg,dog,train
data\processed\images_128\cat_00516_flickr_cat_000581.jpg,cat,train
data\processed\images_128\cat_03145_pixabay_cat_002637.jpg,cat,train
data\processed\images_128\cat_04843_pixabay_cat_004490.jpg,cat,train
data\processed\images_128\dog_02218_pixabay_dog_001293.jpg,dog,train
data\processed\images_128\dog_04699_pixabay_dog_004017.jpg,dog,train
data\processed\images_128\cat_02362_pixabay_cat_001794.jpg,cat,train
data\processed\images_128\cat_00151_flickr_cat_000166.jpg,cat,train
data\processed\images_128\cat_03020_pixabay_cat_002507.jpg,cat,train
data\processed\images_128\cat_02634_pixabay_cat_002082.jpg,cat,train
data\processed\images_128\dog_04119_pixabay_dog_003377.jpg,dog,train
data\processed\images_128\dog_03627_pixabay_dog_002836.jpg,dog,train
data\processed\images_128\dog_00109_flickr_dog_000121.jpg,dog,train
data\processed\images_128\dog_04561_pixabay_dog_003862.jpg,dog,train
data\processed\images_128\cat_02133_pixabay_cat_001548.jpg,cat,train
data\processed\images_128\cat_02146_pixabay_cat_001561.jpg,cat,train
data\processed\images_128\dog_03568_pixabay_dog_002769.jpg,dog,train
data\processed\images_128\dog_05226_pixabay_dog_003943.jpg,dog,train
data\processed\images_128\cat_03520_pixabay_cat_003052.jpg,cat,train
data\processed\images_128\dog_04025_pixabay_dog_003271.jpg,dog,train
data\processed\images_128\cat_01730_pixabay_cat_001114.jpg,cat,train
data\processed\images_128\cat_04858_pixabay_cat_004506.jpg,cat,train
data\processed\images_128\cat_02355_pixabay_cat_001787.jpg,cat,train
data\processed\images_128\cat_00042_flickr_cat_000047.jpg,cat,train
data\processed\images_128\dog_04016_pixabay_dog_003260.jpg,dog,train
data\processed\images_128\cat_05500_pixabay_cat_003038.jpg,cat,train
data\processed\images_128\cat_04588_pixabay_cat_004214.jpg,cat,train
data\processed\images_128\cat_04530_pixabay_cat_004149.jpg,cat,train
data\processed\images_128\cat_02398_pixabay_cat_001831.jpg,cat,train
data\processed\images_128\dog_03033_pixabay_dog_002185.jpg,dog,train
data\processed\images_128\dog_01014_flickr_dog_001133.jpg,dog,train
data\processed\images_128\cat_02678_pixabay_cat_002130.jpg,cat,train
data\processed\images_128\cat_01172_pixabay_cat_000488.jpg,cat,train
data\processed\images_128\dog_00639_flickr_dog_000710.jpg,dog,train
data\processed\images_128\cat_02627_pixabay_cat_002073.jpg,cat,train
data\processed\images_128\cat_02018_pixabay_cat_001424.jpg,cat,train
data\processed\images_128\dog_01890_pixabay_dog_000931.jpg,dog,train
data\processed\images_128\dog_00391_flickr_dog_000429.jpg,dog,train
data\processed\images_128\cat_00703_flickr_cat_000791.jpg,cat,train
data\processed\images_128\cat_05359_pixabay_cat_001196.jpg,cat,train
data\processed\images_128\cat_01139_pixabay_cat_000453.jpg,cat,train
data\processed\images_128\cat_05484_pixabay_cat_002871.jpg,cat,train
data\processed\images_128\cat_04431_pixabay_cat_004045.jpg,cat,train
data\processed\images_128\cat_04591_pixabay_cat_004218.jpg,cat,train
data\processed\images_128\cat_02023_pixabay_cat_001429.jpg,cat,train
data\processed\images_128\dog_03624_pixabay_dog_002833.jpg,dog,train
data\processed\images_128\cat_01201_pixabay_cat_000522.jpg,cat,train
data\processed\images_128\dog_01688_pixabay_dog_000707.jpg,dog,train
data\processed\images_128\dog_02892_pixabay_dog_002027.jpg,dog,train
data\processed\images_128\cat_03594_pixabay_cat_003128.jpg,cat,train
data\processed\images_128\cat_02778_pixabay_cat_002243.jpg,cat,train
data\processed\images_128\dog_01027_flickr_dog_001146.jpg,dog,train
data\processed\images_128\dog_01704_pixabay_dog_000727.jpg,dog,train
data\processed\images_128\cat_02738_pixabay_cat_002197.jpg,cat,train
data\processed\images_128\dog_03485_pixabay_dog_002679.jpg,dog,train
data\processed\images_128\cat_00835_pixabay_cat_000118.jpg,cat,train
data\processed\images_128\cat_03165_pixabay_cat_002659.jpg,cat,train
data\processed\images_128\cat_00480_flickr_cat_000540.jpg,cat,train
data\processed\images_128\dog_01664_pixabay_dog_000682.jpg,dog,train
data\processed\images_128\dog_03431_pixabay_dog_002621.jpg,dog,train
data\processed\images_128\cat_02353_pixabay_cat_001784.jpg,cat,train
data\processed\images_128\dog_03087_pixabay_dog_002246.jpg,dog,train
data\processed\images_128\dog_01855_pixabay_dog_000894.jpg,dog,train
data\processed\images_128\cat_00230_flickr_cat_000263.jpg,cat,train
data\processed\images_128\dog_03432_pixabay_dog_002622.jpg,dog,train
data\processed\images_128\dog_03032_pixabay_dog_002184.jpg,dog,train
data\processed\images_128\cat_04739_pixabay_cat_004377.jpg,cat,train
data\processed\images_128\dog_02855_pixabay_dog_001989.jpg,dog,train
data\processed\images_128\dog_02230_pixabay_dog_001306.jpg,dog,train
data\processed\images_128\dog_04801_flickr_dog_000658.jpg,dog,train
data\processed\images_128\dog_01810_pixabay_dog_000846.jpg,dog,train
data\processed\images_128\cat_01334_pixabay_cat_000671.jpg,cat,train
data\processed\images_128\cat_04309_pixabay_cat_003913.jpg,cat,train
data\processed\images_128\dog_04541_pixabay_dog_003841.jpg,dog,train
data\processed\images_128\cat_04623_pixabay_cat_004252.jpg,cat,train
data\processed\images_128\cat_02112_pixabay_cat_001526.jpg,cat,train
data\processed\images_128\dog_03703_pixabay_dog_002922.jpg,dog,train
data\processed\images_128\cat_01608_pixabay_cat_000976.jpg,cat,train
data\processed\images_128\cat_00118_flickr_cat_000129.jpg,cat,train
data\processed\images_128\cat_00402_flickr_cat_000454.jpg,cat,train
data\processed\images_128\dog_02644_pixabay_dog_001757.jpg,dog,train
data\processed\images_128\cat_03476_pixabay_cat_003003.jpg,cat,train
data\processed\images_128\cat_00762_pixabay_cat_000035.jpg,cat,train
data\processed\images_128\dog_00632_flickr_dog_000702.jpg,dog,train
data\processed\images_128\dog_02245_pixabay_dog_001321.jpg,dog,train
data\processed\images_128\dog_03170_pixabay_dog_002337.jpg,dog,train
data\processed\images_128\cat_01831_pixabay_cat_001222.jpg,cat,train
data\processed\images_128\dog_03833_pixabay_dog_003059.jpg,dog,train
data\processed\images_128\dog_00519_flickr_dog_000571.jpg,dog,train
data\processed\images_128\dog_05194_pixabay_dog_003528.jpg,dog,train
data\processed\images_128\dog_01457_pixabay_dog_000441.jpg,dog,train
data\processed\images_128\cat_00296_flickr_cat_000336.jpg,cat,train
data\processed\images_128\cat_03337_pixabay_cat_002847.jpg,cat,train
data\processed\images_128\dog_00741_flickr_dog_000828.jpg,dog,train
data\processed\images_128\cat_00242_flickr_cat_000276.jpg,cat,train
data\processed\images_128\dog_01967_pixabay_dog_001013.jpg,dog,train
data\processed\images_128\cat_03858_pixabay_cat_003414.jpg,cat,train
data\processed\images_128\cat_00731_pixabay_cat_000002.jpg,cat,train
data\processed\images_128\dog_01108_pixabay_dog_000052.jpg,dog,train
data\processed\images_128\cat_03999_pixabay_cat_003570.jpg,cat,train
data\processed\images_128\dog_01808_pixabay_dog_000843.jpg,dog,train
data\processed\images_128\cat_02874_pixabay_cat_002349.jpg,cat,train
data\processed\images_128\cat_02820_pixabay_cat_002288.jpg,cat,train
data\processed\images_128\dog_01819_pixabay_dog_000856.jpg,dog,train
data\processed\images_128\dog_04156_pixabay_dog_003419.jpg,dog,train
data\processed\images_128\dog_04955_pixabay_dog_000848.jpg,dog,train
data\processed\images_128\cat_04922_pixabay_cat_004577.jpg,cat,train
data\processed\images_128\cat_03098_pixabay_cat_002590.jpg,cat,train
data\processed\images_128\cat_00848_pixabay_cat_000132.jpg,cat,train
data\processed\images_128\dog_01200_pixabay_dog_000151.jpg,dog,train
data\processed\images_128\dog_05100_pixabay_dog_002544.jpg,dog,train
data\processed\images_128\cat_04716_pixabay_cat_004352.jpg,cat,train
data\processed\images_128\dog_00022_flickr_dog_000024.jpg,dog,train
data\processed\images_128\dog_04838_flickr_dog_000999.jpg,dog,train
data\processed\images_128\dog_00179_flickr_dog_000197.jpg,dog,train
data\processed\images_128\dog_03036_pixabay_dog_002188.jpg,dog,train
data\processed\images_128\cat_02009_pixabay_cat_001415.jpg,cat,train
data\processed\images_128\cat_01060_pixabay_cat_000367.jpg,cat,train
data\processed\images_128\cat_00872_pixabay_cat_000158.jpg,cat,train
data\processed\images_128\dog_04827_flickr_dog_000849.jpg,dog,train
data\processed\images_128\dog_02822_pixabay_dog_001951.jpg,dog,train
data\processed\images_128\cat_02412_pixabay_cat_001845.jpg,cat,train
data\processed\images_128\cat_00553_flickr_cat_000624.jpg,cat,train
data\processed\images_128\dog_00419_flickr_dog_000459.jpg,dog,train
data\processed\images_128\dog_01040_flickr_dog_001159.jpg,dog,train
data\processed\images_128\dog_01736_pixabay_dog_000761.jpg,dog,train
data\processed\images_128\cat_01043_pixabay_cat_000348.jpg,cat,train
data\processed\images_128\dog_02758_pixabay_dog_001878.jpg,dog,train
data\processed\images_128\cat_04912_pixabay_cat_004567.jpg,cat,train
data\processed\images_128\dog_01215_pixabay_dog_000168.jpg,dog,train
data\processed\images_128\cat_00640_flickr_cat_000721.jpg,cat,train
data\processed\images_128\cat_01739_pixabay_cat_001123.jpg,cat,train
data\processed\images_128\dog_00462_flickr_dog_000507.jpg,dog,train
data\processed\images_128\dog_02818_pixabay_dog_001947.jpg,dog,train
data\processed\images_128\dog_02033_pixabay_dog_001091.jpg,dog,train
data\processed\images_128\cat_03346_pixabay_cat_002856.jpg,cat,train
data\processed\images_128\cat_00841_pixabay_cat_000124.jpg,cat,train
data\processed\images_128\dog_00984_flickr_dog_001101.jpg,dog,train
data\processed\images_128\cat_05546_pixabay_cat_003613.jpg,cat,train
data\processed\images_128\dog_04024_pixabay_dog_003270.jpg,dog,train
data\processed\images_128\dog_02108_pixabay_dog_001172.jpg,dog,train
data\processed\images_128\cat_00138_flickr_cat_000150.jpg,cat,train
data\processed\images_128\dog_02744_pixabay_dog_001864.jpg,dog,train
data\processed\images_128\dog_01340_pixabay_dog_000309.jpg,dog,train
data\processed\images_128\dog_03877_pixabay_dog_003108.jpg,dog,train
data\processed\images_128\cat_01422_pixabay_cat_000769.jpg,cat,train
data\processed\images_128\dog_00923_flickr_dog_001029.jpg,dog,train
data\processed\images_128\dog_05109_pixabay_dog_002625.jpg,dog,train
data\processed\images_128\dog_00176_flickr_dog_000194.jpg,dog,train
data\processed\images_128\dog_02289_pixabay_dog_001372.jpg,dog,train
data\processed\images_128\dog_05104_pixabay_dog_002567.jpg,dog,train
data\processed\images_128\dog_04828_flickr_dog_000854.jpg,dog,train
data\processed\images_128\cat_00450_flickr_cat_000503.jpg,cat,train
data\processed\images_128\cat_00955_pixabay_cat_000250.jpg,cat,train
data\processed\images_128\cat_01013_pixabay_cat_000313.jpg,cat,train
data\processed\images_128\cat_00587_flickr_cat_000664.jpg,cat,train
data\processed\images_128\cat_00860_pixabay_cat_000144.jpg,cat,train
data\processed\images_128\dog_05199_pixabay_dog_003574.jpg,dog,train
data\processed\images_128\dog_02906_pixabay_dog_002045.jpg,dog,train
data\processed\images_128\cat_00268_flickr_cat_000305.jpg,cat,train
data\processed\images_128\dog_02519_pixabay_dog_001624.jpg,dog,train
data\processed\images_128\cat_03549_pixabay_cat_003082.jpg,cat,train
data\processed\images_128\dog_01435_pixabay_dog_000419.jpg,dog,train
data\processed\images_128\cat_01721_pixabay_cat_001104.jpg,cat,train
data\processed\images_128\cat_03350_pixabay_cat_002861.jpg,cat,train
data\processed\images_128\dog_03437_pixabay_dog_002628.jpg,dog,train
data\processed\images_128\cat_01753_pixabay_cat_001137.jpg,cat,train
data\processed\images_128\dog_02956_pixabay_dog_002097.jpg,dog,train
data\processed\images_128\cat_00514_flickr_cat_000579.jpg,cat,train
data\processed\images_128\dog_03370_pixabay_dog_002553.jpg,dog,train
data\processed\images_128\cat_04539_pixabay_cat_004158.jpg,cat,train
data\processed\images_128\cat_03626_pixabay_cat_003163.jpg,cat,train
data\processed\images_128\cat_04274_pixabay_cat_003871.jpg,cat,train
data\processed\images_128\cat_04243_pixabay_cat_003838.jpg,cat,train
data\processed\images_128\dog_01602_pixabay_dog_000614.jpg,dog,train
data\processed\images_128\dog_03230_pixabay_dog_002401.jpg,dog,train
data\processed\images_128\dog_03452_pixabay_dog_002643.jpg,dog,train
data\processed\images_128\cat_05055_pixabay_cat_004726.jpg,cat,train
data\processed\images_128\cat_00017_flickr_cat_000022.jpg,cat,train
data\processed\images_128\cat_00163_flickr_cat_000186.jpg,cat,train
data\processed\images_128\cat_01683_pixabay_cat_001060.jpg,cat,train
data\processed\images_128\cat_05025_pixabay_cat_004696.jpg,cat,train
data\processed\images_128\cat_03582_pixabay_cat_003115.jpg,cat,train
data\processed\images_128\dog_00203_flickr_dog_000227.jpg,dog,train
data\processed\images_128\dog_04765_flickr_dog_000258.jpg,dog,train
data\processed\images_128\dog_04593_pixabay_dog_003896.jpg,dog,train
data\processed\images_128\cat_01142_pixabay_cat_000456.jpg,cat,train
data\processed\images_128\cat_04640_pixabay_cat_004270.jpg,cat,train
data\processed\images_128\dog_05003_pixabay_dog_001375.jpg,dog,train
data\processed\images_128\cat_02326_pixabay_cat_001757.jpg,cat,train
data\processed\images_128\cat_05260_pixabay_cat_000181.jpg,cat,train
data\processed\images_128\dog_01237_pixabay_dog_000193.jpg,dog,train
data\processed\images_128\cat_04489_pixabay_cat_004107.jpg,cat,train
data\processed\images_128\dog_01706_pixabay_dog_000729.jpg,dog,train
data\processed\images_128\cat_02549_pixabay_cat_001989.jpg,cat,train
data\processed\images_128\dog_04745_flickr_dog_000094.jpg,dog,train
data\processed\images_128\cat_01033_pixabay_cat_000336.jpg,cat,train
data\processed\images_128\dog_00557_flickr_dog_000614.jpg,dog,train
data\processed\images_128\dog_04580_pixabay_dog_003881.jpg,dog,train
data\processed\images_128\cat_02711_pixabay_cat_002169.jpg,cat,train
data\processed\images_128\cat_02323_pixabay_cat_001754.jpg,cat,train
data\processed\images_128\cat_04399_pixabay_cat_004008.jpg,cat,train
data\processed\images_128\cat_00174_flickr_cat_000198.jpg,cat,train
data\processed\images_128\dog_01662_pixabay_dog_000680.jpg,dog,train
data\processed\images_128\dog_01332_pixabay_dog_000299.jpg,dog,train
data\processed\images_128\dog_02922_pixabay_dog_002061.jpg,dog,train
data\processed\images_128\dog_00968_flickr_dog_001082.jpg,dog,train
data\processed\images_128\cat_05453_pixabay_cat_002462.jpg,cat,train
data\processed\images_128\dog_04969_pixabay_dog_001043.jpg,dog,train
data\processed\images_128\cat_05156_flickr_cat_000056.jpg,cat,train
data\processed\images_128\dog_03584_pixabay_dog_002789.jpg,dog,train
data\processed\images_128\cat_00075_flickr_cat_000083.jpg,cat,train
data\processed\images_128\cat_03305_pixabay_cat_002812.jpg,cat,train
data\processed\images_128\cat_01988_pixabay_cat_001393.jpg,cat,train
data\processed\images_128\cat_03948_pixabay_cat_003514.jpg,cat,train
data\processed\images_128\dog_04344_pixabay_dog_003626.jpg,dog,train
data\processed\images_128\dog_01126_pixabay_dog_000071.jpg,dog,train
data\processed\images_128\dog_03804_pixabay_dog_003030.jpg,dog,train
data\processed\images_128\dog_01481_pixabay_dog_000470.jpg,dog,train
data\processed\images_128\cat_04810_pixabay_cat_004453.jpg,cat,train
data\processed\images_128\dog_01593_pixabay_dog_000603.jpg,dog,train
data\processed\images_128\dog_04824_flickr_dog_000835.jpg,dog,train
data\processed\images_128\cat_01064_pixabay_cat_000371.jpg,cat,train
data\processed\images_128\cat_01010_pixabay_cat_000310.jpg,cat,train
data\processed\images_128\cat_01348_pixabay_cat_000685.jpg,cat,train
data\processed\images_128\cat_04482_pixabay_cat_004098.jpg,cat,train
data\processed\images_128\cat_00237_flickr_cat_000271.jpg,cat,train
data\processed\images_128\cat_03191_pixabay_cat_002688.jpg,cat,train
data\processed\images_128\cat_02182_pixabay_cat_001598.jpg,cat,train
data\processed\images_128\cat_04147_pixabay_cat_003731.jpg,cat,train
data\processed\images_128\dog_05235_pixabay_dog_004006.jpg,dog,train
data\processed\images_128\dog_03965_pixabay_dog_003205.jpg,dog,train
data\processed\images_128\dog_05031_pixabay_dog_001735.jpg,dog,train
data\processed\images_128\cat_00836_pixabay_cat_000119.jpg,cat,train
data\processed\images_128\cat_01147_pixabay_cat_000462.jpg,cat,train
data\processed\images_128\dog_05001_pixabay_dog_001370.jpg,dog,train
data\processed\images_128\dog_02947_pixabay_dog_002088.jpg,dog,train
data\processed\images_128\dog_02003_pixabay_dog_001054.jpg,dog,train
data\processed\images_128\cat_01865_pixabay_cat_001256.jpg,cat,train
data\processed\images_128\cat_05375_pixabay_cat_001390.jpg,cat,train
data\processed\images_128\cat_05555_pixabay_cat_003734.jpg,cat,train
data\processed\images_128\dog_00995_flickr_dog_001112.jpg,dog,train
data\processed\images_128\cat_02390_pixabay_cat_001823.jpg,cat,train
data\processed\images_128\cat_05471_pixabay_cat_002712.jpg,cat,train
data\processed\images_128\cat_02675_pixabay_cat_002125.jpg,cat,train
data\processed\images_128\cat_02057_pixabay_cat_001469.jpg,cat,train
data\processed\images_128\dog_02357_pixabay_dog_001447.jpg,dog,train
data\processed\images_128\dog_04204_pixabay_dog_003472.jpg,dog,train
data\processed\images_128\dog_00286_flickr_dog_000318.jpg,dog,train
data\processed\images_128\cat_00808_pixabay_cat_000087.jpg,cat,train
data\processed\images_128\dog_02525_pixabay_dog_001630.jpg,dog,train
data\processed\images_128\dog_00498_flickr_dog_000546.jpg,dog,train
data\processed\images_128\dog_04709_pixabay_dog_004027.jpg,dog,train
data\processed\images_128\dog_02605_pixabay_dog_001717.jpg,dog,train
data\processed\images_128\dog_03232_pixabay_dog_002404.jpg,dog,train
data\processed\images_128\dog_04640_pixabay_dog_003949.jpg,dog,train
data\processed\images_128\cat_04683_pixabay_cat_004316.jpg,cat,train
data\processed\images_128\cat_00092_flickr_cat_000101.jpg,cat,train
data\processed\images_128\cat_05236_flickr_cat_000761.jpg,cat,train
data\processed\images_128\cat_01979_pixabay_cat_001382.jpg,cat,train
data\processed\images_128\dog_02976_pixabay_dog_002118.jpg,dog,train
data\processed\images_128\cat_03464_pixabay_cat_002987.jpg,cat,train
data\processed\images_128\cat_04541_pixabay_cat_004160.jpg,cat,train
data\processed\images_128\dog_04080_pixabay_dog_003330.jpg,dog,train
data\processed\images_128\dog_00951_flickr_dog_001062.jpg,dog,train
data\processed\images_128\cat_04336_pixabay_cat_003942.jpg,cat,train
data\processed\images_128\cat_02453_pixabay_cat_001887.jpg,cat,train
data\processed\images_128\cat_04749_pixabay_cat_004388.jpg,cat,train
data\processed\images_128\dog_02820_pixabay_dog_001949.jpg,dog,train
data\processed\images_128\cat_00517_flickr_cat_000582.jpg,cat,train
data\processed\images_128\dog_01170_pixabay_dog_000118.jpg,dog,train
data\processed\images_128\cat_04314_pixabay_cat_003918.jpg,cat,train
data\processed\images_128\cat_04320_pixabay_cat_003925.jpg,cat,train
data\processed\images_128\cat_05609_pixabay_cat_004379.jpg,cat,train
data\processed\images_128\cat_04232_pixabay_cat_003827.jpg,cat,train
data\processed\images_128\cat_03853_pixabay_cat_003408.jpg,cat,train
data\processed\images_128\cat_04423_pixabay_cat_004035.jpg,cat,train
data\processed\images_128\dog_00687_flickr_dog_000763.jpg,dog,train
data\processed\images_128\cat_04095_pixabay_cat_003672.jpg,cat,train
data\processed\images_128\dog_03734_pixabay_dog_002955.jpg,dog,train
data\processed\images_128\cat_00238_flickr_cat_000272.jpg,cat,train
data\processed\images_128\dog_03822_pixabay_dog_003048.jpg,dog,train
data\processed\images_128\cat_00357_flickr_cat_000404.jpg,cat,train
data\processed\images_128\cat_05211_flickr_cat_000554.jpg,cat,train
data\processed\images_128\cat_00171_flickr_cat_000195.jpg,cat,train
data\processed\images_128\cat_01926_pixabay_cat_001322.jpg,cat,train
data\processed\images_128\dog_01095_pixabay_dog_000036.jpg,dog,train
data\processed\images_128\dog_04370_pixabay_dog_003653.jpg,dog,train
data\processed\images_128\cat_03489_pixabay_cat_003017.jpg,cat,train
data\processed\images_128\cat_04079_pixabay_cat_003656.jpg,cat,train
data\processed\images_128\cat_00386_flickr_cat_000435.jpg,cat,train
data\processed\images_128\cat_05374_pixabay_cat_001385.jpg,cat,train
data\processed\images_128\dog_02074_pixabay_dog_001134.jpg,dog,train
data\processed\images_128\cat_00646_flickr_cat_000727.jpg,cat,train
data\processed\images_128\dog_02262_pixabay_dog_001338.jpg,dog,train
data\processed\images_128\cat_01052_pixabay_cat_000359.jpg,cat,train
data\processed\images_128\cat_00721_flickr_cat_000810.jpg,cat,train
data\processed\images_128\cat_00399_flickr_cat_000451.jpg,cat,train
data\processed\images_128\dog_00777_flickr_dog_000870.jpg,dog,train
data\processed\images_128\dog_04050_pixabay_dog_003297.jpg,dog,train
data\processed\images_128\cat_04120_pixabay_cat_003699.jpg,cat,train
data\processed\images_128\dog_03153_pixabay_dog_002318.jpg,dog,train
data\processed\images_128\dog_03913_pixabay_dog_003147.jpg,dog,train
data\processed\images_128\cat_01915_pixabay_cat_001311.jpg,cat,train
data\processed\images_128\cat_01429_pixabay_cat_000776.jpg,cat,train
data\processed\images_128\cat_04437_pixabay_cat_004051.jpg,cat,train
data\processed\images_128\dog_04198_pixabay_dog_003464.jpg,dog,train
data\processed\images_128\dog_01773_pixabay_dog_000804.jpg,dog,train
data\processed\images_128\dog_03039_pixabay_dog_002191.jpg,dog,train
data\processed\images_128\dog_03973_pixabay_dog_003213.jpg,dog,train
data\processed\images_128\dog_04963_pixabay_dog_000971.jpg,dog,train
data\processed\images_128\cat_03875_pixabay_cat_003433.jpg,cat,train
data\processed\images_128\cat_02221_pixabay_cat_001642.jpg,cat,train
data\processed\images_128\dog_00638_flickr_dog_000709.jpg,dog,train
data\processed\images_128\cat_02448_pixabay_cat_001882.jpg,cat,train
data\processed\images_128\dog_02489_pixabay_dog_001593.jpg,dog,train
data\processed\images_128\cat_01621_pixabay_cat_000993.jpg,cat,train
data\processed\images_128\dog_03117_pixabay_dog_002276.jpg,dog,train
data\processed\images_128\cat_04138_pixabay_cat_003720.jpg,cat,train
data\processed\images_128\dog_04425_pixabay_dog_003715.jpg,dog,train
data\processed\images_128\dog_03648_pixabay_dog_002861.jpg,dog,train
data\processed\images_128\cat_02851_pixabay_cat_002323.jpg,cat,train
data\processed\images_128\dog_02775_pixabay_dog_001896.jpg,dog,train
data\processed\images_128\cat_02978_pixabay_cat_002460.jpg,cat,train
data\processed\images_128\cat_04413_pixabay_cat_004024.jpg,cat,train
data\processed\images_128\cat_02190_pixabay_cat_001608.jpg,cat,train
data\processed\images_128\cat_01885_pixabay_cat_001278.jpg,cat,train
data\processed\images_128\cat_04566_pixabay_cat_004192.jpg,cat,train
data\processed\images_128\cat_04295_pixabay_cat_003895.jpg,cat,train
data\processed\images_128\dog_01270_pixabay_dog_000229.jpg,dog,train
data\processed\images_128\cat_03002_pixabay_cat_002489.jpg,cat,train
data\processed\images_128\cat_03423_pixabay_cat_002944.jpg,cat,train
data\processed\images_128\dog_00927_flickr_dog_001033.jpg,dog,train
data\processed\images_128\dog_01923_pixabay_dog_000967.jpg,dog,train
data\processed\images_128\cat_02802_pixabay_cat_002270.jpg,cat,train
data\processed\images_128\dog_04007_pixabay_dog_003249.jpg,dog,train
data\processed\images_128\dog_02507_pixabay_dog_001612.jpg,dog,train
data\processed\images_128\dog_02697_pixabay_dog_001813.jpg,dog,train
data\processed\images_128\dog_05228_pixabay_dog_003975.jpg,dog,train
data\processed\images_128\cat_02595_pixabay_cat_002040.jpg,cat,train
data\processed\images_128\dog_04564_pixabay_dog_003865.jpg,dog,train
data\processed\images_128\cat_01585_pixabay_cat_000952.jpg,cat,train
data\processed\images_128\dog_01949_pixabay_dog_000995.jpg,dog,train
data\processed\images_128\dog_00479_flickr_dog_000525.jpg,dog,train
data\processed\images_128\dog_00963_flickr_dog_001077.jpg,dog,train
data\processed\images_128\cat_04151_pixabay_cat_003736.jpg,cat,train
data\processed\images_128\cat_01283_pixabay_cat_000611.jpg,cat,train
data\processed\images_128\cat_01095_pixabay_cat_000406.jpg,cat,train
data\processed\images_128\cat_02024_pixabay_cat_001430.jpg,cat,train
data\processed\images_128\cat_03465_pixabay_cat_002988.jpg,cat,train
data\processed\images_128\dog_03378_pixabay_dog_002562.jpg,dog,train
data\processed\images_128\cat_00947_pixabay_cat_000240.jpg,cat,train
data\processed\images_128\cat_01870_pixabay_cat_001261.jpg,cat,train
data\processed\images_128\cat_00870_pixabay_cat_000156.jpg,cat,train
data\processed\images_128\cat_02611_pixabay_cat_002056.jpg,cat,train
data\processed\images_128\cat_01969_pixabay_cat_001372.jpg,cat,train
data\processed\images_128\cat_04575_pixabay_cat_004201.jpg,cat,train
data\processed\images_128\dog_00705_flickr_dog_000786.jpg,dog,train
data\processed\images_128\cat_01357_pixabay_cat_000694.jpg,cat,train
data\processed\images_128\cat_04236_pixabay_cat_003831.jpg,cat,train
data\processed\images_128\cat_00799_pixabay_cat_000077.jpg,cat,train
data\processed\images_128\dog_01392_pixabay_dog_000370.jpg,dog,train
data\processed\images_128\dog_01184_pixabay_dog_000133.jpg,dog,train
data\processed\images_128\cat_01228_pixabay_cat_000553.jpg,cat,train
data\processed\images_128\dog_02891_pixabay_dog_002026.jpg,dog,train
data\processed\images_128\cat_00750_pixabay_cat_000023.jpg,cat,train
data\processed\images_128\cat_03924_pixabay_cat_003488.jpg,cat,train
data\processed\images_128\cat_04202_pixabay_cat_003793.jpg,cat,train
data\processed\images_128\dog_00301_flickr_dog_000335.jpg,dog,train
data\processed\images_128\cat_01185_pixabay_cat_000503.jpg,cat,train
data\processed\images_128\dog_00750_flickr_dog_000839.jpg,dog,train
data\processed\images_128\cat_01247_pixabay_cat_000572.jpg,cat,train
data\processed\images_128\dog_02798_pixabay_dog_001925.jpg,dog,train
data\processed\images_128\dog_02451_pixabay_dog_001549.jpg,dog,train
data\processed\images_128\dog_00525_flickr_dog_000579.jpg,dog,train
data\processed\images_128\dog_03980_pixabay_dog_003220.jpg,dog,train
data\processed\images_128\cat_03408_pixabay_cat_002929.jpg,cat,train
data\processed\images_128\dog_04378_pixabay_dog_003662.jpg,dog,train
data\processed\images_128\cat_00378_flickr_cat_000427.jpg,cat,train
data\processed\images_128\cat_03832_pixabay_cat_003386.jpg,cat,train
data\processed\images_128\cat_00213_flickr_cat_000245.jpg,cat,train
data\processed\images_128\cat_04050_pixabay_cat_003627.jpg,cat,train
data\processed\images_128\dog_03788_pixabay_dog_003014.jpg,dog,train
data\processed\images_128\dog_00014_flickr_dog_000016.jpg,dog,train
data\processed\images_128\cat_01810_pixabay_cat_001199.jpg,cat,train
data\processed\images_128\dog_00415_flickr_dog_000455.jpg,dog,train
data\processed\images_128\dog_03103_pixabay_dog_002262.jpg,dog,train
data\processed\images_128\cat_01291_pixabay_cat_000620.jpg,cat,train
data\processed\images_128\dog_02931_pixabay_dog_002072.jpg,dog,train
data\processed\images_128\dog_03409_pixabay_dog_002596.jpg,dog,train
data\processed\images_128\cat_04874_pixabay_cat_004525.jpg,cat,train
data\processed\images_128\cat_04532_pixabay_cat_004151.jpg,cat,train
data\processed\images_128\dog_01540_pixabay_dog_000544.jpg,dog,train
data\processed\images_128\dog_03509_pixabay_dog_002706.jpg,dog,train
data\processed\images_128\dog_02047_pixabay_dog_001106.jpg,dog,train
data\processed\images_128\dog_04248_pixabay_dog_003523.jpg,dog,train
data\processed\images_128\cat_00569_flickr_cat_000644.jpg,cat,train
data\processed\images_128\dog_03644_pixabay_dog_002856.jpg,dog,train
data\processed\images_128\dog_02887_pixabay_dog_002022.jpg,dog,train
data\processed\images_128\dog_02031_pixabay_dog_001089.jpg,dog,train
data\processed\images_128\dog_04777_flickr_dog_000467.jpg,dog,train
data\processed\images_128\dog_00924_flickr_dog_001030.jpg,dog,train
data\processed\images_128\cat_04288_pixabay_cat_003887.jpg,cat,train
data\processed\images_128\dog_01219_pixabay_dog_000172.jpg,dog,train
data\processed\images_128\cat_01383_pixabay_cat_000723.jpg,cat,train
data\processed\images_128\dog_02274_pixabay_dog_001353.jpg,dog,train
data\processed\images_128\dog_00650_flickr_dog_000724.jpg,dog,train
data\processed\images_128\cat_01611_pixabay_cat_000979.jpg,cat,train
data\processed\images_128\cat_02443_pixabay_cat_001877.jpg,cat,train
data\processed\images_128\dog_01229_pixabay_dog_000183.jpg,dog,train
data\processed\images_128\cat_02222_pixabay_cat_001644.jpg,cat,train
data\processed\images_128\cat_05474_pixabay_cat_002773.jpg,cat,train
data\processed\images_128\cat_05022_pixabay_cat_004692.jpg,cat,train
data\processed\images_128\cat_03519_pixabay_cat_003051.jpg,cat,train
data\processed\images_128\cat_00441_flickr_cat_000493.jpg,cat,train
data\processed\images_128\cat_05189_flickr_cat_000314.jpg,cat,train
data\processed\images_128\cat_05483_pixabay_cat_002865.jpg,cat,train
data\processed\images_128\dog_03598_pixabay_dog_002806.jpg,dog,train
data\processed\images_128\dog_02791_pixabay_dog_001916.jpg,dog,train
data\processed\images_128\dog_00347_flickr_dog_000384.jpg,dog,train
data\processed\images_128\cat_00414_flickr_cat_000466.jpg,cat,train
data\processed\images_128\cat_00954_pixabay_cat_000249.jpg,cat,train
data\processed\images_128\dog_04405_pixabay_dog_003692.jpg,dog,train
data\processed\images_128\cat_05607_pixabay_cat_004358.jpg,cat,train
data\processed\images_128\dog_03785_pixabay_dog_003011.jpg,dog,train
data\processed\images_128\dog_03045_pixabay_dog_002198.jpg,dog,train
data\processed\images_128\cat_03041_pixabay_cat_002529.jpg,cat,train
data\processed\images_128\dog_02589_pixabay_dog_001699.jpg,dog,train
data\processed\images_128\dog_00785_flickr_dog_000878.jpg,dog,train
data\processed\images_128\dog_05165_pixabay_dog_003293.jpg,dog,train
data\processed\images_128\cat_03410_pixabay_cat_002931.jpg,cat,train
data\processed\images_128\cat_04170_pixabay_cat_003760.jpg,cat,train
data\processed\images_128\dog_04348_pixabay_dog_003630.jpg,dog,train
data\processed\images_128\dog_03263_pixabay_dog_002437.jpg,dog,train
data\processed\images_128\cat_00057_flickr_cat_000063.jpg,cat,train
data\processed\images_128\cat_05225_flickr_cat_000637.jpg,cat,train
data\processed\images_128\dog_04092_pixabay_dog_003344.jpg,dog,train
data\processed\images_128\cat_04156_pixabay_cat_003741.jpg,cat,train
data\processed\images_128\cat_05137_pixabay_cat_004817.jpg,cat,train
data\processed\images_128\dog_01304_pixabay_dog_000267.jpg,dog,train
data\processed\images_128\dog_02752_pixabay_dog_001872.jpg,dog,train
data\processed\images_128\cat_04951_pixabay_cat_004612.jpg,cat,train
data\processed\images_128\cat_05065_pixabay_cat_004736.jpg,cat,train
data\processed\images_128\cat_00279_flickr_cat_000318.jpg,cat,train
data\processed\images_128\dog_02555_pixabay_dog_001663.jpg,dog,train
data\processed\images_128\dog_03678_pixabay_dog_002893.jpg,dog,train
data\processed\images_128\dog_04173_pixabay_dog_003437.jpg,dog,train
data\processed\images_128\cat_02944_pixabay_cat_002422.jpg,cat,train
data\processed\images_128\dog_01544_pixabay_dog_000548.jpg,dog,train
data\processed\images_128\cat_04731_pixabay_cat_004368.jpg,cat,train
data\processed\images_128\cat_02102_pixabay_cat_001516.jpg,cat,train
data\processed\images_128\cat_03795_pixabay_cat_003344.jpg,cat,train
data\processed\images_128\dog_01276_pixabay_dog_000235.jpg,dog,train
data\processed\images_128\cat_05371_pixabay_cat_001365.jpg,cat,train
data\processed\images_128\cat_04891_pixabay_cat_004544.jpg,cat,train
data\processed\images_128\cat_00686_flickr_cat_000774.jpg,cat,train
data\processed\images_128\cat_01937_pixabay_cat_001334.jpg,cat,train
data\processed\images_128\cat_03106_pixabay_cat_002598.jpg,cat,train
data\processed\images_128\cat_03133_pixabay_cat_002625.jpg,cat,train
data\processed\images_128\cat_02470_pixabay_cat_001905.jpg,cat,train
data\processed\images_128\cat_04821_pixabay_cat_004465.jpg,cat,train
data\processed\images_128\dog_03025_pixabay_dog_002177.jpg,dog,train
data\processed\images_128\cat_03230_pixabay_cat_002732.jpg,cat,train
data\processed\images_128\cat_03264_pixabay_cat_002767.jpg,cat,train
data\processed\images_128\dog_03179_pixabay_dog_002346.jpg,dog,train
data\processed\images_128\cat_02117_pixabay_cat_001531.jpg,cat,train
data\processed\images_128\dog_01048_flickr_dog_001167.jpg,dog,train
data\processed\images_128\cat_03454_pixabay_cat_002976.jpg,cat,train
data\processed\images_128\cat_02163_pixabay_cat_001579.jpg,cat,train
data\processed\images_128\dog_04316_pixabay_dog_003598.jpg,dog,train
data\processed\images_128\dog_02266_pixabay_dog_001343.jpg,dog,train
data\processed\images_128\cat_00584_flickr_cat_000661.jpg,cat,train
data\processed\images_128\dog_04532_pixabay_dog_003832.jpg,dog,train
data\processed\images_128\cat_00411_flickr_cat_000463.jpg,cat,train
data\processed\images_128\dog_02751_pixabay_dog_001871.jpg,dog,train
data\processed\images_128\dog_01831_pixabay_dog_000868.jpg,dog,train
data\processed\images_128\dog_02654_pixabay_dog_001767.jpg,dog,train
data\processed\images_128\dog_02119_pixabay_dog_001183.jpg,dog,train
data\processed\images_128\dog_01737_pixabay_dog_000762.jpg,dog,train
data\processed\images_128\cat_04338_pixabay_cat_003944.jpg,cat,train
data\processed\images_128\dog_04574_pixabay_dog_003875.jpg,dog,train
data\processed\images_128\dog_03488_pixabay_dog_002683.jpg,dog,train
data\processed\images_128\cat_00251_flickr_cat_000286.jpg,cat,train
data\processed\images_128\cat_02800_pixabay_cat_002266.jpg,cat,train
data\processed\images_128\cat_05608_pixabay_cat_004373.jpg,cat,train
data\processed\images_128\cat_02337_pixabay_cat_001768.jpg,cat,train
data\processed\images_128\dog_02067_pixabay_dog_001127.jpg,dog,train
data\processed\images_128\dog_03428_pixabay_dog_002618.jpg,dog,train
data\processed\images_128\dog_04384_pixabay_dog_003670.jpg,dog,train
data\processed\images_128\dog_04459_pixabay_dog_003755.jpg,dog,train
data\processed\images_128\cat_00901_pixabay_cat_000192.jpg,cat,train
data\processed\images_128\dog_03933_pixabay_dog_003169.jpg,dog,train
data\processed\images_128\dog_00640_flickr_dog_000711.jpg,dog,train
data\processed\images_128\cat_02758_pixabay_cat_002221.jpg,cat,train
data\processed\images_128\cat_03630_pixabay_cat_003168.jpg,cat,train
data\processed\images_128\dog_01892_pixabay_dog_000933.jpg,dog,train
data\processed\images_128\cat_02598_pixabay_cat_002043.jpg,cat,train
data\processed\images_128\dog_01507_pixabay_dog_000509.jpg,dog,train
data\processed\images_128\cat_05062_pixabay_cat_004733.jpg,cat,train
data\processed\images_128\cat_04882_pixabay_cat_004533.jpg,cat,train
data\processed\images_128\dog_00037_flickr_dog_000039.jpg,dog,train
data\processed\images_128\cat_02805_pixabay_cat_002273.jpg,cat,train
data\processed\images_128\dog_01109_pixabay_dog_000053.jpg,dog,train
data\processed\images_128\dog_01500_pixabay_dog_000497.jpg,dog,train
data\processed\images_128\cat_03850_pixabay_cat_003405.jpg,cat,train
data\processed\images_128\cat_03981_pixabay_cat_003549.jpg,cat,train
data\processed\images_128\dog_03446_pixabay_dog_002637.jpg,dog,train
data\processed\images_128\cat_02832_pixabay_cat_002301.jpg,cat,train
data\processed\images_128\cat_03644_pixabay_cat_003182.jpg,cat,train
data\processed\images_128\dog_01975_pixabay_dog_001022.jpg,dog,train
data\processed\images_128\cat_03107_pixabay_cat_002599.jpg,cat,train
data\processed\images_128\dog_04034_pixabay_dog_003280.jpg,dog,train
data\processed\images_128\dog_00414_flickr_dog_000453.jpg,dog,train
data\processed\images_128\cat_01516_pixabay_cat_000877.jpg,cat,train
data\processed\images_128\cat_01448_pixabay_cat_000796.jpg,cat,train
data\processed\images_128\cat_01420_pixabay_cat_000767.jpg,cat,train
data\processed\images_128\dog_05066_pixabay_dog_002151.jpg,dog,train
data\processed\images_128\cat_01466_pixabay_cat_000817.jpg,cat,train
data\processed\images_128\dog_01010_flickr_dog_001129.jpg,dog,train
data\processed\images_128\dog_02487_pixabay_dog_001591.jpg,dog,train
data\processed\images_128\cat_00286_flickr_cat_000326.jpg,cat,train
data\processed\images_128\dog_04347_pixabay_dog_003629.jpg,dog,train
data\processed\images_128\dog_00092_flickr_dog_000101.jpg,dog,train
data\processed\images_128\dog_00903_flickr_dog_001006.jpg,dog,train
data\processed\images_128\cat_02399_pixabay_cat_001832.jpg,cat,train
data\processed\images_128\dog_02949_pixabay_dog_002090.jpg,dog,train
data\processed\images_128\cat_04455_pixabay_cat_004070.jpg,cat,train
data\processed\images_128\dog_05059_pixabay_dog_002070.jpg,dog,train
data\processed\images_128\cat_01233_pixabay_cat_000558.jpg,cat,train
data\processed\images_128\cat_00078_flickr_cat_000086.jpg,cat,train
data\processed\images_128\dog_00478_flickr_dog_000524.jpg,dog,train
data\processed\images_128\cat_01239_pixabay_cat_000564.jpg,cat,train
data\processed\images_128\cat_04769_pixabay_cat_004408.jpg,cat,train
data\processed\images_128\cat_03638_pixabay_cat_003176.jpg,cat,train
data\processed\images_128\dog_03147_pixabay_dog_002310.jpg,dog,train
data\processed\images_128\dog_02876_pixabay_dog_002010.jpg,dog,train
data\processed\images_128\cat_00105_flickr_cat_000115.jpg,cat,train
data\processed\images_128\dog_02053_pixabay_dog_001112.jpg,dog,train
data\processed\images_128\cat_03381_pixabay_cat_002898.jpg,cat,train
data\processed\images_128\cat_04469_pixabay_cat_004084.jpg,cat,train
data\processed\images_128\cat_00258_flickr_cat_000295.jpg,cat,train
data\processed\images_128\cat_03917_pixabay_cat_003479.jpg,cat,train
data\processed\images_128\cat_02957_pixabay_cat_002436.jpg,cat,train
data\processed\images_128\cat_05071_pixabay_cat_004742.jpg,cat,train
data\processed\images_128\cat_03500_pixabay_cat_003028.jpg,cat,train
data\processed\images_128\dog_04616_pixabay_dog_003920.jpg,dog,train
data\processed\images_128\cat_03167_pixabay_cat_002663.jpg,cat,train
data\processed\images_128\cat_05312_pixabay_cat_000735.jpg,cat,train
data\processed\images_128\dog_00139_flickr_dog_000152.jpg,dog,train
data\processed\images_128\dog_05122_pixabay_dog_002785.jpg,dog,train
data\processed\images_128\cat_03603_pixabay_cat_003139.jpg,cat,train
data\processed\images_128\cat_02140_pixabay_cat_001555.jpg,cat,train
data\processed\images_128\dog_03457_pixabay_dog_002649.jpg,dog,train
data\processed\images_128\cat_03686_pixabay_cat_003232.jpg,cat,train
data\processed\images_128\dog_02640_pixabay_dog_001753.jpg,dog,train
data\processed\images_128\cat_02573_pixabay_cat_002017.jpg,cat,train
data\processed\images_128\dog_01591_pixabay_dog_000601.jpg,dog,train
data\processed\images_128\dog_01319_pixabay_dog_000285.jpg,dog,train
data\processed\images_128\cat_03418_pixabay_cat_002939.jpg,cat,train
data\processed\images_128\cat_03555_pixabay_cat_003088.jpg,cat,train
data\processed\images_128\dog_01846_pixabay_dog_000884.jpg,dog,train
data\processed\images_128\dog_02510_pixabay_dog_001615.jpg,dog,train
data\processed\images_128\dog_00157_flickr_dog_000172.jpg,dog,train
data\processed\images_128\dog_03795_pixabay_dog_003021.jpg,dog,train
data\processed\images_128\cat_04459_pixabay_cat_004074.jpg,cat,train
data\processed\images_128\dog_01757_pixabay_dog_000784.jpg,dog,train
data\processed\images_128\cat_00911_pixabay_cat_000203.jpg,cat,train
data\processed\images_128\cat_00789_pixabay_cat_000065.jpg,cat,train
data\processed\images_128\dog_01643_pixabay_dog_000660.jpg,dog,train
data\processed\images_128\dog_02171_pixabay_dog_001245.jpg,dog,train
data\processed\images_128\cat_01455_pixabay_cat_000805.jpg,cat,train
data\processed\images_128\dog_04328_pixabay_dog_003610.jpg,dog,train
data\processed\images_128\cat_02119_pixabay_cat_001533.jpg,cat,train
data\processed\images_128\dog_03585_pixabay_dog_002790.jpg,dog,train
data\processed\images_128\cat_01627_pixabay_cat_000999.jpg,cat,train
data\processed\images_128\cat_04164_pixabay_cat_003752.jpg,cat,train
data\processed\images_128\dog_04749_flickr_dog_000141.jpg,dog,train
data\processed\images_128\cat_05436_pixabay_cat_002256.jpg,cat,train
data\processed\images_128\dog_01117_pixabay_dog_000062.jpg,dog,train
data\processed\images_128\dog_03046_pixabay_dog_002200.jpg,dog,train
data\processed\images_128\cat_00891_pixabay_cat_000180.jpg,cat,train
data\processed\images_128\cat_00992_pixabay_cat_000288.jpg,cat,train
data\processed\images_128\cat_04888_pixabay_cat_004539.jpg,cat,train
data\processed\images_128\cat_02694_pixabay_cat_002150.jpg,cat,train
data\processed\images_128\dog_04271_pixabay_dog_003550.jpg,dog,train
data\processed\images_128\dog_00829_flickr_dog_000924.jpg,dog,train
data\processed\images_128\cat_00669_flickr_cat_000753.jpg,cat,train
data\processed\images_128\dog_03899_pixabay_dog_003132.jpg,dog,train
data\processed\images_128\dog_02040_pixabay_dog_001099.jpg,dog,train
data\processed\images_128\dog_00268_flickr_dog_000297.jpg,dog,train
data\processed\images_128\dog_04789_flickr_dog_000572.jpg,dog,train
data\processed\images_128\dog_01595_pixabay_dog_000605.jpg,dog,train
data\processed\images_128\cat_05413_pixabay_cat_001997.jpg,cat,train
data\processed\images_128\dog_00130_flickr_dog_000143.jpg,dog,train
data\processed\images_128\dog_03165_pixabay_dog_002332.jpg,dog,train
data\processed\images_128\cat_02903_pixabay_cat_002378.jpg,cat,train
data\processed\images_128\dog_01060_flickr_dog_001181.jpg,dog,train
data\processed\images_128\cat_01859_pixabay_cat_001250.jpg,cat,train
data\processed\images_128\cat_01307_pixabay_cat_000640.jpg,cat,train
data\processed\images_128\cat_03610_pixabay_cat_003146.jpg,cat,train
data\processed\images_128\cat_01667_pixabay_cat_001043.jpg,cat,train
data\processed\images_128\dog_02445_pixabay_dog_001543.jpg,dog,train
data\processed\images_128\cat_00305_flickr_cat_000346.jpg,cat,train
data\processed\images_128\cat_02150_pixabay_cat_001566.jpg,cat,train
data\processed\images_128\dog_02165_pixabay_dog_001238.jpg,dog,train
data\processed\images_128\cat_03989_pixabay_cat_003558.jpg,cat,train
data\processed\images_128\dog_05071_pixabay_dog_002196.jpg,dog,train
data\processed\images_128\cat_05345_pixabay_cat_001029.jpg,cat,train
data\processed\images_128\dog_01869_pixabay_dog_000908.jpg,dog,train
data\processed\images_128\cat_02193_pixabay_cat_001611.jpg,cat,train
data\processed\images_128\cat_01410_pixabay_cat_000754.jpg,cat,train
data\processed\images_128\cat_03844_pixabay_cat_003399.jpg,cat,train
data\processed\images_128\dog_01557_pixabay_dog_000562.jpg,dog,train
data\processed\images_128\cat_04879_pixabay_cat_004530.jpg,cat,train
data\processed\images_128\dog_02563_pixabay_dog_001671.jpg,dog,train
data\processed\images_128\cat_03682_pixabay_cat_003228.jpg,cat,train
data\processed\images_128\dog_03127_pixabay_dog_002287.jpg,dog,train
data\processed\images_128\cat_00810_pixabay_cat_000089.jpg,cat,train
data\processed\images_128\cat_00732_pixabay_cat_000003.jpg,cat,train
data\processed\images_128\cat_00604_flickr_cat_000682.jpg,cat,train
data\processed\images_128\dog_02662_pixabay_dog_001775.jpg,dog,train
data\processed\images_128\dog_00252_flickr_dog_000281.jpg,dog,train
data\processed\images_128\cat_03994_pixabay_cat_003564.jpg,cat,train
data\processed\images_128\dog_04415_pixabay_dog_003702.jpg,dog,train
data\processed\images_128\dog_03671_pixabay_dog_002886.jpg,dog,train
data\processed\images_128\cat_05016_pixabay_cat_004686.jpg,cat,train
data\processed\images_128\cat_03516_pixabay_cat_003047.jpg,cat,train
data\processed\images_128\dog_03329_pixabay_dog_002507.jpg,dog,train
data\processed\images_128\cat_04814_pixabay_cat_004457.jpg,cat,train
data\processed\images_128\cat_01798_pixabay_cat_001185.jpg,cat,train
data\processed\images_128\cat_03253_pixabay_cat_002756.jpg,cat,train
data\processed\images_128\cat_02237_pixabay_cat_001660.jpg,cat,train
data\processed\images_128\cat_04862_pixabay_cat_004511.jpg,cat,train
data\processed\images_128\dog_04475_pixabay_dog_003773.jpg,dog,train
data\processed\images_128\dog_03510_pixabay_dog_002707.jpg,dog,train
data\processed\images_128\cat_04636_pixabay_cat_004266.jpg,cat,train
data\processed\images_128\dog_02193_pixabay_dog_001267.jpg,dog,train
data\processed\images_128\cat_04472_pixabay_cat_004087.jpg,cat,train
data\processed\images_128\dog_04432_pixabay_dog_003723.jpg,dog,train
data\processed\images_128\cat_00910_pixabay_cat_000201.jpg,cat,train
data\processed\images_128\cat_01218_pixabay_cat_000543.jpg,cat,train
data\processed\images_128\cat_05093_pixabay_cat_004767.jpg,cat,train
data\processed\images_128\cat_01562_pixabay_cat_000927.jpg,cat,train
data\processed\images_128\cat_00675_flickr_cat_000760.jpg,cat,train
data\processed\images_128\cat_02298_pixabay_cat_001728.jpg,cat,train
data\processed\images_128\cat_00884_pixabay_cat_000172.jpg,cat,train
data\processed\images_128\cat_03860_pixabay_cat_003416.jpg,cat,train
data\processed\images_128\cat_05118_pixabay_cat_004796.jpg,cat,train
data\processed\images_128\cat_05590_pixabay_cat_004166.jpg,cat,train
data\processed\images_128\cat_05213_flickr_cat_000560.jpg,cat,train
data\processed\images_128\dog_00570_flickr_dog_000631.jpg,dog,train
data\processed\images_128\dog_02573_pixabay_dog_001681.jpg,dog,train
data\processed\images_128\cat_03147_pixabay_cat_002639.jpg,cat,train
data\processed\images_128\dog_05040_pixabay_dog_001898.jpg,dog,train
data\processed\images_128\dog_04139_pixabay_dog_003400.jpg,dog,train
data\processed\images_128\dog_02457_pixabay_dog_001555.jpg,dog,train
data\processed\images_128\cat_05101_pixabay_cat_004775.jpg,cat,train
data\processed\images_128\cat_00764_pixabay_cat_000038.jpg,cat,train
data\processed\images_128\cat_04603_pixabay_cat_004230.jpg,cat,train
data\processed\images_128\cat_05105_pixabay_cat_004779.jpg,cat,train
data\processed\images_128\cat_03605_pixabay_cat_003141.jpg,cat,train
data\processed\images_128\dog_00541_flickr_dog_000597.jpg,dog,train
data\processed\images_128\cat_02134_pixabay_cat_001549.jpg,cat,train
data\processed\images_128\cat_04180_pixabay_cat_003770.jpg,cat,train
data\processed\images_128\cat_04878_pixabay_cat_004529.jpg,cat,train
data\processed\images_128\dog_01560_pixabay_dog_000566.jpg,dog,train
data\processed\images_128\cat_01785_pixabay_cat_001171.jpg,cat,train
data\processed\images_128\cat_04155_pixabay_cat_003740.jpg,cat,train
data\processed\images_128\cat_00060_flickr_cat_000066.jpg,cat,train
data\processed\images_128\dog_05023_pixabay_dog_001609.jpg,dog,train
data\processed\images_128\cat_01600_pixabay_cat_000967.jpg,cat,train
data\processed\images_128\cat_02556_pixabay_cat_001999.jpg,cat,train
data\processed\images_128\cat_00708_flickr_cat_000796.jpg,cat,train
data\processed\images_128\dog_04436_pixabay_dog_003729.jpg,dog,train
data\processed\images_128\cat_01438_pixabay_cat_000785.jpg,cat,train
data\processed\images_128\cat_05171_flickr_cat_000182.jpg,cat,train
data\processed\images_128\cat_03517_pixabay_cat_003049.jpg,cat,train
data\processed\images_128\dog_01920_pixabay_dog_000964.jpg,dog,train
data\processed\images_128\dog_03099_pixabay_dog_002258.jpg,dog,train
data\processed\images_128\cat_04926_pixabay_cat_004581.jpg,cat,train
data\processed\images_128\dog_05068_pixabay_dog_002157.jpg,dog,train
data\processed\images_128\cat_02093_pixabay_cat_001507.jpg,cat,train
data\processed\images_128\cat_00465_flickr_cat_000519.jpg,cat,train
data\processed\images_128\cat_02233_pixabay_cat_001656.jpg,cat,train
data\processed\images_128\dog_01845_pixabay_dog_000883.jpg,dog,train
data\processed\images_128\dog_00727_flickr_dog_000810.jpg,dog,train
data\processed\images_128\dog_00841_flickr_dog_000937.jpg,dog,train
data\processed\images_128\cat_02735_pixabay_cat_002194.jpg,cat,train
data\processed\images_128\cat_05056_pixabay_cat_004727.jpg,cat,train
data\processed\images_128\dog_04372_pixabay_dog_003655.jpg,dog,train
data\processed\images_128\dog_02989_pixabay_dog_002134.jpg,dog,train
data\processed\images_128\cat_00148_flickr_cat_000161.jpg,cat,train
data\processed\images_128\dog_03040_pixabay_dog_002192.jpg,dog,train
data\processed\images_128\dog_03754_pixabay_dog_002977.jpg,dog,train
data\processed\images_128\dog_01821_pixabay_dog_000858.jpg,dog,train
data\processed\images_128\cat_05508_pixabay_cat_003165.jpg,cat,train
data\processed\images_128\dog_00239_flickr_dog_000268.jpg,dog,train
data\processed\images_128\cat_03672_pixabay_cat_003217.jpg,cat,train
data\processed\images_128\dog_03763_pixabay_dog_002987.jpg,dog,train
data\processed\images_128\cat_03325_pixabay_cat_002834.jpg,cat,train
data\processed\images_128\dog_05096_pixabay_dog_002492.jpg,dog,train
data\processed\images_128\dog_02085_pixabay_dog_001146.jpg,dog,train
data\processed\images_128\cat_02816_pixabay_cat_002284.jpg,cat,train
data\processed\images_128\dog_02804_pixabay_dog_001933.jpg,dog,train
data\processed\images_128\cat_04061_pixabay_cat_003638.jpg,cat,train
data\processed\images_128\cat_04724_pixabay_cat_004361.jpg,cat,train
data\processed\images_128\cat_00223_flickr_cat_000256.jpg,cat,train
data\processed\images_128\dog_02490_pixabay_dog_001594.jpg,dog,train
data\processed\images_128\cat_05490_pixabay_cat_002927.jpg,cat,train
data\processed\images_128\cat_01514_pixabay_cat_000874.jpg,cat,train
data\processed\images_128\dog_02581_pixabay_dog_001691.jpg,dog,train
data\processed\images_128\dog_01135_pixabay_dog_000080.jpg,dog,train
data\processed\images_128\dog_04217_pixabay_dog_003487.jpg,dog,train
data\processed\images_128\cat_04661_pixabay_cat_004291.jpg,cat,train
data\processed\images_128\cat_01540_pixabay_cat_000905.jpg,cat,train
data\processed\images_128\dog_03359_pixabay_dog_002540.jpg,dog,train
data\processed\images_128\dog_00103_flickr_dog_000114.jpg,dog,train
data\processed\images_128\dog_01449_pixabay_dog_000433.jpg,dog,train
data\processed\images_128\dog_04170_pixabay_dog_003434.jpg,dog,train
data\processed\images_128\cat_04287_pixabay_cat_003886.jpg,cat,train
data\processed\images_128\cat_00936_pixabay_cat_000228.jpg,cat,train
data\processed\images_128\cat_01673_pixabay_cat_001049.jpg,cat,train
data\processed\images_128\cat_05026_pixabay_cat_004697.jpg,cat,train
data\processed\images_128\cat_03441_pixabay_cat_002962.jpg,cat,train
data\processed\images_128\cat_03358_pixabay_cat_002872.jpg,cat,train
data\processed\images_128\cat_03506_pixabay_cat_003035.jpg,cat,train
data\processed\images_128\cat_04808_pixabay_cat_004451.jpg,cat,train
data\processed\images_128\dog_03798_pixabay_dog_003024.jpg,dog,train
data\processed\images_128\cat_01279_pixabay_cat_000607.jpg,cat,train
data\processed\images_128\dog_03235_pixabay_dog_002407.jpg,dog,train
data\processed\images_128\cat_04758_pixabay_cat_004397.jpg,cat,train
data\processed\images_128\cat_00658_flickr_cat_000739.jpg,cat,train
data\processed\images_128\dog_03175_pixabay_dog_002342.jpg,dog,train
data\processed\images_128\dog_05187_pixabay_dog_003478.jpg,dog,train
data\processed\images_128\dog_01601_pixabay_dog_000613.jpg,dog,train
data\processed\images_128\dog_04442_pixabay_dog_003735.jpg,dog,train
data\processed\images_128\cat_01982_pixabay_cat_001386.jpg,cat,train
data\processed\images_128\dog_01162_pixabay_dog_000109.jpg,dog,train
data\processed\images_128\cat_05188_flickr_cat_000311.jpg,cat,train
data\processed\images_128\cat_03664_pixabay_cat_003206.jpg,cat,train
data\processed\images_128\dog_04527_pixabay_dog_003827.jpg,dog,train
data\processed\images_128\dog_04030_pixabay_dog_003276.jpg,dog,train
data\processed\images_128\cat_03342_pixabay_cat_002852.jpg,cat,train
data\processed\images_128\cat_05361_pixabay_cat_001212.jpg,cat,train
data\processed\images_128\dog_02130_pixabay_dog_001197.jpg,dog,train
data\processed\images_128\cat_03460_pixabay_cat_002982.jpg,cat,train
data\processed\images_128\cat_04211_pixabay_cat_003803.jpg,cat,train
data\processed\images_128\dog_04925_pixabay_dog_000569.jpg,dog,train
data\processed\images_128\cat_04970_pixabay_cat_004633.jpg,cat,train
data\processed\images_128\cat_00295_flickr_cat_000335.jpg,cat,train
data\processed\images_128\dog_01460_pixabay_dog_000445.jpg,dog,train
data\processed\images_128\dog_01555_pixabay_dog_000560.jpg,dog,train
data\processed\images_128\cat_04074_pixabay_cat_003651.jpg,cat,train
data\processed\images_128\cat_00210_flickr_cat_000242.jpg,cat,train
data\processed\images_128\cat_00332_flickr_cat_000378.jpg,cat,train
data\processed\images_128\dog_04363_pixabay_dog_003646.jpg,dog,train
data\processed\images_128\dog_00820_flickr_dog_000914.jpg,dog,train
data\processed\images_128\dog_02515_pixabay_dog_001620.jpg,dog,train
data\processed\images_128\cat_01629_pixabay_cat_001001.jpg,cat,train
data\processed\images_128\dog_04507_pixabay_dog_003807.jpg,dog,train
data\processed\images_128\dog_04988_pixabay_dog_001211.jpg,dog,train
data\processed\images_128\dog_04934_pixabay_dog_000646.jpg,dog,train
data\processed\images_128\cat_01678_pixabay_cat_001054.jpg,cat,train
data\processed\images_128\cat_03604_pixabay_cat_003140.jpg,cat,train
data\processed\images_128\cat_03169_pixabay_cat_002665.jpg,cat,train
data\processed\images_128\cat_02471_pixabay_cat_001906.jpg,cat,train
data\processed\images_128\dog_02921_pixabay_dog_002060.jpg,dog,train
data\processed\images_128\cat_02981_pixabay_cat_002465.jpg,cat,train
data\processed\images_128\dog_00527_flickr_dog_000582.jpg,dog,train
data\processed\images_128\dog_03218_pixabay_dog_002388.jpg,dog,train
data\processed\images_128\dog_01632_pixabay_dog_000649.jpg,dog,train
data\processed\images_128\dog_01171_pixabay_dog_000119.jpg,dog,train
data\processed\images_128\dog_04996_pixabay_dog_001350.jpg,dog,train
data\processed\images_128\cat_02149_pixabay_cat_001565.jpg,cat,train
data\processed\images_128\dog_03683_pixabay_dog_002901.jpg,dog,train
data\processed\images_128\cat_00199_flickr_cat_000225.jpg,cat,train
data\processed\images_128\dog_04638_pixabay_dog_003947.jpg,dog,train
data\processed\images_128\dog_01361_pixabay_dog_000335.jpg,dog,train
data\processed\images_128\dog_01726_pixabay_dog_000751.jpg,dog,train
data\processed\images_128\dog_05064_pixabay_dog_002144.jpg,dog,train
data\processed\images_128\dog_04773_flickr_dog_000382.jpg,dog,train
data\processed\images_128\dog_05206_pixabay_dog_003703.jpg,dog,train
data\processed\images_128\dog_01952_pixabay_dog_000998.jpg,dog,train
data\processed\images_128\dog_02737_pixabay_dog_001856.jpg,dog,train
data\processed\images_128\cat_02449_pixabay_cat_001883.jpg,cat,train
data\processed\images_128\dog_01998_pixabay_dog_001049.jpg,dog,train
data\processed\images_128\dog_04481_pixabay_dog_003781.jpg,dog,train
data\processed\images_128\cat_00306_flickr_cat_000347.jpg,cat,train
data\processed\images_128\cat_02411_pixabay_cat_001844.jpg,cat,train
data\processed\images_128\dog_03057_pixabay_dog_002211.jpg,dog,train
data\processed\images_128\cat_03842_pixabay_cat_003397.jpg,cat,train
data\processed\images_128\cat_04648_pixabay_cat_004278.jpg,cat,train
data\processed\images_128\dog_02293_pixabay_dog_001378.jpg,dog,train
data\processed\images_128\cat_03544_pixabay_cat_003076.jpg,cat,train
data\processed\images_128\dog_00387_flickr_dog_000424.jpg,dog,train
data\processed\images_128\dog_03156_pixabay_dog_002321.jpg,dog,train
data\processed\images_128\cat_00015_flickr_cat_000020.jpg,cat,train
data\processed\images_128\dog_01335_pixabay_dog_000303.jpg,dog,train
data\processed\images_128\dog_02805_pixabay_dog_001934.jpg,dog,train
data\processed\images_128\cat_03369_pixabay_cat_002885.jpg,cat,train
data\processed\images_128\cat_05122_pixabay_cat_004800.jpg,cat,train
data\processed\images_128\cat_01215_pixabay_cat_000538.jpg,cat,train
data\processed\images_128\dog_03114_pixabay_dog_002273.jpg,dog,train
data\processed\images_128\cat_01249_pixabay_cat_000575.jpg,cat,train
data\processed\images_128\cat_03534_pixabay_cat_003066.jpg,cat,train
data\processed\images_128\cat_00599_flickr_cat_000677.jpg,cat,train
data\processed\images_128\dog_01339_pixabay_dog_000308.jpg,dog,train
data\processed\images_128\cat_03796_pixabay_cat_003345.jpg,cat,train
data\processed\images_128\dog_00833_flickr_dog_000928.jpg,dog,train
data\processed\images_128\cat_02783_pixabay_cat_002248.jpg,cat,train
data\processed\images_128\cat_04318_pixabay_cat_003922.jpg,cat,train
data\processed\images_128\cat_00908_pixabay_cat_000199.jpg,cat,train
data\processed\images_128\cat_02331_pixabay_cat_001762.jpg,cat,train
data\processed\images_128\dog_00133_flickr_dog_000146.jpg,dog,train
data\processed\images_128\dog_04676_pixabay_dog_003987.jpg,dog,train
data\processed\images_128\cat_05317_pixabay_cat_000760.jpg,cat,train
data\processed\images_128\cat_00940_pixabay_cat_000233.jpg,cat,train
data\processed\images_128\cat_00415_flickr_cat_000467.jpg,cat,train
data\processed\images_128\cat_02725_pixabay_cat_002183.jpg,cat,train
data\processed\images_128\dog_03285_pixabay_dog_002462.jpg,dog,train
data\processed\images_128\dog_04648_pixabay_dog_003957.jpg,dog,train
data\processed\images_128\dog_04633_pixabay_dog_003939.jpg,dog,train
data\processed\images_128\cat_05274_pixabay_cat_000339.jpg,cat,train
data\processed\images_128\dog_02501_pixabay_dog_001605.jpg,dog,train
data\processed\images_128\cat_02373_pixabay_cat_001805.jpg,cat,train
data\processed\images_128\dog_03790_pixabay_dog_003016.jpg,dog,train
data\processed\images_128\cat_01493_pixabay_cat_000851.jpg,cat,train
data\processed\images_128\cat_02042_pixabay_cat_001449.jpg,cat,train
data\processed\images_128\cat_00535_flickr_cat_000603.jpg,cat,train
data\processed\images_128\cat_04872_pixabay_cat_004523.jpg,cat,train
data\processed\images_128\cat_01439_pixabay_cat_000786.jpg,cat,train
data\processed\images_128\dog_04990_pixabay_dog_001234.jpg,dog,train
data\processed\images_128\dog_00390_flickr_dog_000428.jpg,dog,train
data\processed\images_128\dog_02030_pixabay_dog_001088.jpg,dog,train
data\processed\images_128\cat_05075_pixabay_cat_004746.jpg,cat,train
data\processed\images_128\cat_03564_pixabay_cat_003097.jpg,cat,train
data\processed\images_128\dog_01829_pixabay_dog_000866.jpg,dog,train
data\processed\images_128\cat_02343_pixabay_cat_001774.jpg,cat,train
data\processed\images_128\dog_02354_pixabay_dog_001442.jpg,dog,train
data\processed\images_128\cat_05376_pixabay_cat_001405.jpg,cat,train
data\processed\images_128\cat_03894_pixabay_cat_003453.jpg,cat,train
data\processed\images_128\cat_04916_pixabay_cat_004571.jpg,cat,train
data\processed\images_128\cat_04779_pixabay_cat_004419.jpg,cat,train
data\processed\images_128\dog_00309_flickr_dog_000343.jpg,dog,train
data\processed\images_128\dog_01899_pixabay_dog_000942.jpg,dog,train
data\processed\images_128\dog_02080_pixabay_dog_001140.jpg,dog,train
data\processed\images_128\dog_04289_pixabay_dog_003569.jpg,dog,train
data\processed\images_128\cat_03913_pixabay_cat_003475.jpg,cat,train
data\processed\images_128\dog_00960_flickr_dog_001074.jpg,dog,train
data\processed\images_128\cat_05554_pixabay_cat_003723.jpg,cat,train
data\processed\images_128\dog_02412_pixabay_dog_001505.jpg,dog,train
data\processed\images_128\cat_00961_pixabay_cat_000256.jpg,cat,train
data\processed\images_128\cat_01564_pixabay_cat_000930.jpg,cat,train
data\processed\images_128\dog_02724_pixabay_dog_001842.jpg,dog,train
data\processed\images_128\cat_01304_pixabay_cat_000635.jpg,cat,train
data\processed\images_128\dog_00426_flickr_dog_000466.jpg,dog,train
data\processed\images_128\cat_05582_pixabay_cat_004029.jpg,cat,train
data\processed\images_128\dog_03698_pixabay_dog_002917.jpg,dog,train
data\processed\images_128\cat_04218_pixabay_cat_003812.jpg,cat,train
data\processed\images_128\dog_02179_pixabay_dog_001253.jpg,dog,train
data\processed\images_128\cat_00188_flickr_cat_000213.jpg,cat,train
data\processed\images_128\dog_04040_pixabay_dog_003286.jpg,dog,train
data\processed\images_128\cat_04958_pixabay_cat_004620.jpg,cat,train
data\processed\images_128\cat_03115_pixabay_cat_002607.jpg,cat,train
data\processed\images_128\cat_04764_pixabay_cat_004403.jpg,cat,train
data\processed\images_128\dog_01139_pixabay_dog_000085.jpg,dog,train
data\processed\images_128\dog_01836_pixabay_dog_000873.jpg,dog,train
data\processed\images_128\cat_04216_pixabay_cat_003809.jpg,cat,train
data\processed\images_128\dog_02421_pixabay_dog_001515.jpg,dog,train
data\processed\images_128\dog_00795_flickr_dog_000888.jpg,dog,train
data\processed\images_128\dog_02342_pixabay_dog_001429.jpg,dog,train
data\processed\images_128\cat_03635_pixabay_cat_003173.jpg,cat,train
data\processed\images_128\dog_02814_pixabay_dog_001943.jpg,dog,train
data\processed\images_128\dog_01921_pixabay_dog_000965.jpg,dog,train
data\processed\images_128\dog_02915_pixabay_dog_002054.jpg,dog,train
data\processed\images_128\cat_04097_pixabay_cat_003674.jpg,cat,train
data\processed\images_128\cat_03786_pixabay_cat_003334.jpg,cat,train
data\processed\images_128\dog_02258_pixabay_dog_001334.jpg,dog,train
data\processed\images_128\dog_02645_pixabay_dog_001758.jpg,dog,train
data\processed\images_128\cat_01532_pixabay_cat_000896.jpg,cat,train
data\processed\images_128\dog_02739_pixabay_dog_001858.jpg,dog,train
data\processed\images_128\dog_04150_pixabay_dog_003413.jpg,dog,train
data\processed\images_128\cat_02247_pixabay_cat_001671.jpg,cat,train
data\processed\images_128\cat_05045_pixabay_cat_004716.jpg,cat,train
data\processed\images_128\cat_02475_pixabay_cat_001910.jpg,cat,train
data\processed\images_128\cat_01176_pixabay_cat_000494.jpg,cat,train
data\processed\images_128\cat_02669_pixabay_cat_002119.jpg,cat,train
data\processed\images_128\cat_05152_pixabay_cat_004834.jpg,cat,train
data\processed\images_128\dog_02842_pixabay_dog_001974.jpg,dog,train
data\processed\images_128\cat_00727_flickr_cat_000818.jpg,cat,train
data\processed\images_128\dog_03985_pixabay_dog_003226.jpg,dog,train
data\processed\images_128\cat_05302_pixabay_cat_000636.jpg,cat,train
data\processed\images_128\dog_05154_pixabay_dog_003165.jpg,dog,train
data\processed\images_128\dog_02398_pixabay_dog_001490.jpg,dog,train
data\processed\images_128\dog_01523_pixabay_dog_000526.jpg,dog,train
data\processed\images_128\cat_00234_flickr_cat_000268.jpg,cat,train
data\processed\images_128\dog_00449_flickr_dog_000493.jpg,dog,train
data\processed\images_128\dog_02409_pixabay_dog_001502.jpg,dog,train
data\processed\images_128\dog_01267_pixabay_dog_000225.jpg,dog,train
data\processed\images_128\cat_00168_flickr_cat_000192.jpg,cat,train
data\processed\images_128\dog_00721_flickr_dog_000803.jpg,dog,train
data\processed\images_128\cat_03363_pixabay_cat_002878.jpg,cat,train
data\processed\images_128\dog_00200_flickr_dog_000223.jpg,dog,train
data\processed\images_128\dog_02378_pixabay_dog_001470.jpg,dog,train
data\processed\images_128\cat_04254_pixabay_cat_003851.jpg,cat,train
data\processed\images_128\cat_04044_pixabay_cat_003621.jpg,cat,train
data\processed\images_128\dog_04821_flickr_dog_000814.jpg,dog,train
data\processed\images_128\cat_04269_pixabay_cat_003866.jpg,cat,train
data\processed\images_128\cat_02361_pixabay_cat_001793.jpg,cat,train
data\processed\images_128\cat_01538_pixabay_cat_000903.jpg,cat,train
data\processed\images_128\dog_04200_pixabay_dog_003467.jpg,dog,train
data\processed\images_128\dog_01142_pixabay_dog_000089.jpg,dog,train
data\processed\images_128\cat_05573_pixabay_cat_003909.jpg,cat,train
data\processed\images_128\cat_02657_pixabay_cat_002106.jpg,cat,train
data\processed\images_128\dog_03533_pixabay_dog_002730.jpg,dog,train
data\processed\images_128\dog_03927_pixabay_dog_003162.jpg,dog,train
data\processed\images_128\dog_02482_pixabay_dog_001586.jpg,dog,train
data\processed\images_128\dog_03879_pixabay_dog_003110.jpg,dog,train
data\processed\images_128\cat_02285_pixabay_cat_001713.jpg,cat,train
data\processed\images_128\dog_00359_flickr_dog_000396.jpg,dog,train
data\processed\images_128\cat_04671_pixabay_cat_004302.jpg,cat,train
data\processed\images_128\dog_04836_flickr_dog_000972.jpg,dog,train
data\processed\images_128\dog_04627_pixabay_dog_003932.jpg,dog,train
data\processed\images_128\cat_00065_flickr_cat_000071.jpg,cat,train
data\processed\images_128\dog_01569_pixabay_dog_000576.jpg,dog,train
data\processed\images_128\dog_02907_pixabay_dog_002046.jpg,dog,train
data\processed\images_128\dog_02246_pixabay_dog_001322.jpg,dog,train
data\processed\images_128\cat_01846_pixabay_cat_001237.jpg,cat,train
data\processed\images_128\cat_00574_flickr_cat_000649.jpg,cat,train
data\processed\images_128\cat_03383_pixabay_cat_002900.jpg,cat,train
data\processed\images_128\cat_04085_pixabay_cat_003662.jpg,cat,train
data\processed\images_128\cat_00091_flickr_cat_000100.jpg,cat,train
data\processed\images_128\dog_01372_pixabay_dog_000348.jpg,dog,train
data\processed\images_128\cat_01243_pixabay_cat_000568.jpg,cat,train
data\processed\images_128\dog_04641_pixabay_dog_003950.jpg,dog,train
data\processed\images_128\dog_03343_pixabay_dog_002523.jpg,dog,train
data\processed\images_128\cat_04679_pixabay_cat_004312.jpg,cat,train
data\processed\images_128\dog_03600_pixabay_dog_002808.jpg,dog,train
data\processed\images_128\dog_03918_pixabay_dog_003153.jpg,dog,train
data\processed\images_128\cat_04659_pixabay_cat_004289.jpg,cat,train
data\processed\images_128\dog_02427_pixabay_dog_001521.jpg,dog,train
data\processed\images_128\dog_04832_flickr_dog_000934.jpg,dog,train
data\processed\images_128\cat_05196_flickr_cat_000377.jpg,cat,train
data\processed\images_128\cat_00390_flickr_cat_000440.jpg,cat,train
data\processed\images_128\dog_03380_pixabay_dog_002564.jpg,dog,train
data\processed\images_128\cat_03930_pixabay_cat_003494.jpg,cat,train
data\processed\images_128\dog_01502_pixabay_dog_000501.jpg,dog,train
data\processed\images_128\dog_00959_flickr_dog_001073.jpg,dog,train
data\processed\images_128\cat_03919_pixabay_cat_003481.jpg,cat,train
data\processed\images_128\dog_01374_pixabay_dog_000350.jpg,dog,train
data\processed\images_128\cat_00208_flickr_cat_000240.jpg,cat,train
data\processed\images_128\cat_01324_pixabay_cat_000658.jpg,cat,train
data\processed\images_128\cat_04009_pixabay_cat_003581.jpg,cat,train
data\processed\images_128\dog_00087_flickr_dog_000096.jpg,dog,train
data\processed\images_128\dog_03328_pixabay_dog_002506.jpg,dog,train
data\processed\images_128\cat_03081_pixabay_cat_002572.jpg,cat,train
data\processed\images_128\cat_02049_pixabay_cat_001458.jpg,cat,train
data\processed\images_128\cat_01457_pixabay_cat_000807.jpg,cat,train
data\processed\images_128\cat_05362_pixabay_cat_001269.jpg,cat,train
data\processed\images_128\cat_03551_pixabay_cat_003084.jpg,cat,train
data\processed\images_128\cat_04165_pixabay_cat_003754.jpg,cat,train
data\processed\images_128\dog_02116_pixabay_dog_001180.jpg,dog,train
data\processed\images_128\dog_02145_pixabay_dog_001215.jpg,dog,train
data\processed\images_128\dog_00248_flickr_dog_000277.jpg,dog,train
data\processed\images_128\dog_00596_flickr_dog_000661.jpg,dog,train
data\processed\images_128\dog_00964_flickr_dog_001078.jpg,dog,train
data\processed\images_128\dog_02703_pixabay_dog_001820.jpg,dog,train
data\processed\images_128\cat_04991_pixabay_cat_004658.jpg,cat,train
data\processed\images_128\cat_05370_pixabay_cat_001359.jpg,cat,train
data\processed\images_128\cat_03945_pixabay_cat_003510.jpg,cat,train
data\processed\images_128\cat_05059_pixabay_cat_004730.jpg,cat,train
data\processed\images_128\dog_02348_pixabay_dog_001436.jpg,dog,train
data\processed\images_128\cat_01080_pixabay_cat_000388.jpg,cat,train
data\processed\images_128\cat_00081_flickr_cat_000089.jpg,cat,train
data\processed\images_128\dog_00396_flickr_dog_000434.jpg,dog,train
data\processed\images_128\dog_01349_pixabay_dog_000319.jpg,dog,train
data\processed\images_128\cat_03345_pixabay_cat_002855.jpg,cat,train
data\processed\images_128\dog_00667_flickr_dog_000742.jpg,dog,train
data\processed\images_128\cat_05457_pixabay_cat_002488.jpg,cat,train
data\processed\images_128\cat_04308_pixabay_cat_003912.jpg,cat,train
data\processed\images_128\cat_05481_pixabay_cat_002860.jpg,cat,train
data\processed\images_128\dog_02350_pixabay_dog_001438.jpg,dog,train
data\processed\images_128\dog_01776_pixabay_dog_000807.jpg,dog,train
data\processed\images_128\dog_05138_pixabay_dog_002930.jpg,dog,train
data\processed\images_128\dog_03746_pixabay_dog_002969.jpg,dog,train
data\processed\images_128\dog_05009_pixabay_dog_001449.jpg,dog,train
data\processed\images_128\cat_04503_pixabay_cat_004121.jpg,cat,train
data\processed\images_128\dog_02383_pixabay_dog_001475.jpg,dog,train
data\processed\images_128\dog_01957_pixabay_dog_001003.jpg,dog,train
data\processed\images_128\dog_01642_pixabay_dog_000659.jpg,dog,train
data\processed\images_128\dog_04761_flickr_dog_000245.jpg,dog,train
data\processed\images_128\dog_04913_pixabay_dog_000490.jpg,dog,train
data\processed\images_128\cat_02028_pixabay_cat_001434.jpg,cat,train
data\processed\images_128\cat_02062_pixabay_cat_001474.jpg,cat,train
data\processed\images_128\cat_03871_pixabay_cat_003428.jpg,cat,train
data\processed\images_128\cat_05535_pixabay_cat_003503.jpg,cat,train
data\processed\images_128\cat_03802_pixabay_cat_003351.jpg,cat,train
data\processed\images_128\dog_00213_flickr_dog_000237.jpg,dog,train
data\processed\images_128\dog_01348_pixabay_dog_000318.jpg,dog,train
data\processed\images_128\dog_00812_flickr_dog_000906.jpg,dog,train
data\processed\images_128\cat_02881_pixabay_cat_002356.jpg,cat,train
data\processed\images_128\cat_04130_pixabay_cat_003711.jpg,cat,train
data\processed\images_128\cat_03529_pixabay_cat_003061.jpg,cat,train
data\processed\images_128\cat_01187_pixabay_cat_000506.jpg,cat,train
data\processed\images_128\dog_00637_flickr_dog_000708.jpg,dog,train
data\processed\images_128\cat_04367_pixabay_cat_003974.jpg,cat,train
data\processed\images_128\dog_01915_pixabay_dog_000959.jpg,dog,train
data\processed\images_128\cat_01959_pixabay_cat_001358.jpg,cat,train
data\processed\images_128\dog_04710_pixabay_dog_004028.jpg,dog,train
data\processed\images_128\dog_04707_pixabay_dog_004025.jpg,dog,train
data\processed\images_128\cat_03027_pixabay_cat_002515.jpg,cat,train
data\processed\images_128\cat_04141_pixabay_cat_003725.jpg,cat,train
data\processed\images_128\dog_01146_pixabay_dog_000093.jpg,dog,train
data\processed\images_128\cat_02997_pixabay_cat_002483.jpg,cat,train
data\processed\images_128\cat_00633_flickr_cat_000713.jpg,cat,train
data\processed\images_128\dog_02847_pixabay_dog_001980.jpg,dog,train
data\processed\images_128\cat_02051_pixabay_cat_001461.jpg,cat,train
data\processed\images_128\dog_02401_pixabay_dog_001493.jpg,dog,train
data\processed\images_128\cat_03835_pixabay_cat_003389.jpg,cat,train
data\processed\images_128\dog_03075_pixabay_dog_002230.jpg,dog,train
data\processed\images_128\cat_01210_pixabay_cat_000532.jpg,cat,train
data\processed\images_128\dog_00880_flickr_dog_000980.jpg,dog,train
data\processed\images_128\cat_04077_pixabay_cat_003654.jpg,cat,train
data\processed\images_128\dog_03610_pixabay_dog_002818.jpg,dog,train
data\processed\images_128\dog_01201_pixabay_dog_000153.jpg,dog,train
data\processed\images_128\dog_01344_pixabay_dog_000314.jpg,dog,train
data\processed\images_128\cat_00209_flickr_cat_000241.jpg,cat,train
data\processed\images_128\dog_03834_pixabay_dog_003060.jpg,dog,train
data\processed\images_128\cat_02698_pixabay_cat_002154.jpg,cat,train
data\processed\images_128\dog_04337_pixabay_dog_003619.jpg,dog,train
data\processed\images_128\dog_03362_pixabay_dog_002543.jpg,dog,train
data\processed\images_128\cat_00290_flickr_cat_000330.jpg,cat,train
data\processed\images_128\dog_03545_pixabay_dog_002744.jpg,dog,train
data\processed\images_128\dog_02845_pixabay_dog_001977.jpg,dog,train
data\processed\images_128\dog_03685_pixabay_dog_002903.jpg,dog,train
data\processed\images_128\dog_04265_pixabay_dog_003544.jpg,dog,train
data\processed\images_128\dog_04505_pixabay_dog_003805.jpg,dog,train
data\processed\images_128\dog_00762_flickr_dog_000853.jpg,dog,train
data\processed\images_128\cat_02950_pixabay_cat_002428.jpg,cat,train
data\processed\images_128\cat_05163_flickr_cat_000152.jpg,cat,train
data\processed\images_128\dog_00805_flickr_dog_000899.jpg,dog,train
data\processed\images_128\dog_01769_pixabay_dog_000800.jpg,dog,train
data\processed\images_128\cat_05417_pixabay_cat_002075.jpg,cat,train
data\processed\images_128\dog_03884_pixabay_dog_003115.jpg,dog,train
data\processed\images_128\dog_00831_flickr_dog_000926.jpg,dog,train
data\processed\images_128\dog_04807_flickr_dog_000706.jpg,dog,train
data\processed\images_128\dog_04908_pixabay_dog_000471.jpg,dog,train
data\processed\images_128\dog_02854_pixabay_dog_001988.jpg,dog,train
data\processed\images_128\dog_03717_pixabay_dog_002937.jpg,dog,train
data\processed\images_128\cat_02882_pixabay_cat_002357.jpg,cat,train
data\processed\images_128\cat_03624_pixabay_cat_003161.jpg,cat,train
data\processed\images_128\dog_01301_pixabay_dog_000263.jpg,dog,train
data\processed\images_128\cat_01827_pixabay_cat_001218.jpg,cat,train
data\processed\images_128\cat_03175_pixabay_cat_002671.jpg,cat,train
data\processed\images_128\cat_02489_pixabay_cat_001925.jpg,cat,train
data\processed\images_128\cat_00109_flickr_cat_000119.jpg,cat,train
data\processed\images_128\dog_00783_flickr_dog_000876.jpg,dog,train
data\processed\images_128\cat_04039_pixabay_cat_003616.jpg,cat,train
data\processed\images_128\cat_01111_pixabay_cat_000423.jpg,cat,train
data\processed\images_128\cat_00765_pixabay_cat_000039.jpg,cat,train
data\processed\images_128\cat_02389_pixabay_cat_001822.jpg,cat,train
data\processed\images_128\cat_03992_pixabay_cat_003561.jpg,cat,train
data\processed\images_128\dog_01966_pixabay_dog_001012.jpg,dog,train
data\processed\images_128\dog_03542_pixabay_dog_002740.jpg,dog,train
data\processed\images_128\cat_03787_pixabay_cat_003335.jpg,cat,train
data\processed\images_128\cat_05616_pixabay_cat_004482.jpg,cat,train
data\processed\images_128\cat_03400_pixabay_cat_002918.jpg,cat,train
data\processed\images_128\dog_04252_pixabay_dog_003527.jpg,dog,train
data\processed\images_128\dog_01182_pixabay_dog_000131.jpg,dog,train
data\processed\images_128\cat_04729_pixabay_cat_004366.jpg,cat,train
data\processed\images_128\cat_03614_pixabay_cat_003151.jpg,cat,train
data\processed\images_128\cat_04889_pixabay_cat_004540.jpg,cat,train
data\processed\images_128\cat_00795_pixabay_cat_000072.jpg,cat,train
data\processed\images_128\cat_05566_pixabay_cat_003842.jpg,cat,train
data\processed\images_128\cat_04607_pixabay_cat_004235.jpg,cat,train
data\processed\images_128\cat_02310_pixabay_cat_001741.jpg,cat,train
data\processed\images_128\dog_02315_pixabay_dog_001402.jpg,dog,train
data\processed\images_128\cat_02529_pixabay_cat_001967.jpg,cat,train
data\processed\images_128\cat_00102_flickr_cat_000112.jpg,cat,train
data\processed\images_128\dog_01491_pixabay_dog_000485.jpg,dog,train
data\processed\images_128\dog_02641_pixabay_dog_001754.jpg,dog,train
data\processed\images_128\cat_04498_pixabay_cat_004116.jpg,cat,train
data\processed\images_128\cat_03269_pixabay_cat_002772.jpg,cat,train
data\processed\images_128\dog_03108_pixabay_dog_002267.jpg,dog,train
data\processed\images_128\cat_01462_pixabay_cat_000813.jpg,cat,train
data\processed\images_128\cat_00143_flickr_cat_000156.jpg,cat,train
data\processed\images_128\dog_03059_pixabay_dog_002213.jpg,dog,train
data\processed\images_128\cat_02737_pixabay_cat_002196.jpg,cat,train
data\processed\images_128\cat_00596_flickr_cat_000673.jpg,cat,train
data\processed\images_128\cat_00747_pixabay_cat_000020.jpg,cat,train
data\processed\images_128\cat_00389_flickr_cat_000439.jpg,cat,train
data\processed\images_128\dog_03122_pixabay_dog_002282.jpg,dog,train
data\processed\images_128\dog_02149_pixabay_dog_001219.jpg,dog,train
data\processed\images_128\cat_04684_pixabay_cat_004317.jpg,cat,train
data\processed\images_128\cat_04055_pixabay_cat_003632.jpg,cat,train
data\processed\images_128\cat_02543_pixabay_cat_001982.jpg,cat,train
data\processed\images_128\cat_00018_flickr_cat_000023.jpg,cat,train
data\processed\images_128\dog_02961_pixabay_dog_002102.jpg,dog,train
data\processed\images_128\cat_00822_pixabay_cat_000103.jpg,cat,train
data\processed\images_128\dog_01814_pixabay_dog_000851.jpg,dog,train
data\processed\images_128\dog_02541_pixabay_dog_001646.jpg,dog,train
data\processed\images_128\dog_01327_pixabay_dog_000293.jpg,dog,train
data\processed\images_128\cat_02776_pixabay_cat_002240.jpg,cat,train
data\processed\images_128\dog_01940_pixabay_dog_000986.jpg,dog,train
data\processed\images_128\cat_01373_pixabay_cat_000713.jpg,cat,train
data\processed\images_128\cat_04461_pixabay_cat_004076.jpg,cat,train
data\processed\images_128\cat_03657_pixabay_cat_003196.jpg,cat,train
data\processed\images_128\cat_00084_flickr_cat_000092.jpg,cat,train
data\processed\images_128\cat_04235_pixabay_cat_003830.jpg,cat,train
data\processed\images_128\cat_01820_pixabay_cat_001210.jpg,cat,train
data\processed\images_128\cat_04154_pixabay_cat_003739.jpg,cat,train
data\processed\images_128\cat_01549_pixabay_cat_000914.jpg,cat,train
data\processed\images_128\cat_04197_pixabay_cat_003788.jpg,cat,train
data\processed\images_128\cat_02902_pixabay_cat_002377.jpg,cat,train
data\processed\images_128\dog_05078_pixabay_dog_002279.jpg,dog,train
data\processed\images_128\cat_04248_pixabay_cat_003844.jpg,cat,train
data\processed\images_128\cat_04573_pixabay_cat_004199.jpg,cat,train
data\processed\images_128\dog_01887_pixabay_dog_000928.jpg,dog,train
data\processed\images_128\dog_02210_pixabay_dog_001284.jpg,dog,train
data\processed\images_128\dog_03567_pixabay_dog_002768.jpg,dog,train
data\processed\images_128\cat_00006_flickr_cat_000009.jpg,cat,train
data\processed\images_128\dog_00457_flickr_dog_000502.jpg,dog,train
data\processed\images_128\dog_03860_pixabay_dog_003088.jpg,dog,train
data\processed\images_128\cat_02459_pixabay_cat_001894.jpg,cat,train
data\processed\images_128\cat_03904_pixabay_cat_003465.jpg,cat,train
data\processed\images_128\cat_02265_pixabay_cat_001692.jpg,cat,train
data\processed\images_128\cat_04475_pixabay_cat_004090.jpg,cat,train
data\processed\images_128\dog_00535_flickr_dog_000590.jpg,dog,train
data\processed\images_128\cat_05208_flickr_cat_000534.jpg,cat,train
data\processed\images_128\cat_00040_flickr_cat_000045.jpg,cat,train
data\processed\images_128\cat_01419_pixabay_cat_000766.jpg,cat,train
data\processed\images_128\dog_04416_pixabay_dog_003704.jpg,dog,train
data\processed\images_128\dog_04950_pixabay_dog_000816.jpg,dog,train
data\processed\images_128\dog_04837_flickr_dog_000997.jpg,dog,train
data\processed\images_128\dog_01172_pixabay_dog_000120.jpg,dog,train
data\processed\images_128\dog_04651_pixabay_dog_003960.jpg,dog,train
data\processed\images_128\cat_02920_pixabay_cat_002396.jpg,cat,train
data\processed\images_128\dog_01800_pixabay_dog_000834.jpg,dog,train
data\processed\images_128\cat_00830_pixabay_cat_000112.jpg,cat,train
data\processed\images_128\cat_05427_pixabay_cat_002155.jpg,cat,train
data\processed\images_128\cat_02745_pixabay_cat_002207.jpg,cat,train
data\processed\images_128\dog_00051_flickr_dog_000056.jpg,dog,train
data\processed\images_128\cat_01704_pixabay_cat_001083.jpg,cat,train
data\processed\images_128\cat_02743_pixabay_cat_002204.jpg,cat,train
data\processed\images_128\dog_02985_pixabay_dog_002130.jpg,dog,train
data\processed\images_128\dog_01532_pixabay_dog_000536.jpg,dog,train
data\processed\images_128\cat_05543_pixabay_cat_003582.jpg,cat,train
data\processed\images_128\dog_02741_pixabay_dog_001861.jpg,dog,train
data\processed\images_128\cat_02588_pixabay_cat_002032.jpg,cat,train
data\processed\images_128\cat_00007_flickr_cat_000010.jpg,cat,train
data\processed\images_128\cat_03912_pixabay_cat_003474.jpg,cat,train
data\processed\images_128\cat_03759_pixabay_cat_003306.jpg,cat,train
data\processed\images_128\dog_02100_pixabay_dog_001163.jpg,dog,train
data\processed\images_128\cat_04214_pixabay_cat_003807.jpg,cat,train
data\processed\images_128\dog_03511_pixabay_dog_002708.jpg,dog,train
data\processed\images_128\dog_02072_pixabay_dog_001132.jpg,dog,train
data\processed\images_128\cat_01668_pixabay_cat_001044.jpg,cat,train
data\processed\images_128\cat_04237_pixabay_cat_003832.jpg,cat,train
data\processed\images_128\cat_02900_pixabay_cat_002375.jpg,cat,train
data\processed\images_128\dog_00749_flickr_dog_000838.jpg,dog,train
data\processed\images_128\cat_00521_flickr_cat_000587.jpg,cat,train
data\processed\images_128\dog_04681_pixabay_dog_003994.jpg,dog,train
data\processed\images_128\dog_00703_flickr_dog_000783.jpg,dog,train
data\processed\images_128\cat_01138_pixabay_cat_000452.jpg,cat,train
data\processed\images_128\dog_04183_pixabay_dog_003447.jpg,dog,train
data\processed\images_128\dog_01548_pixabay_dog_000553.jpg,dog,train
data\processed\images_128\dog_01959_pixabay_dog_001005.jpg,dog,train
data\processed\images_128\cat_02197_pixabay_cat_001616.jpg,cat,train
data\processed\images_128\dog_03651_pixabay_dog_002865.jpg,dog,train
data\processed\images_128\cat_00052_flickr_cat_000058.jpg,cat,train
data\processed\images_128\dog_03961_pixabay_dog_003201.jpg,dog,train
data\processed\images_128\cat_01583_pixabay_cat_000950.jpg,cat,train
data\processed\images_128\dog_03090_pixabay_dog_002249.jpg,dog,train
data\processed\images_128\cat_04816_pixabay_cat_004459.jpg,cat,train
data\processed\images_128\cat_02184_pixabay_cat_001601.jpg,cat,train
data\processed\images_128\dog_00878_flickr_dog_000978.jpg,dog,train
data\processed\images_128\dog_03870_pixabay_dog_003100.jpg,dog,train
data\processed\images_128\cat_01993_pixabay_cat_001398.jpg,cat,train
data\processed\images_128\dog_00883_flickr_dog_000983.jpg,dog,train
data\processed\images_128\cat_04794_pixabay_cat_004437.jpg,cat,train
data\processed\images_128\dog_02596_pixabay_dog_001708.jpg,dog,train
data\processed\images_128\dog_04998_pixabay_dog_001356.jpg,dog,train
data\processed\images_128\cat_04945_pixabay_cat_004606.jpg,cat,train
data\processed\images_128\cat_04004_pixabay_cat_003575.jpg,cat,train
data\processed\images_128\cat_04606_pixabay_cat_004234.jpg,cat,train
data\processed\images_128\cat_02730_pixabay_cat_002189.jpg,cat,train
data\processed\images_128\cat_00546_flickr_cat_000617.jpg,cat,train
data\processed\images_128\dog_01844_pixabay_dog_000882.jpg,dog,train
data\processed\images_128\dog_00899_flickr_dog_001001.jpg,dog,train
data\processed\images_128\dog_04693_pixabay_dog_004010.jpg,dog,train
data\processed\images_128\dog_04623_pixabay_dog_003928.jpg,dog,train
data\processed\images_128\cat_04000_pixabay_cat_003571.jpg,cat,train
data\processed\images_128\dog_04582_pixabay_dog_003883.jpg,dog,train
data\processed\images_128\dog_05127_pixabay_dog_002829.jpg,dog,train
data\processed\images_128\dog_04891_pixabay_dog_000327.jpg,dog,train
data\processed\images_128\dog_01291_pixabay_dog_000253.jpg,dog,train
data\processed\images_128\dog_00662_flickr_dog_000736.jpg,dog,train
data\processed\images_128\dog_02556_pixabay_dog_001664.jpg,dog,train
data\processed\images_128\cat_02656_pixabay_cat_002105.jpg,cat,train
data\processed\images_128\dog_00626_flickr_dog_000696.jpg,dog,train
data\processed\images_128\dog_04256_pixabay_dog_003532.jpg,dog,train
data\processed\images_128\cat_01261_pixabay_cat_000588.jpg,cat,train
data\processed\images_128\cat_05054_pixabay_cat_004725.jpg,cat,train
data\processed\images_128\dog_04929_pixabay_dog_000607.jpg,dog,train
data\processed\images_128\cat_05147_pixabay_cat_004828.jpg,cat,train
data\processed\images_128\cat_05218_flickr_cat_000599.jpg,cat,train
data\processed\images_128\cat_02142_pixabay_cat_001557.jpg,cat,train
data\processed\images_128\cat_01635_pixabay_cat_001008.jpg,cat,train
data\processed\images_128\cat_04171_pixabay_cat_003761.jpg,cat,train
data\processed\images_128\dog_00747_flickr_dog_000834.jpg,dog,train
data\processed\images_128\cat_03771_pixabay_cat_003319.jpg,cat,train
data\processed\images_128\cat_03015_pixabay_cat_002502.jpg,cat,train
data\processed\images_128\cat_03727_pixabay_cat_003274.jpg,cat,train
data\processed\images_128\dog_02449_pixabay_dog_001547.jpg,dog,train
data\processed\images_128\dog_01573_pixabay_dog_000580.jpg,dog,train
data\processed\images_128\dog_04535_pixabay_dog_003835.jpg,dog,train
data\processed\images_128\cat_02466_pixabay_cat_001901.jpg,cat,train
data\processed\images_128\cat_00736_pixabay_cat_000008.jpg,cat,train
data\processed\images_128\cat_04360_pixabay_cat_003967.jpg,cat,train
data\processed\images_128\cat_05087_pixabay_cat_004758.jpg,cat,train
data\processed\images_128\cat_05382_pixabay_cat_001465.jpg,cat,train
data\processed\images_128\cat_05469_pixabay_cat_002696.jpg,cat,train
data\processed\images_128\dog_03743_pixabay_dog_002966.jpg,dog,train
data\processed\images_128\dog_02127_pixabay_dog_001191.jpg,dog,train
data\processed\images_128\cat_01108_pixabay_cat_000420.jpg,cat,train
data\processed\images_128\cat_04849_pixabay_cat_004496.jpg,cat,train
data\processed\images_128\dog_03977_pixabay_dog_003217.jpg,dog,train
data\processed\images_128\dog_00474_flickr_dog_000519.jpg,dog,train
data\processed\images_128\cat_01754_pixabay_cat_001138.jpg,cat,train
data\processed\images_128\dog_03859_pixabay_dog_003087.jpg,dog,train
data\processed\images_128\dog_04559_pixabay_dog_003860.jpg,dog,train
data\processed\images_128\dog_02713_pixabay_dog_001830.jpg,dog,train
data\processed\images_128\cat_00672_flickr_cat_000756.jpg,cat,train
data\processed\images_128\dog_04600_pixabay_dog_003903.jpg,dog,train
data\processed\images_128\dog_01631_pixabay_dog_000648.jpg,dog,train
data\processed\images_128\cat_02324_pixabay_cat_001755.jpg,cat,train
data\processed\images_128\dog_03855_pixabay_dog_003083.jpg,dog,train
data\processed\images_128\dog_01174_pixabay_dog_000123.jpg,dog,train
data\processed\images_128\dog_04756_flickr_dog_000205.jpg,dog,train
data\processed\images_128\cat_05405_pixabay_cat_001891.jpg,cat,train
data\processed\images_128\cat_04921_pixabay_cat_004576.jpg,cat,train
data\processed\images_128\cat_02930_pixabay_cat_002407.jpg,cat,train
data\processed\images_128\dog_00744_flickr_dog_000831.jpg,dog,train
data\processed\images_128\dog_02484_pixabay_dog_001588.jpg,dog,train
data\processed\images_128\dog_00613_flickr_dog_000680.jpg,dog,train
data\processed\images_128\cat_01436_pixabay_cat_000783.jpg,cat,train
data\processed\images_128\dog_04033_pixabay_dog_003279.jpg,dog,train
data\processed\images_128\cat_00134_flickr_cat_000146.jpg,cat,train
data\processed\images_128\dog_04059_pixabay_dog_003306.jpg,dog,train
data\processed\images_128\cat_02162_pixabay_cat_001578.jpg,cat,train
data\processed\images_128\cat_05459_pixabay_cat_002543.jpg,cat,train
data\processed\images_128\dog_03440_pixabay_dog_002631.jpg,dog,train
data\processed\images_128\dog_01478_pixabay_dog_000467.jpg,dog,train
data\processed\images_128\dog_00141_flickr_dog_000154.jpg,dog,train
data\processed\images_128\dog_05141_pixabay_dog_002957.jpg,dog,train
data\processed\images_128\cat_01443_pixabay_cat_000790.jpg,cat,train
data\processed\images_128\cat_04590_pixabay_cat_004216.jpg,cat,train
data\processed\images_128\dog_00636_flickr_dog_000707.jpg,dog,train
data\processed\images_128\cat_02907_pixabay_cat_002383.jpg,cat,train
data\processed\images_128\dog_03337_pixabay_dog_002516.jpg,dog,train
data\processed\images_128\dog_04588_pixabay_dog_003890.jpg,dog,train
data\processed\images_128\cat_01407_pixabay_cat_000750.jpg,cat,train
data\processed\images_128\cat_01434_pixabay_cat_000781.jpg,cat,train
data\processed\images_128\dog_04924_pixabay_dog_000564.jpg,dog,train
data\processed\images_128\cat_02252_pixabay_cat_001677.jpg,cat,train
data\processed\images_128\cat_00069_flickr_cat_000075.jpg,cat,train
data\processed\images_128\cat_04303_pixabay_cat_003905.jpg,cat,train
data\processed\images_128\dog_03391_pixabay_dog_002577.jpg,dog,train
data\processed\images_128\cat_01297_pixabay_cat_000627.jpg,cat,train
data\processed\images_128\cat_00997_pixabay_cat_000294.jpg,cat,train
data\processed\images_128\dog_00854_flickr_dog_000952.jpg,dog,train
data\processed\images_128\dog_00574_flickr_dog_000635.jpg,dog,train
data\processed\images_128\dog_01026_flickr_dog_001145.jpg,dog,train
data\processed\images_128\dog_01402_pixabay_dog_000381.jpg,dog,train
data\processed\images_128\cat_03052_pixabay_cat_002540.jpg,cat,train
data\processed\images_128\dog_04639_pixabay_dog_003948.jpg,dog,train
data\processed\images_128\dog_01605_pixabay_dog_000619.jpg,dog,train
data\processed\images_128\cat_04904_pixabay_cat_004558.jpg,cat,train
data\processed\images_128\cat_01965_pixabay_cat_001366.jpg,cat,train
data\processed\images_128\dog_02324_pixabay_dog_001411.jpg,dog,train
data\processed\images_128\cat_04700_pixabay_cat_004333.jpg,cat,train
data\processed\images_128\cat_04014_pixabay_cat_003587.jpg,cat,train
data\processed\images_128\cat_02282_pixabay_cat_001710.jpg,cat,train
data\processed\images_128\cat_05502_pixabay_cat_003048.jpg,cat,train
data\processed\images_128\cat_01680_pixabay_cat_001057.jpg,cat,train
data\processed\images_128\cat_00542_flickr_cat_000612.jpg,cat,train
data\processed\images_128\cat_00644_flickr_cat_000725.jpg,cat,train
data\processed\images_128\dog_03580_pixabay_dog_002783.jpg,dog,train
data\processed\images_128\cat_01414_pixabay_cat_000761.jpg,cat,train
data\processed\images_128\cat_02910_pixabay_cat_002386.jpg,cat,train
data\processed\images_128\dog_01098_pixabay_dog_000040.jpg,dog,train
data\processed\images_128\dog_01375_pixabay_dog_000352.jpg,dog,train
data\processed\images_128\cat_05179_flickr_cat_000232.jpg,cat,train
data\processed\images_128\dog_03463_pixabay_dog_002656.jpg,dog,train
data\processed\images_128\cat_02054_pixabay_cat_001466.jpg,cat,train
data\processed\images_128\cat_00104_flickr_cat_000114.jpg,cat,train
data\processed\images_128\dog_05074_pixabay_dog_002234.jpg,dog,train
data\processed\images_128\cat_05394_pixabay_cat_001665.jpg,cat,train
data\processed\images_128\dog_00933_flickr_dog_001040.jpg,dog,train
data\processed\images_128\cat_04289_pixabay_cat_003888.jpg,cat,train
data\processed\images_128\cat_00698_flickr_cat_000786.jpg,cat,train
data\processed\images_128\dog_01997_pixabay_dog_001048.jpg,dog,train
data\processed\images_128\dog_04629_pixabay_dog_003934.jpg,dog,train
data\processed\images_128\cat_02101_pixabay_cat_001515.jpg,cat,train
data\processed\images_128\dog_00283_flickr_dog_000314.jpg,dog,train
data\processed\images_128\cat_03834_pixabay_cat_003388.jpg,cat,train
data\processed\images_128\cat_00323_flickr_cat_000366.jpg,cat,train
data\processed\images_128\cat_01661_pixabay_cat_001036.jpg,cat,train
data\processed\images_128\cat_03510_pixabay_cat_003040.jpg,cat,train
data\processed\images_128\cat_00095_flickr_cat_000104.jpg,cat,train
data\processed\images_128\cat_02548_pixabay_cat_001988.jpg,cat,train
data\processed\images_128\cat_05130_pixabay_cat_004809.jpg,cat,train
data\processed\images_128\cat_00125_flickr_cat_000137.jpg,cat,train
data\processed\images_128\cat_03064_pixabay_cat_002554.jpg,cat,train
data\processed\images_128\dog_03854_pixabay_dog_003082.jpg,dog,train
data\processed\images_128\dog_04358_pixabay_dog_003641.jpg,dog,train
data\processed\images_128\dog_01847_pixabay_dog_000885.jpg,dog,train
data\processed\images_128\dog_03071_pixabay_dog_002226.jpg,dog,train
data\processed\images_128\cat_01246_pixabay_cat_000571.jpg,cat,train
data\processed\images_128\cat_04023_pixabay_cat_003597.jpg,cat,train
data\processed\images_128\cat_04698_pixabay_cat_004331.jpg,cat,train
data\processed\images_128\cat_01541_pixabay_cat_000906.jpg,cat,train
data\processed\images_128\dog_03764_pixabay_dog_002988.jpg,dog,train
data\processed\images_128\cat_01524_pixabay_cat_000885.jpg,cat,train
data\processed\images_128\dog_02170_pixabay_dog_001243.jpg,dog,train
data\processed\images_128\cat_04091_pixabay_cat_003668.jpg,cat,train
data\processed\images_128\dog_00571_flickr_dog_000632.jpg,dog,train
data\processed\images_128\dog_01396_pixabay_dog_000375.jpg,dog,train
data\processed\images_128\dog_01030_flickr_dog_001149.jpg,dog,train
data\processed\images_128\dog_00249_flickr_dog_000278.jpg,dog,train
data\processed\images_128\dog_01871_pixabay_dog_000911.jpg,dog,train
data\processed\images_128\dog_01709_pixabay_dog_000732.jpg,dog,train
data\processed\images_128\cat_00023_flickr_cat_000028.jpg,cat,train
data\processed\images_128\cat_01290_pixabay_cat_000619.jpg,cat,train
data\processed\images_128\dog_02612_pixabay_dog_001724.jpg,dog,train
data\processed\images_128\dog_02831_pixabay_dog_001960.jpg,dog,train
data\processed\images_128\dog_03042_pixabay_dog_002194.jpg,dog,train
data\processed\images_128\cat_01872_pixabay_cat_001263.jpg,cat,train
data\processed\images_128\dog_05095_pixabay_dog_002453.jpg,dog,train
data\processed\images_128\cat_04031_pixabay_cat_003605.jpg,cat,train
data\processed\images_128\cat_02165_pixabay_cat_001581.jpg,cat,train
data\processed\images_128\cat_04311_pixabay_cat_003915.jpg,cat,train
data\processed\images_128\cat_03733_pixabay_cat_003280.jpg,cat,train
data\processed\images_128\dog_01414_pixabay_dog_000396.jpg,dog,train
data\processed\images_128\cat_01932_pixabay_cat_001329.jpg,cat,train
data\processed\images_128\cat_02469_pixabay_cat_001904.jpg,cat,train
data\processed\images_128\cat_03713_pixabay_cat_003260.jpg,cat,train
data\processed\images_128\cat_04392_pixabay_cat_004001.jpg,cat,train
data\processed\images_128\dog_03577_pixabay_dog_002779.jpg,dog,train
data\processed\images_128\cat_04463_pixabay_cat_004078.jpg,cat,train
data\processed\images_128\dog_02133_pixabay_dog_001201.jpg,dog,train
data\processed\images_128\dog_04312_pixabay_dog_003594.jpg,dog,train
data\processed\images_128\cat_04286_pixabay_cat_003885.jpg,cat,train
data\processed\images_128\cat_01404_pixabay_cat_000747.jpg,cat,train
data\processed\images_128\dog_00726_flickr_dog_000809.jpg,dog,train
data\processed\images_128\cat_02953_pixabay_cat_002431.jpg,cat,train
data\processed\images_128\dog_03733_pixabay_dog_002954.jpg,dog,train
data\processed\images_128\dog_04772_flickr_dog_000380.jpg,dog,train
data\processed\images_128\cat_03282_pixabay_cat_002787.jpg,cat,train
data\processed\images_128\cat_01035_pixabay_cat_000338.jpg,cat,train
data\processed\images_128\dog_03514_pixabay_dog_002711.jpg,dog,train
data\processed\images_128\cat_03152_pixabay_cat_002645.jpg,cat,train
data\processed\images_128\cat_00339_flickr_cat_000385.jpg,cat,train
data\processed\images_128\cat_02408_pixabay_cat_001841.jpg,cat,train
data\processed\images_128\dog_04847_flickr_dog_001055.jpg,dog,train
data\processed\images_128\cat_04748_pixabay_cat_004387.jpg,cat,train
data\processed\images_128\cat_04524_pixabay_cat_004142.jpg,cat,train
data\processed\images_128\cat_00662_flickr_cat_000743.jpg,cat,train
data\processed\images_128\cat_00144_flickr_cat_000157.jpg,cat,train
data\processed\images_128\cat_01351_pixabay_cat_000688.jpg,cat,train
data\processed\images_128\dog_00125_flickr_dog_000137.jpg,dog,train
data\processed\images_128\cat_01321_pixabay_cat_000655.jpg,cat,train
data\processed\images_128\cat_01390_pixabay_cat_000731.jpg,cat,train
data\processed\images_128\cat_01056_pixabay_cat_000363.jpg,cat,train
data\processed\images_128\cat_01654_pixabay_cat_001028.jpg,cat,train
data\processed\images_128\cat_00828_pixabay_cat_000110.jpg,cat,train
data\processed\images_128\cat_04678_pixabay_cat_004310.jpg,cat,train
data\processed\images_128\cat_00814_pixabay_cat_000093.jpg,cat,train
data\processed\images_128\dog_01744_pixabay_dog_000770.jpg,dog,train
data\processed\images_128\dog_04352_pixabay_dog_003634.jpg,dog,train
data\processed\images_128\dog_01082_pixabay_dog_000023.jpg,dog,train
data\processed\images_128\cat_04245_pixabay_cat_003840.jpg,cat,train
data\processed\images_128\cat_04252_pixabay_cat_003849.jpg,cat,train
data\processed\images_128\dog_04412_pixabay_dog_003699.jpg,dog,train
data\processed\images_128\dog_00476_flickr_dog_000522.jpg,dog,train
data\processed\images_128\cat_01816_pixabay_cat_001206.jpg,cat,train
data\processed\images_128\dog_00742_flickr_dog_000829.jpg,dog,train
data\processed\images_128\cat_05351_pixabay_cat_001093.jpg,cat,train
data\processed\images_128\dog_01918_pixabay_dog_000962.jpg,dog,train
data\processed\images_128\cat_00363_flickr_cat_000410.jpg,cat,train
data\processed\images_128\cat_01822_pixabay_cat_001213.jpg,cat,train
data\processed\images_128\dog_03424_pixabay_dog_002613.jpg,dog,train
data\processed\images_128\cat_04762_pixabay_cat_004401.jpg,cat,train
data\processed\images_128\cat_03096_pixabay_cat_002588.jpg,cat,train
data\processed\images_128\dog_02094_pixabay_dog_001157.jpg,dog,train
data\processed\images_128\cat_03238_pixabay_cat_002740.jpg,cat,train
data\processed\images_128\dog_03212_pixabay_dog_002381.jpg,dog,train
data\processed\images_128\dog_00832_flickr_dog_000927.jpg,dog,train
data\processed\images_128\dog_02474_pixabay_dog_001578.jpg,dog,train
data\processed\images_128\dog_03592_pixabay_dog_002798.jpg,dog,train
data\processed\images_128\dog_01909_pixabay_dog_000952.jpg,dog,train
data\processed\images_128\dog_00197_flickr_dog_000220.jpg,dog,train
data\processed\images_128\cat_00348_flickr_cat_000395.jpg,cat,train
data\processed\images_128\cat_05424_pixabay_cat_002138.jpg,cat,train
data\processed\images_128\cat_01987_pixabay_cat_001392.jpg,cat,train
data\processed\images_128\dog_04635_pixabay_dog_003941.jpg,dog,train
data\processed\images_128\cat_00571_flickr_cat_000646.jpg,cat,train
data\processed\images_128\cat_02442_pixabay_cat_001876.jpg,cat,train
data\processed\images_128\cat_03226_pixabay_cat_002728.jpg,cat,train
data\processed\images_128\cat_03330_pixabay_cat_002840.jpg,cat,train
data\processed\images_128\cat_00972_pixabay_cat_000267.jpg,cat,train
data\processed\images_128\cat_01458_pixabay_cat_000808.jpg,cat,train
data\processed\images_128\cat_04122_pixabay_cat_003702.jpg,cat,train
data\processed\images_128\dog_01917_pixabay_dog_000961.jpg,dog,train
data\processed\images_128\dog_00500_flickr_dog_000548.jpg,dog,train
data\processed\images_128\cat_02183_pixabay_cat_001600.jpg,cat,train
data\processed\images_128\dog_00366_flickr_dog_000403.jpg,dog,train
data\processed\images_128\dog_02493_pixabay_dog_001597.jpg,dog,train
data\processed\images_128\dog_00270_flickr_dog_000300.jpg,dog,train
data\processed\images_128\dog_03358_pixabay_dog_002539.jpg,dog,train
data\processed\images_128\dog_02726_pixabay_dog_001844.jpg,dog,train
data\processed\images_128\dog_02627_pixabay_dog_001740.jpg,dog,train
data\processed\images_128\dog_01884_pixabay_dog_000925.jpg,dog,train
data\processed\images_128\cat_04715_pixabay_cat_004351.jpg,cat,train
data\processed\images_128\cat_01306_pixabay_cat_000639.jpg,cat,train
data\processed\images_128\cat_05128_pixabay_cat_004806.jpg,cat,train
data\processed\images_128\dog_05046_pixabay_dog_001928.jpg,dog,train
data\processed\images_128\dog_04788_flickr_dog_000569.jpg,dog,train
data\processed\images_128\cat_00418_flickr_cat_000470.jpg,cat,train
data\processed\images_128\dog_04106_pixabay_dog_003361.jpg,dog,train
data\processed\images_128\dog_01989_pixabay_dog_001039.jpg,dog,train
data\processed\images_128\cat_04064_pixabay_cat_003641.jpg,cat,train
data\processed\images_128\dog_02364_pixabay_dog_001455.jpg,dog,train
data\processed\images_128\cat_04358_pixabay_cat_003965.jpg,cat,train
data\processed\images_128\cat_03867_pixabay_cat_003424.jpg,cat,train
data\processed\images_128\cat_04547_pixabay_cat_004168.jpg,cat,train
data\processed\images_128\cat_03478_pixabay_cat_003005.jpg,cat,train
data\processed\images_128\dog_05225_pixabay_dog_003942.jpg,dog,train
data\processed\images_128\cat_02533_pixabay_cat_001971.jpg,cat,train
data\processed\images_128\cat_00757_pixabay_cat_000030.jpg,cat,train
data\processed\images_128\cat_00993_pixabay_cat_000289.jpg,cat,train
data\processed\images_128\dog_04512_pixabay_dog_003812.jpg,dog,train
data\processed\images_128\cat_01117_pixabay_cat_000429.jpg,cat,train
data\processed\images_128\dog_03021_pixabay_dog_002172.jpg,dog,train
data\processed\images_128\cat_05275_pixabay_cat_000343.jpg,cat,train
data\processed\images_128\dog_00358_flickr_dog_000395.jpg,dog,train
data\processed\images_128\cat_01130_pixabay_cat_000444.jpg,cat,train
data\processed\images_128\cat_03928_pixabay_cat_003492.jpg,cat,train
data\processed\images_128\cat_02975_pixabay_cat_002457.jpg,cat,train
data\processed\images_128\dog_01550_pixabay_dog_000555.jpg,dog,train
data\processed\images_128\dog_02950_pixabay_dog_002091.jpg,dog,train
data\processed\images_128\dog_01104_pixabay_dog_000048.jpg,dog,train
data\processed\images_128\cat_02414_pixabay_cat_001847.jpg,cat,train
data\processed\images_128\cat_04426_pixabay_cat_004038.jpg,cat,train
data\processed\images_128\cat_01206_pixabay_cat_000527.jpg,cat,train
data\processed\images_128\cat_00752_pixabay_cat_000025.jpg,cat,train
data\processed\images_128\cat_05150_pixabay_cat_004831.jpg,cat,train
data\processed\images_128\cat_05629_pixabay_cat_004596.jpg,cat,train
data\processed\images_128\cat_01182_pixabay_cat_000500.jpg,cat,train
data\processed\images_128\cat_04377_pixabay_cat_003985.jpg,cat,train
data\processed\images_128\dog_00753_flickr_dog_000842.jpg,dog,train
data\processed\images_128\dog_02940_pixabay_dog_002081.jpg,dog,train
data\processed\images_128\cat_05273_pixabay_cat_000325.jpg,cat,train
data\processed\images_128\dog_02380_pixabay_dog_001472.jpg,dog,train
data\processed\images_128\cat_02116_pixabay_cat_001530.jpg,cat,train
data\processed\images_128\dog_02505_pixabay_dog_001610.jpg,dog,train
data\processed\images_128\cat_04549_pixabay_cat_004170.jpg,cat,train
data\processed\images_128\dog_04967_pixabay_dog_001031.jpg,dog,train
data\processed\images_128\dog_03160_pixabay_dog_002326.jpg,dog,train
data\processed\images_128\dog_02114_pixabay_dog_001178.jpg,dog,train
data\processed\images_128\dog_02295_pixabay_dog_001380.jpg,dog,train
data\processed\images_128\cat_05618_pixabay_cat_004505.jpg,cat,train
data\processed\images_128\dog_02959_pixabay_dog_002100.jpg,dog,train
data\processed\images_128\cat_03490_pixabay_cat_003018.jpg,cat,train
data\processed\images_128\cat_01191_pixabay_cat_000510.jpg,cat,train
data\processed\images_128\dog_04868_pixabay_dog_000135.jpg,dog,train
data\processed\images_128\cat_01862_pixabay_cat_001253.jpg,cat,train
data\processed\images_128\dog_04377_pixabay_dog_003661.jpg,dog,train
data\processed\images_128\dog_03295_pixabay_dog_002472.jpg,dog,train
data\processed\images_128\cat_01255_pixabay_cat_000581.jpg,cat,train
data\processed\images_128\cat_01268_pixabay_cat_000596.jpg,cat,train
data\processed\images_128\dog_01059_flickr_dog_001180.jpg,dog,train
data\processed\images_128\cat_04301_pixabay_cat_003903.jpg,cat,train
data\processed\images_128\dog_02092_pixabay_dog_001154.jpg,dog,train
data\processed\images_128\dog_04473_pixabay_dog_003771.jpg,dog,train
data\processed\images_128\dog_05117_pixabay_dog_002743.jpg,dog,train
data\processed\images_128\cat_03507_pixabay_cat_003036.jpg,cat,train
data\processed\images_128\dog_04228_pixabay_dog_003500.jpg,dog,train
data\processed\images_128\cat_01817_pixabay_cat_001207.jpg,cat,train
data\processed\images_128\dog_02254_pixabay_dog_001330.jpg,dog,train
data\processed\images_128\dog_04961_pixabay_dog_000939.jpg,dog,train
data\processed\images_128\cat_00989_pixabay_cat_000285.jpg,cat,train
data\processed\images_128\dog_03871_pixabay_dog_003101.jpg,dog,train
data\processed\images_128\cat_00928_pixabay_cat_000220.jpg,cat,train
data\processed\images_128\cat_04179_pixabay_cat_003769.jpg,cat,train
data\processed\images_128\dog_04782_flickr_dog_000521.jpg,dog,train
data\processed\images_128\dog_01994_pixabay_dog_001045.jpg,dog,train
data\processed\images_128\cat_05395_pixabay_cat_001672.jpg,cat,train
data\processed\images_128\cat_03313_pixabay_cat_002820.jpg,cat,train
data\processed\images_128\dog_01584_pixabay_dog_000592.jpg,dog,train
data\processed\images_128\dog_01851_pixabay_dog_000889.jpg,dog,train
data\processed\images_128\cat_00555_flickr_cat_000626.jpg,cat,train
data\processed\images_128\cat_02786_pixabay_cat_002251.jpg,cat,train
data\processed\images_128\dog_01558_pixabay_dog_000563.jpg,dog,train
data\processed\images_128\cat_01405_pixabay_cat_000748.jpg,cat,train
data\processed\images_128\dog_04083_pixabay_dog_003333.jpg,dog,train
data\processed\images_128\dog_01037_flickr_dog_001156.jpg,dog,train
data\processed\images_128\dog_04185_pixabay_dog_003451.jpg,dog,train
data\processed\images_128\dog_02984_pixabay_dog_002129.jpg,dog,train
data\processed\images_128\cat_01521_pixabay_cat_000882.jpg,cat,train
data\processed\images_128\cat_02567_pixabay_cat_002011.jpg,cat,train
data\processed\images_128\cat_02538_pixabay_cat_001977.jpg,cat,train
data\processed\images_128\dog_00158_flickr_dog_000173.jpg,dog,train
data\processed\images_128\dog_03675_pixabay_dog_002890.jpg,dog,train
data\processed\images_128\dog_01461_pixabay_dog_000446.jpg,dog,train
data\processed\images_128\dog_01247_pixabay_dog_000204.jpg,dog,train
data\processed\images_128\cat_04687_pixabay_cat_004320.jpg,cat,train
data\processed\images_128\cat_05219_flickr_cat_000608.jpg,cat,train
data\processed\images_128\dog_00186_flickr_dog_000206.jpg,dog,train
data\processed\images_128\cat_02358_pixabay_cat_001790.jpg,cat,train
data\processed\images_128\cat_05096_pixabay_cat_004770.jpg,cat,train
data\processed\images_128\dog_00211_flickr_dog_000235.jpg,dog,train
data\processed\images_128\dog_00900_flickr_dog_001003.jpg,dog,train
data\processed\images_128\dog_04295_pixabay_dog_003576.jpg,dog,train
data\processed\images_128\cat_03947_pixabay_cat_003513.jpg,cat,train
data\processed\images_128\dog_02943_pixabay_dog_002084.jpg,dog,train
data\processed\images_128\dog_03528_pixabay_dog_002725.jpg,dog,train
data\processed\images_128\cat_04010_pixabay_cat_003583.jpg,cat,train
data\processed\images_128\cat_04509_pixabay_cat_004127.jpg,cat,train
data\processed\images_128\cat_02306_pixabay_cat_001737.jpg,cat,train
data\processed\images_128\cat_03879_pixabay_cat_003437.jpg,cat,train
data\processed\images_128\dog_03517_pixabay_dog_002714.jpg,dog,train
data\processed\images_128\dog_04326_pixabay_dog_003608.jpg,dog,train
data\processed\images_128\cat_01057_pixabay_cat_000364.jpg,cat,train
data\processed\images_128\dog_04406_pixabay_dog_003693.jpg,dog,train
data\processed\images_128\cat_05024_pixabay_cat_004695.jpg,cat,train
data\processed\images_128\cat_01442_pixabay_cat_000789.jpg,cat,train
data\processed\images_128\dog_04887_pixabay_dog_000307.jpg,dog,train
data\processed\images_128\cat_02169_pixabay_cat_001585.jpg,cat,train
data\processed\images_128\dog_01857_pixabay_dog_000896.jpg,dog,train
data\processed\images_128\cat_05438_pixabay_cat_002269.jpg,cat,train
data\processed\images_128\cat_03888_pixabay_cat_003447.jpg,cat,train
data\processed\images_128\cat_02494_pixabay_cat_001930.jpg,cat,train
data\processed\images_128\dog_03466_pixabay_dog_002659.jpg,dog,train
data\processed\images_128\dog_00689_flickr_dog_000765.jpg,dog,train
data\processed\images_128\cat_01113_pixabay_cat_000425.jpg,cat,train
data\processed\images_128\cat_03000_pixabay_cat_002486.jpg,cat,train
data\processed\images_128\dog_01307_pixabay_dog_000270.jpg,dog,train
data\processed\images_128\dog_01318_pixabay_dog_000284.jpg,dog,train
data\processed\images_128\cat_05018_pixabay_cat_004688.jpg,cat,train
data\processed\images_128\cat_03941_pixabay_cat_003506.jpg,cat,train
data\processed\images_128\dog_03277_pixabay_dog_002454.jpg,dog,train
data\processed\images_128\cat_01913_pixabay_cat_001308.jpg,cat,train
data\processed\images_128\cat_03488_pixabay_cat_003015.jpg,cat,train
data\processed\images_128\dog_05099_pixabay_dog_002526.jpg,dog,train
data\processed\images_128\dog_03420_pixabay_dog_002608.jpg,dog,train
data\processed\images_128\dog_03962_pixabay_dog_003202.jpg,dog,train
data\processed\images_128\cat_01715_pixabay_cat_001096.jpg,cat,train
data\processed\images_128\dog_04884_pixabay_dog_000278.jpg,dog,train
data\processed\images_128\dog_01708_pixabay_dog_000731.jpg,dog,train
data\processed\images_128\cat_00368_flickr_cat_000415.jpg,cat,train
data\processed\images_128\cat_04785_pixabay_cat_004427.jpg,cat,train
data\processed\images_128\cat_03622_pixabay_cat_003159.jpg,cat,train
data\processed\images_128\dog_05190_pixabay_dog_003493.jpg,dog,train
data\processed\images_128\cat_01212_pixabay_cat_000534.jpg,cat,train
data\processed\images_128\cat_01017_pixabay_cat_000319.jpg,cat,train
data\processed\images_128\dog_02343_pixabay_dog_001430.jpg,dog,train
data\processed\images_128\dog_01230_pixabay_dog_000184.jpg,dog,train
data\processed\images_128\dog_04440_pixabay_dog_003733.jpg,dog,train
data\processed\images_128\dog_02857_pixabay_dog_001991.jpg,dog,train
data\processed\images_128\cat_00343_flickr_cat_000390.jpg,cat,train
data\processed\images_128\dog_04302_pixabay_dog_003583.jpg,dog,train
data\processed\images_128\cat_03080_pixabay_cat_002571.jpg,cat,train
data\processed\images_128\cat_02464_pixabay_cat_001899.jpg,cat,train
data\processed\images_128\cat_04313_pixabay_cat_003917.jpg,cat,train
data\processed\images_128\cat_03902_pixabay_cat_003462.jpg,cat,train
data\processed\images_128\dog_02753_pixabay_dog_001873.jpg,dog,train
data\processed\images_128\cat_00578_flickr_cat_000654.jpg,cat,train
data\processed\images_128\dog_02828_pixabay_dog_001957.jpg,dog,train
data\processed\images_128\dog_02207_pixabay_dog_001281.jpg,dog,train
data\processed\images_128\cat_00740_pixabay_cat_000013.jpg,cat,train
data\processed\images_128\cat_04517_pixabay_cat_004135.jpg,cat,train
data\processed\images_128\cat_00324_flickr_cat_000367.jpg,cat,train
data\processed\images_128\cat_00880_pixabay_cat_000167.jpg,cat,train
data\processed\images_128\cat_03025_pixabay_cat_002513.jpg,cat,train
data\processed\images_128\dog_01022_flickr_dog_001141.jpg,dog,train
data\processed\images_128\dog_01495_pixabay_dog_000489.jpg,dog,train
data\processed\images_128\dog_00987_flickr_dog_001104.jpg,dog,train
data\processed\images_128\dog_00716_flickr_dog_000798.jpg,dog,train
data\processed\images_128\dog_01634_pixabay_dog_000651.jpg,dog,train
data\processed\images_128\dog_04679_pixabay_dog_003992.jpg,dog,train
data\processed\images_128\cat_04654_pixabay_cat_004284.jpg,cat,train
data\processed\images_128\cat_05298_pixabay_cat_000592.jpg,cat,train
data\processed\images_128\cat_01794_pixabay_cat_001181.jpg,cat,train
data\processed\images_128\dog_02699_pixabay_dog_001815.jpg,dog,train
data\processed\images_128\cat_04963_pixabay_cat_004626.jpg,cat,train
data\processed\images_128\dog_04742_flickr_dog_000059.jpg,dog,train
data\processed\images_128\cat_00797_pixabay_cat_000074.jpg,cat,train
data\processed\images_128\cat_05044_pixabay_cat_004715.jpg,cat,train
data\processed\images_128\dog_00471_flickr_dog_000516.jpg,dog,train
data\processed\images_128\dog_04041_pixabay_dog_003287.jpg,dog,train
data\processed\images_128\cat_05540_pixabay_cat_003562.jpg,cat,train
data\processed\images_128\cat_03707_pixabay_cat_003254.jpg,cat,train
data\processed\images_128\cat_05299_pixabay_cat_000615.jpg,cat,train
data\processed\images_128\dog_04523_pixabay_dog_003823.jpg,dog,train
data\processed\images_128\dog_01424_pixabay_dog_000406.jpg,dog,train
data\processed\images_128\dog_01368_pixabay_dog_000344.jpg,dog,train
data\processed\images_128\cat_05525_pixabay_cat_003392.jpg,cat,train
data\processed\images_128\dog_00635_flickr_dog_000705.jpg,dog,train
data\processed\images_128\cat_04745_pixabay_cat_004384.jpg,cat,train
data\processed\images_128\cat_03781_pixabay_cat_003329.jpg,cat,train
data\processed\images_128\cat_03389_pixabay_cat_002907.jpg,cat,train
data\processed\images_128\dog_01990_pixabay_dog_001040.jpg,dog,train
data\processed\images_128\dog_01249_pixabay_dog_000207.jpg,dog,train
data\processed\images_128\dog_03465_pixabay_dog_002658.jpg,dog,train
data\processed\images_128\dog_01066_pixabay_dog_000005.jpg,dog,train
data\processed\images_128\cat_03563_pixabay_cat_003096.jpg,cat,train
data\processed\images_128\cat_01454_pixabay_cat_000804.jpg,cat,train
data\processed\images_128\dog_02024_pixabay_dog_001078.jpg,dog,train
data\processed\images_128\dog_01962_pixabay_dog_001008.jpg,dog,train
data\processed\images_128\cat_01299_pixabay_cat_000630.jpg,cat,train
data\processed\images_128\dog_03392_pixabay_dog_002578.jpg,dog,train
data\processed\images_128\dog_04122_pixabay_dog_003381.jpg,dog,train
data\processed\images_128\cat_04132_pixabay_cat_003714.jpg,cat,train
data\processed\images_128\cat_04960_pixabay_cat_004622.jpg,cat,train
data\processed\images_128\dog_04751_flickr_dog_000160.jpg,dog,train
data\processed\images_128\dog_04219_pixabay_dog_003490.jpg,dog,train
data\processed\images_128\dog_05182_pixabay_dog_003421.jpg,dog,train
data\processed\images_128\dog_02702_pixabay_dog_001819.jpg,dog,train
data\processed\images_128\cat_01924_pixabay_cat_001320.jpg,cat,train
data\processed\images_128\dog_02060_pixabay_dog_001119.jpg,dog,train
data\processed\images_128\dog_02008_pixabay_dog_001060.jpg,dog,train
data\processed\images_128\cat_03203_pixabay_cat_002703.jpg,cat,train
data\processed\images_128\dog_00386_flickr_dog_000423.jpg,dog,train
data\processed\images_128\dog_02167_pixabay_dog_001240.jpg,dog,train
data\processed\images_128\dog_00490_flickr_dog_000536.jpg,dog,train
data\processed\images_128\cat_01626_pixabay_cat_000998.jpg,cat,train
data\processed\images_128\cat_00140_flickr_cat_000153.jpg,cat,train
data\processed\images_128\dog_03867_pixabay_dog_003097.jpg,dog,train
data\processed\images_128\dog_01309_pixabay_dog_000273.jpg,dog,train
data\processed\images_128\dog_04225_pixabay_dog_003497.jpg,dog,train
data\processed\images_128\dog_01556_pixabay_dog_000561.jpg,dog,train
data\processed\images_128\cat_03461_pixabay_cat_002983.jpg,cat,train
data\processed\images_128\cat_04792_pixabay_cat_004435.jpg,cat,train
data\processed\images_128\cat_01593_pixabay_cat_000960.jpg,cat,train
data\processed\images_128\cat_00906_pixabay_cat_000197.jpg,cat,train
data\processed\images_128\dog_00612_flickr_dog_000679.jpg,dog,train
data\processed\images_128\cat_01857_pixabay_cat_001248.jpg,cat,train
data\processed\images_128\dog_01052_flickr_dog_001171.jpg,dog,train
data\processed\images_128\dog_04428_pixabay_dog_003718.jpg,dog,train
data\processed\images_128\cat_05261_pixabay_cat_000190.jpg,cat,train
data\processed\images_128\dog_00352_flickr_dog_000389.jpg,dog,train
data\processed\images_128\dog_02002_pixabay_dog_001053.jpg,dog,train
data\processed\images_128\cat_01428_pixabay_cat_000775.jpg,cat,train
data\processed\images_128\cat_02872_pixabay_cat_002346.jpg,cat,train
data\processed\images_128\dog_00518_flickr_dog_000570.jpg,dog,train
data\processed\images_128\dog_03640_pixabay_dog_002851.jpg,dog,train
data\processed\images_128\cat_03049_pixabay_cat_002537.jpg,cat,train
data\processed\images_128\cat_00834_pixabay_cat_000116.jpg,cat,train
data\processed\images_128\dog_00713_flickr_dog_000794.jpg,dog,train
data\processed\images_128\dog_01678_pixabay_dog_000697.jpg,dog,train
data\processed\images_128\cat_02602_pixabay_cat_002047.jpg,cat,train
data\processed\images_128\cat_04150_pixabay_cat_003735.jpg,cat,train
data\processed\images_128\cat_01637_pixabay_cat_001010.jpg,cat,train
data\processed\images_128\cat_01049_pixabay_cat_000356.jpg,cat,train
data\processed\images_128\cat_02836_pixabay_cat_002305.jpg,cat,train
data\processed\images_128\cat_04896_pixabay_cat_004550.jpg,cat,train
data\processed\images_128\cat_04660_pixabay_cat_004290.jpg,cat,train
data\processed\images_128\dog_03305_pixabay_dog_002482.jpg,dog,train
data\processed\images_128\dog_02835_pixabay_dog_001966.jpg,dog,train
data\processed\images_128\cat_05522_pixabay_cat_003358.jpg,cat,train
data\processed\images_128\dog_00144_flickr_dog_000158.jpg,dog,train
data\processed\images_128\cat_00274_flickr_cat_000312.jpg,cat,train
data\processed\images_128\dog_05054_pixabay_dog_002030.jpg,dog,train
data\processed\images_128\cat_02570_pixabay_cat_002014.jpg,cat,train
data\processed\images_128\dog_03229_pixabay_dog_002400.jpg,dog,train
data\processed\images_128\cat_03995_pixabay_cat_003565.jpg,cat,train
data\processed\images_128\dog_01747_pixabay_dog_000773.jpg,dog,train
data\processed\images_128\cat_02905_pixabay_cat_002381.jpg,cat,train
data\processed\images_128\cat_02124_pixabay_cat_001539.jpg,cat,train
data\processed\images_128\dog_02492_pixabay_dog_001596.jpg,dog,train
data\processed\images_128\dog_04857_flickr_dog_001177.jpg,dog,train
data\processed\images_128\cat_03484_pixabay_cat_003011.jpg,cat,train
data\processed\images_128\cat_04934_pixabay_cat_004591.jpg,cat,train
data\processed\images_128\dog_00723_flickr_dog_000805.jpg,dog,train
data\processed\images_128\cat_05151_pixabay_cat_004833.jpg,cat,train
data\processed\images_128\dog_04897_pixabay_dog_000373.jpg,dog,train
data\processed\images_128\dog_04873_pixabay_dog_000185.jpg,dog,train
data\processed\images_128\dog_00050_flickr_dog_000055.jpg,dog,train
data\processed\images_128\dog_03240_pixabay_dog_002412.jpg,dog,train
data\processed\images_128\cat_02680_pixabay_cat_002132.jpg,cat,train
data\processed\images_128\cat_04196_pixabay_cat_003787.jpg,cat,train
data\processed\images_128\cat_04579_pixabay_cat_004205.jpg,cat,train
data\processed\images_128\dog_03519_pixabay_dog_002716.jpg,dog,train
data\processed\images_128\cat_02562_pixabay_cat_002005.jpg,cat,train
data\processed\images_128\dog_00702_flickr_dog_000780.jpg,dog,train
data\processed\images_128\dog_03020_pixabay_dog_002171.jpg,dog,train
data\processed\images_128\cat_01768_pixabay_cat_001154.jpg,cat,train
data\processed\images_128\cat_02699_pixabay_cat_002157.jpg,cat,train
data\processed\images_128\cat_00945_pixabay_cat_000238.jpg,cat,train
data\processed\images_128\cat_02889_pixabay_cat_002364.jpg,cat,train
data\processed\images_128\dog_04214_pixabay_dog_003484.jpg,dog,train
data\processed\images_128\dog_02237_pixabay_dog_001313.jpg,dog,train
data\processed\images_128\cat_01214_pixabay_cat_000537.jpg,cat,train
data\processed\images_128\dog_03323_pixabay_dog_002501.jpg,dog,train
data\processed\images_128\cat_00438_flickr_cat_000490.jpg,cat,train
data\processed\images_128\dog_02435_pixabay_dog_001532.jpg,dog,train
data\processed\images_128\cat_05364_pixabay_cat_001286.jpg,cat,train
data\processed\images_128\dog_02588_pixabay_dog_001698.jpg,dog,train
data\processed\images_128\dog_03246_pixabay_dog_002419.jpg,dog,train
data\processed\images_128\cat_03013_pixabay_cat_002500.jpg,cat,train
data\processed\images_128\dog_00867_flickr_dog_000966.jpg,dog,train
data\processed\images_128\dog_04329_pixabay_dog_003611.jpg,dog,train
data\processed\images_128\dog_04379_pixabay_dog_003663.jpg,dog,train
data\processed\images_128\dog_02824_pixabay_dog_001953.jpg,dog,train
data\processed\images_128\dog_01087_pixabay_dog_000028.jpg,dog,train
data\processed\images_128\dog_05012_pixabay_dog_001506.jpg,dog,train
data\processed\images_128\dog_02783_pixabay_dog_001906.jpg,dog,train
data\processed\images_128\cat_04205_pixabay_cat_003797.jpg,cat,train
data\processed\images_128\cat_02437_pixabay_cat_001871.jpg,cat,train
data\processed\images_128\dog_02135_pixabay_dog_001203.jpg,dog,train
data\processed\images_128\cat_05246_pixabay_cat_000051.jpg,cat,train
data\processed\images_128\dog_00660_flickr_dog_000734.jpg,dog,train
data\processed\images_128\cat_02168_pixabay_cat_001584.jpg,cat,train
data\processed\images_128\dog_01121_pixabay_dog_000066.jpg,dog,train
data\processed\images_128\cat_02932_pixabay_cat_002409.jpg,cat,train
data\processed\images_128\cat_02794_pixabay_cat_002260.jpg,cat,train
data\processed\images_128\dog_03693_pixabay_dog_002912.jpg,dog,train
data\processed\images_128\dog_00399_flickr_dog_000437.jpg,dog,train
data\processed\images_128\cat_03704_pixabay_cat_003250.jpg,cat,train
data\processed\images_128\dog_00470_flickr_dog_000515.jpg,dog,train
data\processed\images_128\cat_02176_pixabay_cat_001592.jpg,cat,train
data\processed\images_128\dog_02212_pixabay_dog_001286.jpg,dog,train
data\processed\images_128\cat_00688_flickr_cat_000776.jpg,cat,train
data\processed\images_128\cat_02532_pixabay_cat_001970.jpg,cat,train
data\processed\images_128\dog_00885_flickr_dog_000985.jpg,dog,train
data\processed\images_128\dog_01541_pixabay_dog_000545.jpg,dog,train
data\processed\images_128\dog_03292_pixabay_dog_002469.jpg,dog,train
data\processed\images_128\dog_03369_pixabay_dog_002552.jpg,dog,train
data\processed\images_128\dog_03777_pixabay_dog_003001.jpg,dog,train
data\processed\images_128\cat_03113_pixabay_cat_002605.jpg,cat,train
data\processed\images_128\cat_03306_pixabay_cat_002813.jpg,cat,train
data\processed\images_128\dog_03168_pixabay_dog_002335.jpg,dog,train
data\processed\images_128\dog_00357_flickr_dog_000394.jpg,dog,train
data\processed\images_128\dog_03342_pixabay_dog_002522.jpg,dog,train
data\processed\images_128\cat_05109_pixabay_cat_004786.jpg,cat,train
data\processed\images_128\cat_01990_pixabay_cat_001395.jpg,cat,train
data\processed\images_128\dog_00468_flickr_dog_000513.jpg,dog,train
data\processed\images_128\cat_05504_pixabay_cat_003117.jpg,cat,train
data\processed\images_128\cat_03743_pixabay_cat_003290.jpg,cat,train
data\processed\images_128\cat_00300_flickr_cat_000340.jpg,cat,train
data\processed\images_128\cat_00763_pixabay_cat_000036.jpg,cat,train
data\processed\images_128\cat_00512_flickr_cat_000577.jpg,cat,train
data\processed\images_128\dog_02733_pixabay_dog_001851.jpg,dog,train
data\processed\images_128\dog_03306_pixabay_dog_002483.jpg,dog,train
data\processed\images_128\cat_03869_pixabay_cat_003426.jpg,cat,train
data\processed\images_128\cat_00369_flickr_cat_000416.jpg,cat,train
data\processed\images_128\cat_03870_pixabay_cat_003427.jpg,cat,train
data\processed\images_128\cat_01042_pixabay_cat_000347.jpg,cat,train
data\processed\images_128\dog_00911_flickr_dog_001016.jpg,dog,train
data\processed\images_128\cat_03745_pixabay_cat_003292.jpg,cat,train
data\processed\images_128\dog_05041_pixabay_dog_001901.jpg,dog,train
data\processed\images_128\dog_05164_pixabay_dog_003265.jpg,dog,train
data\processed\images_128\cat_03376_pixabay_cat_002893.jpg,cat,train
data\processed\images_128\cat_05580_pixabay_cat_004011.jpg,cat,train
data\processed\images_128\cat_01871_pixabay_cat_001262.jpg,cat,train
data\processed\images_128\cat_00515_flickr_cat_000580.jpg,cat,train
data\processed\images_128\cat_05321_pixabay_cat_000812.jpg,cat,train
data\processed\images_128\dog_03677_pixabay_dog_002892.jpg,dog,train
data\processed\images_128\cat_02571_pixabay_cat_002015.jpg,cat,train
data\processed\images_128\cat_03712_pixabay_cat_003259.jpg,cat,train
data\processed\images_128\dog_00551_flickr_dog_000607.jpg,dog,train
data\processed\images_128\cat_00336_flickr_cat_000382.jpg,cat,train
data\processed\images_128\dog_00998_flickr_dog_001115.jpg,dog,train
data\processed\images_128\dog_04658_pixabay_dog_003967.jpg,dog,train
data\processed\images_128\dog_02537_pixabay_dog_001642.jpg,dog,train
data\processed\images_128\dog_00597_flickr_dog_000662.jpg,dog,train
data\processed\images_128\dog_03478_pixabay_dog_002672.jpg,dog,train
data\processed\images_128\cat_05129_pixabay_cat_004807.jpg,cat,train
data\processed\images_128\cat_05078_pixabay_cat_004749.jpg,cat,train
data\processed\images_128\dog_04854_flickr_dog_001120.jpg,dog,train
data\processed\images_128\cat_01437_pixabay_cat_000784.jpg,cat,train
data\processed\images_128\dog_02034_pixabay_dog_001092.jpg,dog,train
data\processed\images_128\cat_02224_pixabay_cat_001646.jpg,cat,train
data\processed\images_128\cat_01710_pixabay_cat_001090.jpg,cat,train
data\processed\images_128\cat_04316_pixabay_cat_003920.jpg,cat,train
data\processed\images_128\cat_01561_pixabay_cat_000926.jpg,cat,train
data\processed\images_128\dog_03242_pixabay_dog_002414.jpg,dog,train
data\processed\images_128\cat_00486_flickr_cat_000546.jpg,cat,train
data\processed\images_128\cat_00670_flickr_cat_000754.jpg,cat,train
data\processed\images_128\cat_01879_pixabay_cat_001271.jpg,cat,train
data\processed\images_128\dog_01068_pixabay_dog_000007.jpg,dog,train
data\processed\images_128\cat_00734_pixabay_cat_000005.jpg,cat,train
data\processed\images_128\cat_00180_flickr_cat_000204.jpg,cat,train
data\processed\images_128\dog_01900_pixabay_dog_000943.jpg,dog,train
data\processed\images_128\cat_01254_pixabay_cat_000580.jpg,cat,train
data\processed\images_128\dog_03460_pixabay_dog_002653.jpg,dog,train
data\processed\images_128\dog_03383_pixabay_dog_002569.jpg,dog,train
data\processed\images_128\cat_04084_pixabay_cat_003661.jpg,cat,train
data\processed\images_128\cat_04977_pixabay_cat_004642.jpg,cat,train
data\processed\images_128\cat_04680_pixabay_cat_004313.jpg,cat,train
data\processed\images_128\dog_02203_pixabay_dog_001277.jpg,dog,train
data\processed\images_128\cat_02170_pixabay_cat_001586.jpg,cat,train
data\processed\images_128\cat_05581_pixabay_cat_004019.jpg,cat,train
data\processed\images_128\dog_01115_pixabay_dog_000059.jpg,dog,train
data\processed\images_128\cat_04605_pixabay_cat_004233.jpg,cat,train
data\processed\images_128\dog_01562_pixabay_dog_000568.jpg,dog,train
data\processed\images_128\dog_03282_pixabay_dog_002459.jpg,dog,train
data\processed\images_128\dog_00711_flickr_dog_000792.jpg,dog,train
data\processed\images_128\dog_04978_pixabay_dog_001121.jpg,dog,train
data\processed\images_128\cat_00086_flickr_cat_000094.jpg,cat,train
data\processed\images_128\dog_04216_pixabay_dog_003486.jpg,dog,train
data\processed\images_128\dog_04666_pixabay_dog_003976.jpg,dog,train
data\processed\images_128\cat_00915_pixabay_cat_000207.jpg,cat,train
data\processed\images_128\cat_00526_flickr_cat_000593.jpg,cat,train
data\processed\images_128\cat_02205_pixabay_cat_001624.jpg,cat,train
data\processed\images_128\cat_03433_pixabay_cat_002954.jpg,cat,train
data\processed\images_128\cat_03201_pixabay_cat_002700.jpg,cat,train
data\processed\images_128\dog_02141_pixabay_dog_001210.jpg,dog,train
data\processed\images_128\cat_01327_pixabay_cat_000661.jpg,cat,train
data\processed\images_128\dog_05006_pixabay_dog_001431.jpg,dog,train
data\processed\images_128\cat_05513_pixabay_cat_003210.jpg,cat,train
data\processed\images_128\dog_00701_flickr_dog_000779.jpg,dog,train
data\processed\images_128\cat_01889_pixabay_cat_001282.jpg,cat,train
data\processed\images_128\dog_01253_pixabay_dog_000211.jpg,dog,train
data\processed\images_128\cat_03114_pixabay_cat_002606.jpg,cat,train
data\processed\images_128\cat_04854_pixabay_cat_004501.jpg,cat,train
data\processed\images_128\cat_04334_pixabay_cat_003940.jpg,cat,train
data\processed\images_128\dog_00651_flickr_dog_000725.jpg,dog,train
data\processed\images_128\dog_01762_pixabay_dog_000789.jpg,dog,train
data\processed\images_128\dog_01063_pixabay_dog_000002.jpg,dog,train
data\processed\images_128\dog_03681_pixabay_dog_002898.jpg,dog,train
data\processed\images_128\cat_03014_pixabay_cat_002501.jpg,cat,train
data\processed\images_128\cat_01836_pixabay_cat_001227.jpg,cat,train
data\processed\images_128\dog_00714_flickr_dog_000796.jpg,dog,train
data\processed\images_128\cat_02046_pixabay_cat_001453.jpg,cat,train
data\processed\images_128\dog_01411_pixabay_dog_000391.jpg,dog,train
data\processed\images_128\cat_03731_pixabay_cat_003278.jpg,cat,train
data\processed\images_128\dog_02913_pixabay_dog_002052.jpg,dog,train
data\processed\images_128\cat_04357_pixabay_cat_003963.jpg,cat,train
data\processed\images_128\cat_01533_pixabay_cat_000897.jpg,cat,train
data\processed\images_128\cat_00167_flickr_cat_000190.jpg,cat,train
data\processed\images_128\cat_05518_pixabay_cat_003313.jpg,cat,train
data\processed\images_128\cat_03048_pixabay_cat_002536.jpg,cat,train
data\processed\images_128\cat_01007_pixabay_cat_000307.jpg,cat,train
data\processed\images_128\cat_00950_pixabay_cat_000244.jpg,cat,train
data\processed\images_128\cat_01092_pixabay_cat_000402.jpg,cat,train
data\processed\images_128\cat_02955_pixabay_cat_002433.jpg,cat,train
data\processed\images_128\cat_00285_flickr_cat_000325.jpg,cat,train
data\processed\images_128\dog_02243_pixabay_dog_001319.jpg,dog,train
data\processed\images_128\cat_04677_pixabay_cat_004309.jpg,cat,train
data\processed\images_128\cat_02919_pixabay_cat_002395.jpg,cat,train
data\processed\images_128\cat_02485_pixabay_cat_001921.jpg,cat,train
data\processed\images_128\cat_02034_pixabay_cat_001441.jpg,cat,train
data\processed\images_128\dog_01715_pixabay_dog_000740.jpg,dog,train
data\processed\images_128\dog_03395_pixabay_dog_002581.jpg,dog,train
data\processed\images_128\dog_04278_pixabay_dog_003558.jpg,dog,train
data\processed\images_128\dog_01269_pixabay_dog_000228.jpg,dog,train
data\processed\images_128\cat_02679_pixabay_cat_002131.jpg,cat,train
data\processed\images_128\dog_01805_pixabay_dog_000839.jpg,dog,train
data\processed\images_128\dog_05011_pixabay_dog_001497.jpg,dog,train
data\processed\images_128\dog_00326_flickr_dog_000360.jpg,dog,train
data\processed\images_128\dog_00665_flickr_dog_000740.jpg,dog,train
data\processed\images_128\dog_01963_pixabay_dog_001009.jpg,dog,train
data\processed\images_128\cat_00500_flickr_cat_000563.jpg,cat,train
data\processed\images_128\cat_02508_pixabay_cat_001945.jpg,cat,train
data\processed\images_128\dog_01552_pixabay_dog_000557.jpg,dog,train
data\processed\images_128\dog_04720_pixabay_dog_004038.jpg,dog,train
data\processed\images_128\dog_04737_pixabay_dog_004055.jpg,dog,train
data\processed\images_128\cat_00851_pixabay_cat_000135.jpg,cat,train
data\processed\images_128\cat_05415_pixabay_cat_002037.jpg,cat,train
data\processed\images_128\dog_03667_pixabay_dog_002882.jpg,dog,train
data\processed\images_128\cat_04910_pixabay_cat_004565.jpg,cat,train
data\processed\images_128\dog_01638_pixabay_dog_000655.jpg,dog,train
data\processed\images_128\dog_01879_pixabay_dog_000920.jpg,dog,train
data\processed\images_128\cat_01371_pixabay_cat_000711.jpg,cat,train
data\processed\images_128\cat_02740_pixabay_cat_002200.jpg,cat,train
data\processed\images_128\dog_00928_flickr_dog_001034.jpg,dog,train
data\processed\images_128\dog_02658_pixabay_dog_001771.jpg,dog,train
data\processed\images_128\cat_01034_pixabay_cat_000337.jpg,cat,train
data\processed\images_128\cat_03243_pixabay_cat_002745.jpg,cat,train
data\processed\images_128\cat_00680_flickr_cat_000767.jpg,cat,train
data\processed\images_128\cat_00933_pixabay_cat_000225.jpg,cat,train
data\processed\images_128\dog_03771_pixabay_dog_002995.jpg,dog,train
data\processed\images_128\dog_01057_flickr_dog_001178.jpg,dog,train
data\processed\images_128\cat_00036_flickr_cat_000041.jpg,cat,train
data\processed\images_128\dog_03303_pixabay_dog_002480.jpg,dog,train
data\processed\images_128\cat_01701_pixabay_cat_001078.jpg,cat,train
data\processed\images_128\dog_03324_pixabay_dog_002502.jpg,dog,train
data\processed\images_128\dog_01064_pixabay_dog_000003.jpg,dog,train
data\processed\images_128\dog_00079_flickr_dog_000087.jpg,dog,train
data\processed\images_128\dog_02558_pixabay_dog_001666.jpg,dog,train
data\processed\images_128\cat_04375_pixabay_cat_003983.jpg,cat,train
data\processed\images_128\cat_02605_pixabay_cat_002050.jpg,cat,train
data\processed\images_128\dog_00402_flickr_dog_000440.jpg,dog,train
data\processed\images_128\dog_01223_pixabay_dog_000177.jpg,dog,train
data\processed\images_128\cat_01789_pixabay_cat_001175.jpg,cat,train
data\processed\images_128\cat_00856_pixabay_cat_000140.jpg,cat,train
data\processed\images_128\cat_00720_flickr_cat_000809.jpg,cat,train
data\processed\images_128\dog_01877_pixabay_dog_000918.jpg,dog,train
data\processed\images_128\cat_01632_pixabay_cat_001005.jpg,cat,train
data\processed\images_128\cat_03303_pixabay_cat_002810.jpg,cat,train
data\processed\images_128\dog_00868_flickr_dog_000967.jpg,dog,train
data\processed\images_128\cat_04780_pixabay_cat_004420.jpg,cat,train
data\processed\images_128\cat_04465_pixabay_cat_004080.jpg,cat,train
data\processed\images_128\dog_04952_pixabay_dog_000826.jpg,dog,train
data\processed\images_128\cat_03793_pixabay_cat_003342.jpg,cat,train
data\processed\images_128\cat_01366_pixabay_cat_000705.jpg,cat,train
data\processed\images_128\cat_04767_pixabay_cat_004406.jpg,cat,train
data\processed\images_128\cat_04028_pixabay_cat_003602.jpg,cat,train
data\processed\images_128\cat_03085_pixabay_cat_002576.jpg,cat,train
data\processed\images_128\cat_04159_pixabay_cat_003746.jpg,cat,train
data\processed\images_128\dog_02239_pixabay_dog_001315.jpg,dog,train
data\processed\images_128\cat_03959_pixabay_cat_003526.jpg,cat,train
data\processed\images_128\cat_01733_pixabay_cat_001117.jpg,cat,train
data\processed\images_128\cat_00791_pixabay_cat_000067.jpg,cat,train
data\processed\images_128\dog_04562_pixabay_dog_003863.jpg,dog,train
data\processed\images_128\cat_01251_pixabay_cat_000577.jpg,cat,train
data\processed\images_128\dog_01176_pixabay_dog_000125.jpg,dog,train
data\processed\images_128\dog_02705_pixabay_dog_001822.jpg,dog,train
data\processed\images_128\cat_05023_pixabay_cat_004694.jpg,cat,train
data\processed\images_128\dog_02422_pixabay_dog_001516.jpg,dog,train
data\processed\images_128\cat_02458_pixabay_cat_001893.jpg,cat,train
data\processed\images_128\dog_00293_flickr_dog_000325.jpg,dog,train
data\processed\images_128\cat_00385_flickr_cat_000434.jpg,cat,train
data\processed\images_128\dog_02562_pixabay_dog_001670.jpg,dog,train
data\processed\images_128\dog_01587_pixabay_dog_000595.jpg,dog,train
data\processed\images_128\dog_04628_pixabay_dog_003933.jpg,dog,train
data\processed\images_128\cat_00038_flickr_cat_000043.jpg,cat,train
data\processed\images_128\dog_04327_pixabay_dog_003609.jpg,dog,train
data\processed\images_128\cat_02200_pixabay_cat_001619.jpg,cat,train
data\processed\images_128\cat_04414_pixabay_cat_004025.jpg,cat,train
data\processed\images_128\cat_02010_pixabay_cat_001416.jpg,cat,train
data\processed\images_128\dog_05219_pixabay_dog_003856.jpg,dog,train
data\processed\images_128\dog_00412_flickr_dog_000450.jpg,dog,train
data\processed\images_128\dog_04308_pixabay_dog_003589.jpg,dog,train
data\processed\images_128\dog_03934_pixabay_dog_003170.jpg,dog,train
data\processed\images_128\cat_01949_pixabay_cat_001347.jpg,cat,train
data\processed\images_128\dog_01714_pixabay_dog_000739.jpg,dog,train
data\processed\images_128\cat_04799_pixabay_cat_004442.jpg,cat,train
data\processed\images_128\dog_03469_pixabay_dog_002662.jpg,dog,train
data\processed\images_128\dog_03715_pixabay_dog_002935.jpg,dog,train
data\processed\images_128\cat_02924_pixabay_cat_002401.jpg,cat,train
data\processed\images_128\dog_02767_pixabay_dog_001888.jpg,dog,train
data\processed\images_128\cat_00697_flickr_cat_000785.jpg,cat,train
data\processed\images_128\dog_04322_pixabay_dog_003604.jpg,dog,train
data\processed\images_128\dog_02938_pixabay_dog_002079.jpg,dog,train
data\processed\images_128\dog_01343_pixabay_dog_000313.jpg,dog,train
data\processed\images_128\dog_02614_pixabay_dog_001726.jpg,dog,train
data\processed\images_128\dog_02158_pixabay_dog_001228.jpg,dog,train
data\processed\images_128\cat_00280_flickr_cat_000319.jpg,cat,train
data\processed\images_128\dog_02270_pixabay_dog_001347.jpg,dog,train
data\processed\images_128\cat_00935_pixabay_cat_000227.jpg,cat,train
data\processed\images_128\dog_00097_flickr_dog_000107.jpg,dog,train
data\processed\images_128\cat_04090_pixabay_cat_003667.jpg,cat,train
data\processed\images_128\cat_01977_pixabay_cat_001380.jpg,cat,train
data\processed\images_128\cat_04204_pixabay_cat_003796.jpg,cat,train
data\processed\images_128\dog_00981_flickr_dog_001097.jpg,dog,train
data\processed\images_128\dog_03620_pixabay_dog_002828.jpg,dog,train
data\processed\images_128\dog_03100_pixabay_dog_002259.jpg,dog,train
data\processed\images_128\cat_03666_pixabay_cat_003208.jpg,cat,train
data\processed\images_128\dog_01148_pixabay_dog_000095.jpg,dog,train
data\processed\images_128\dog_03650_pixabay_dog_002864.jpg,dog,train
data\processed\images_128\cat_03126_pixabay_cat_002618.jpg,cat,train
data\processed\images_128\dog_05201_pixabay_dog_003637.jpg,dog,train
data\processed\images_128\cat_01763_pixabay_cat_001149.jpg,cat,train
data\processed\images_128\cat_02606_pixabay_cat_002051.jpg,cat,train
data\processed\images_128\dog_02933_pixabay_dog_002074.jpg,dog,train
data\processed\images_128\dog_01259_pixabay_dog_000217.jpg,dog,train
data\processed\images_128\dog_04345_pixabay_dog_003627.jpg,dog,train
data\processed\images_128\cat_00592_flickr_cat_000669.jpg,cat,train
data\processed\images_128\dog_01149_pixabay_dog_000096.jpg,dog,train
data\processed\images_128\cat_00179_flickr_cat_000203.jpg,cat,train
data\processed\images_128\cat_01835_pixabay_cat_001226.jpg,cat,train
data\processed\images_128\cat_03200_pixabay_cat_002699.jpg,cat,train
data\processed\images_128\cat_03349_pixabay_cat_002859.jpg,cat,train
data\processed\images_128\cat_05389_pixabay_cat_001612.jpg,cat,train
data\processed\images_128\cat_01586_pixabay_cat_000953.jpg,cat,train
data\processed\images_128\dog_02326_pixabay_dog_001413.jpg,dog,train
data\processed\images_128\cat_01122_pixabay_cat_000434.jpg,cat,train
data\processed\images_128\cat_01610_pixabay_cat_000978.jpg,cat,train
data\processed\images_128\cat_05463_pixabay_cat_002640.jpg,cat,train
data\processed\images_128\cat_01314_pixabay_cat_000647.jpg,cat,train
data\processed\images_128\cat_02614_pixabay_cat_002059.jpg,cat,train
data\processed\images_128\cat_03293_pixabay_cat_002799.jpg,cat,train
data\processed\images_128\cat_04284_pixabay_cat_003883.jpg,cat,train
data\processed\images_128\cat_02478_pixabay_cat_001913.jpg,cat,train
data\processed\images_128\cat_04885_pixabay_cat_004536.jpg,cat,train
data\processed\images_128\dog_03389_pixabay_dog_002575.jpg,dog,train
data\processed\images_128\cat_01449_pixabay_cat_000797.jpg,cat,train
data\processed\images_128\dog_03464_pixabay_dog_002657.jpg,dog,train
data\processed\images_128\cat_00479_flickr_cat_000539.jpg,cat,train
data\processed\images_128\dog_01488_pixabay_dog_000479.jpg,dog,train
data\processed\images_128\dog_03830_pixabay_dog_003056.jpg,dog,train
data\processed\images_128\cat_05198_flickr_cat_000418.jpg,cat,train
data\processed\images_128\cat_01650_pixabay_cat_001024.jpg,cat,train
data\processed\images_128\dog_03065_pixabay_dog_002219.jpg,dog,train
data\processed\images_128\cat_02151_pixabay_cat_001567.jpg,cat,train
data\processed\images_128\dog_00568_flickr_dog_000628.jpg,dog,train
data\processed\images_128\cat_03378_pixabay_cat_002895.jpg,cat,train
data\processed\images_128\dog_02748_pixabay_dog_001868.jpg,dog,train
data\processed\images_128\cat_02130_pixabay_cat_001545.jpg,cat,train
data\processed\images_128\cat_05350_pixabay_cat_001084.jpg,cat,train
data\processed\images_128\cat_03069_pixabay_cat_002560.jpg,cat,train
data\processed\images_128\cat_03182_pixabay_cat_002678.jpg,cat,train
data\processed\images_128\cat_01039_pixabay_cat_000344.jpg,cat,train
data\processed\images_128\dog_04953_pixabay_dog_000841.jpg,dog,train
data\processed\images_128\dog_02528_pixabay_dog_001633.jpg,dog,train
data\processed\images_128\dog_05204_pixabay_dog_003669.jpg,dog,train
data\processed\images_128\dog_02220_pixabay_dog_001295.jpg,dog,train
data\processed\images_128\dog_05008_pixabay_dog_001445.jpg,dog,train
data\processed\images_128\dog_01645_pixabay_dog_000662.jpg,dog,train
data\processed\images_128\cat_03956_pixabay_cat_003522.jpg,cat,train
data\processed\images_128\dog_02154_pixabay_dog_001224.jpg,dog,train
data\processed\images_128\cat_00289_flickr_cat_000329.jpg,cat,train
data\processed\images_128\dog_01261_pixabay_dog_000219.jpg,dog,train
data\processed\images_128\dog_01785_pixabay_dog_000817.jpg,dog,train
data\processed\images_128\cat_02219_pixabay_cat_001640.jpg,cat,train
data\processed\images_128\cat_00470_flickr_cat_000525.jpg,cat,train
data\processed\images_128\dog_02147_pixabay_dog_001217.jpg,dog,train
data\processed\images_128\cat_02007_pixabay_cat_001413.jpg,cat,train
data\processed\images_128\cat_00593_flickr_cat_000670.jpg,cat,train
data\processed\images_128\dog_03582_pixabay_dog_002787.jpg,dog,train
data\processed\images_128\cat_03861_pixabay_cat_003418.jpg,cat,train
data\processed\images_128\dog_00024_flickr_dog_000026.jpg,dog,train
data\processed\images_128\dog_02194_pixabay_dog_001268.jpg,dog,train
data\processed\images_128\dog_05173_pixabay_dog_003355.jpg,dog,train
data\processed\images_128\dog_01130_pixabay_dog_000075.jpg,dog,train
data\processed\images_128\dog_02225_pixabay_dog_001301.jpg,dog,train
data\processed\images_128\cat_04775_pixabay_cat_004414.jpg,cat,train
data\processed\images_128\cat_04012_pixabay_cat_003585.jpg,cat,train
data\processed\images_128\dog_00223_flickr_dog_000249.jpg,dog,train
data\processed\images_128\cat_03403_pixabay_cat_002921.jpg,cat,train
data\processed\images_128\dog_01588_pixabay_dog_000596.jpg,dog,train
data\processed\images_128\dog_04949_pixabay_dog_000799.jpg,dog,train
data\processed\images_128\cat_04445_pixabay_cat_004059.jpg,cat,train
data\processed\images_128\dog_01635_pixabay_dog_000652.jpg,dog,train
data\processed\images_128\cat_04738_pixabay_cat_004376.jpg,cat,train
data\processed\images_128\cat_01588_pixabay_cat_000955.jpg,cat,train
data\processed\images_128\dog_04269_pixabay_dog_003548.jpg,dog,train
data\processed\images_128\cat_04191_pixabay_cat_003782.jpg,cat,train
data\processed\images_128\cat_01662_pixabay_cat_001037.jpg,cat,train
data\processed\images_128\cat_04002_pixabay_cat_003573.jpg,cat,train
data\processed\images_128\dog_02456_pixabay_dog_001554.jpg,dog,train
data\processed\images_128\dog_00494_flickr_dog_000541.jpg,dog,train
data\processed\images_128\dog_03290_pixabay_dog_002467.jpg,dog,train
data\processed\images_128\dog_01262_pixabay_dog_000220.jpg,dog,train
data\processed\images_128\cat_03824_pixabay_cat_003378.jpg,cat,train
data\processed\images_128\cat_04051_pixabay_cat_003628.jpg,cat,train
data\processed\images_128\dog_01016_flickr_dog_001135.jpg,dog,train
data\processed\images_128\cat_02291_pixabay_cat_001719.jpg,cat,train
data\processed\images_128\cat_01732_pixabay_cat_001116.jpg,cat,train
data\processed\images_128\cat_00320_flickr_cat_000363.jpg,cat,train
data\processed\images_128\dog_01303_pixabay_dog_000266.jpg,dog,train
data\processed\images_128\dog_04609_pixabay_dog_003912.jpg,dog,train
data\processed\images_128\cat_03585_pixabay_cat_003119.jpg,cat,train
data\processed\images_128\cat_05233_flickr_cat_000747.jpg,cat,train
data\processed\images_128\dog_01422_pixabay_dog_000404.jpg,dog,train
data\processed\images_128\dog_01866_pixabay_dog_000905.jpg,dog,train
data\processed\images_128\cat_00027_flickr_cat_000032.jpg,cat,train
data\processed\images_128\dog_01886_pixabay_dog_000927.jpg,dog,train
data\processed\images_128\cat_00655_flickr_cat_000736.jpg,cat,train
data\processed\images_128\dog_04786_flickr_dog_000565.jpg,dog,train
data\processed\images_128\cat_00439_flickr_cat_000491.jpg,cat,train
data\processed\images_128\cat_00257_flickr_cat_000294.jpg,cat,train
data\processed\images_128\dog_03988_pixabay_dog_003229.jpg,dog,train
data\processed\images_128\cat_01920_pixabay_cat_001316.jpg,cat,train
data\processed\images_128\cat_03497_pixabay_cat_003025.jpg,cat,train
data\processed\images_128\cat_04883_pixabay_cat_004534.jpg,cat,train
data\processed\images_128\cat_00968_pixabay_cat_000263.jpg,cat,train
data\processed\images_128\cat_03205_pixabay_cat_002705.jpg,cat,train
data\processed\images_128\dog_01256_pixabay_dog_000214.jpg,dog,train
data\processed\images_128\dog_02668_pixabay_dog_001781.jpg,dog,train
data\processed\images_128\dog_02882_pixabay_dog_002016.jpg,dog,train
data\processed\images_128\cat_02195_pixabay_cat_001614.jpg,cat,train
data\processed\images_128\cat_02755_pixabay_cat_002218.jpg,cat,train
data\processed\images_128\cat_01022_pixabay_cat_000324.jpg,cat,train
data\processed\images_128\cat_04276_pixabay_cat_003873.jpg,cat,train
data\processed\images_128\cat_05243_pixabay_cat_000010.jpg,cat,train
data\processed\images_128\cat_00806_pixabay_cat_000085.jpg,cat,train
data\processed\images_128\dog_00436_flickr_dog_000478.jpg,dog,train
data\processed\images_128\cat_04555_pixabay_cat_004177.jpg,cat,train
data\processed\images_128\dog_00904_flickr_dog_001008.jpg,dog,train
data\processed\images_128\cat_01703_pixabay_cat_001082.jpg,cat,train
data\processed\images_128\dog_01566_pixabay_dog_000573.jpg,dog,train
data\processed\images_128\cat_05391_pixabay_cat_001635.jpg,cat,train
data\processed\images_128\dog_01352_pixabay_dog_000324.jpg,dog,train
data\processed\images_128\cat_04822_pixabay_cat_004466.jpg,cat,train
data\processed\images_128\dog_04458_pixabay_dog_003754.jpg,dog,train
data\processed\images_128\cat_00049_flickr_cat_000054.jpg,cat,train
data\processed\images_128\dog_03759_pixabay_dog_002983.jpg,dog,train
data\processed\images_128\dog_00877_flickr_dog_000977.jpg,dog,train
data\processed\images_128\cat_05531_pixabay_cat_003464.jpg,cat,train
data\processed\images_128\cat_01282_pixabay_cat_000610.jpg,cat,train
data\processed\images_128\dog_04102_pixabay_dog_003357.jpg,dog,train
data\processed\images_128\cat_01132_pixabay_cat_000446.jpg,cat,train
data\processed\images_128\cat_03557_pixabay_cat_003090.jpg,cat,train
data\processed\images_128\dog_01875_pixabay_dog_000915.jpg,dog,train
data\processed\images_128\dog_00625_flickr_dog_000693.jpg,dog,train
data\processed\images_128\dog_04613_pixabay_dog_003917.jpg,dog,train
data\processed\images_128\dog_04474_pixabay_dog_003772.jpg,dog,train
data\processed\images_128\cat_00292_flickr_cat_000332.jpg,cat,train
data\processed\images_128\dog_00472_flickr_dog_000517.jpg,dog,train
data\processed\images_128\cat_02811_pixabay_cat_002279.jpg,cat,train
data\processed\images_128\dog_01387_pixabay_dog_000365.jpg,dog,train
data\processed\images_128\cat_03066_pixabay_cat_002556.jpg,cat,train
data\processed\images_128\dog_03345_pixabay_dog_002525.jpg,dog,train
data\processed\images_128\dog_01687_pixabay_dog_000706.jpg,dog,train
data\processed\images_128\dog_03489_pixabay_dog_002684.jpg,dog,train
data\processed\images_128\cat_00505_flickr_cat_000568.jpg,cat,train
data\processed\images_128\dog_00562_flickr_dog_000620.jpg,dog,train
data\processed\images_128\cat_04241_pixabay_cat_003836.jpg,cat,train
data\processed\images_128\cat_01222_pixabay_cat_000547.jpg,cat,train
data\processed\images_128\cat_02208_pixabay_cat_001627.jpg,cat,train
data\processed\images_128\dog_01765_pixabay_dog_000795.jpg,dog,train
data\processed\images_128\cat_02339_pixabay_cat_001770.jpg,cat,train
data\processed\images_128\cat_03302_pixabay_cat_002809.jpg,cat,train
data\processed\images_128\dog_00898_flickr_dog_001000.jpg,dog,train
data\processed\images_128\dog_04979_pixabay_dog_001145.jpg,dog,train
data\processed\images_128\cat_05177_flickr_cat_000226.jpg,cat,train
data\processed\images_128\dog_00733_flickr_dog_000818.jpg,dog,train
data\processed\images_128\cat_01376_pixabay_cat_000716.jpg,cat,train
data\processed\images_128\dog_02727_pixabay_dog_001845.jpg,dog,train
data\processed\images_128\dog_00920_flickr_dog_001026.jpg,dog,train
data\processed\images_128\cat_04948_pixabay_cat_004609.jpg,cat,train
data\processed\images_128\cat_01531_pixabay_cat_000895.jpg,cat,train
data\processed\images_128\dog_02403_pixabay_dog_001495.jpg,dog,train
data\processed\images_128\cat_02155_pixabay_cat_001571.jpg,cat,train
data\processed\images_128\dog_01881_pixabay_dog_000922.jpg,dog,train
data\processed\images_128\dog_02447_pixabay_dog_001545.jpg,dog,train
data\processed\images_128\cat_01961_pixabay_cat_001361.jpg,cat,train
data\processed\images_128\dog_03394_pixabay_dog_002580.jpg,dog,train
data\processed\images_128\dog_02765_pixabay_dog_001886.jpg,dog,train
data\processed\images_128\dog_00334_flickr_dog_000368.jpg,dog,train
data\processed\images_128\dog_02853_pixabay_dog_001987.jpg,dog,train
data\processed\images_128\cat_02969_pixabay_cat_002450.jpg,cat,train
data\processed\images_128\cat_04369_pixabay_cat_003976.jpg,cat,train
data\processed\images_128\dog_02776_pixabay_dog_001897.jpg,dog,train
data\processed\images_128\dog_04429_pixabay_dog_003719.jpg,dog,train
data\processed\images_128\dog_01627_pixabay_dog_000642.jpg,dog,train
data\processed\images_128\dog_02191_pixabay_dog_001265.jpg,dog,train
data\processed\images_128\cat_02971_pixabay_cat_002453.jpg,cat,train
data\processed\images_128\dog_01904_pixabay_dog_000947.jpg,dog,train
data\processed\images_128\cat_01230_pixabay_cat_000555.jpg,cat,train
data\processed\images_128\dog_01206_pixabay_dog_000158.jpg,dog,train
data\processed\images_128\dog_01207_pixabay_dog_000159.jpg,dog,train
data\processed\images_128\dog_01977_pixabay_dog_001024.jpg,dog,train
data\processed\images_128\dog_03459_pixabay_dog_002651.jpg,dog,train
data\processed\images_128\cat_01402_pixabay_cat_000745.jpg,cat,train
data\processed\images_128\dog_00112_flickr_dog_000124.jpg,dog,train
data\processed\images_128\dog_01279_pixabay_dog_000240.jpg,dog,train
data\processed\images_128\cat_03447_pixabay_cat_002968.jpg,cat,train
data\processed\images_128\cat_02531_pixabay_cat_001969.jpg,cat,train
data\processed\images_128\cat_04812_pixabay_cat_004455.jpg,cat,train
data\processed\images_128\cat_04867_pixabay_cat_004517.jpg,cat,train
data\processed\images_128\dog_03430_pixabay_dog_002620.jpg,dog,train
data\processed\images_128\cat_02281_pixabay_cat_001709.jpg,cat,train
data\processed\images_128\dog_04545_pixabay_dog_003845.jpg,dog,train
data\processed\images_128\dog_02299_pixabay_dog_001386.jpg,dog,train
data\processed\images_128\cat_00714_flickr_cat_000803.jpg,cat,train
data\processed\images_128\dog_00441_flickr_dog_000483.jpg,dog,train
data\processed\images_128\dog_00956_flickr_dog_001068.jpg,dog,train
data\processed\images_128\dog_00132_flickr_dog_000145.jpg,dog,train
data\processed\images_128\cat_04424_pixabay_cat_004036.jpg,cat,train
data\processed\images_128\cat_04496_pixabay_cat_004114.jpg,cat,train
data\processed\images_128\dog_03809_pixabay_dog_003035.jpg,dog,train
data\processed\images_128\dog_05236_pixabay_dog_004016.jpg,dog,train
data\processed\images_128\cat_01900_pixabay_cat_001295.jpg,cat,train
data\processed\images_128\cat_02712_pixabay_cat_002170.jpg,cat,train
data\processed\images_128\cat_01594_pixabay_cat_000961.jpg,cat,train
data\processed\images_128\dog_04086_pixabay_dog_003338.jpg,dog,train
data\processed\images_128\cat_05589_pixabay_cat_004146.jpg,cat,train
data\processed\images_128\cat_02131_pixabay_cat_001546.jpg,cat,train
data\processed\images_128\dog_02687_pixabay_dog_001802.jpg,dog,train
data\processed\images_128\cat_01916_pixabay_cat_001312.jpg,cat,train
data\processed\images_128\dog_03554_pixabay_dog_002753.jpg,dog,train
data\processed\images_128\dog_04291_pixabay_dog_003571.jpg,dog,train
data\processed\images_128\cat_01318_pixabay_cat_000652.jpg,cat,train
data\processed\images_128\dog_02526_pixabay_dog_001631.jpg,dog,train
data\processed\images_128\cat_00541_flickr_cat_000611.jpg,cat,train
data\processed\images_128\dog_00190_flickr_dog_000210.jpg,dog,train
data\processed\images_128\cat_05514_pixabay_cat_003211.jpg,cat,train
data\processed\images_128\dog_01473_pixabay_dog_000462.jpg,dog,train
data\processed\images_128\dog_02166_pixabay_dog_001239.jpg,dog,train
data\processed\images_128\dog_02473_pixabay_dog_001577.jpg,dog,train
data\processed\images_128\cat_02682_pixabay_cat_002135.jpg,cat,train
data\processed\images_128\cat_05553_pixabay_cat_003721.jpg,cat,train
data\processed\images_128\cat_03485_pixabay_cat_003012.jpg,cat,train
data\processed\images_128\cat_02342_pixabay_cat_001773.jpg,cat,train
data\processed\images_128\dog_02025_pixabay_dog_001079.jpg,dog,train
data\processed\images_128\dog_04893_pixabay_dog_000338.jpg,dog,train
data\processed\images_128\cat_03763_pixabay_cat_003310.jpg,cat,train
data\processed\images_128\dog_02634_pixabay_dog_001747.jpg,dog,train
data\processed\images_128\dog_00797_flickr_dog_000890.jpg,dog,train
data\processed\images_128\cat_01606_pixabay_cat_000974.jpg,cat,train
data\processed\images_128\cat_03360_pixabay_cat_002875.jpg,cat,train
data\processed\images_128\cat_01177_pixabay_cat_000495.jpg,cat,train
data\processed\images_128\dog_02981_pixabay_dog_002125.jpg,dog,train
data\processed\images_128\cat_04305_pixabay_cat_003907.jpg,cat,train
data\processed\images_128\dog_04277_pixabay_dog_003557.jpg,dog,train
data\processed\images_128\cat_02731_pixabay_cat_002190.jpg,cat,train
data\processed\images_128\dog_00199_flickr_dog_000222.jpg,dog,train
data\processed\images_128\cat_03294_pixabay_cat_002800.jpg,cat,train
data\processed\images_128\cat_03575_pixabay_cat_003108.jpg,cat,train
data\processed\images_128\dog_02498_pixabay_dog_001602.jpg,dog,train
data\processed\images_128\cat_01395_pixabay_cat_000737.jpg,cat,train
data\processed\images_128\dog_04840_flickr_dog_001007.jpg,dog,train
data\processed\images_128\cat_04585_pixabay_cat_004211.jpg,cat,train
data\processed\images_128\cat_02545_pixabay_cat_001984.jpg,cat,train
data\processed\images_128\cat_04520_pixabay_cat_004138.jpg,cat,train
data\processed\images_128\cat_05157_flickr_cat_000076.jpg,cat,train
data\processed\images_128\cat_05221_flickr_cat_000614.jpg,cat,train
data\processed\images_128\dog_00146_flickr_dog_000161.jpg,dog,train
data\processed\images_128\dog_03444_pixabay_dog_002635.jpg,dog,train
data\processed\images_128\cat_04008_pixabay_cat_003580.jpg,cat,train
data\processed\images_128\cat_01896_pixabay_cat_001291.jpg,cat,train
data\processed\images_128\cat_04400_pixabay_cat_004009.jpg,cat,train
data\processed\images_128\dog_02125_pixabay_dog_001189.jpg,dog,train
data\processed\images_128\dog_04136_pixabay_dog_003396.jpg,dog,train
data\processed\images_128\dog_03979_pixabay_dog_003219.jpg,dog,train
data\processed\images_128\dog_00934_flickr_dog_001043.jpg,dog,train
data\processed\images_128\cat_03493_pixabay_cat_003021.jpg,cat,train
data\processed\images_128\cat_03767_pixabay_cat_003315.jpg,cat,train
data\processed\images_128\dog_01793_pixabay_dog_000827.jpg,dog,train
data\processed\images_128\dog_00205_flickr_dog_000229.jpg,dog,train
data\processed\images_128\dog_00685_flickr_dog_000761.jpg,dog,train
data\processed\images_128\dog_00185_flickr_dog_000204.jpg,dog,train
data\processed\images_128\cat_04877_pixabay_cat_004528.jpg,cat,train
data\processed\images_128\dog_04905_pixabay_dog_000453.jpg,dog,train
data\processed\images_128\cat_01793_pixabay_cat_001180.jpg,cat,train
data\processed\images_128\dog_04285_pixabay_dog_003565.jpg,dog,train
data\processed\images_128\cat_00914_pixabay_cat_000206.jpg,cat,train
data\processed\images_128\cat_01886_pixabay_cat_001279.jpg,cat,train
data\processed\images_128\dog_05166_pixabay_dog_003307.jpg,dog,train
data\processed\images_128\dog_03148_pixabay_dog_002311.jpg,dog,train
data\processed\images_128\dog_04726_pixabay_dog_004044.jpg,dog,train
data\processed\images_128\dog_03712_pixabay_dog_002932.jpg,dog,train
data\processed\images_128\dog_03346_pixabay_dog_002527.jpg,dog,train
data\processed\images_128\cat_04046_pixabay_cat_003623.jpg,cat,train
data\processed\images_128\cat_00009_flickr_cat_000013.jpg,cat,train
data\processed\images_128\cat_00589_flickr_cat_000666.jpg,cat,train
data\processed\images_128\dog_05063_pixabay_dog_002126.jpg,dog,train
data\processed\images_128\dog_00263_flickr_dog_000292.jpg,dog,train
data\processed\images_128\cat_00943_pixabay_cat_000236.jpg,cat,train
data\processed\images_128\dog_03199_pixabay_dog_002368.jpg,dog,train
data\processed\images_128\dog_03609_pixabay_dog_002817.jpg,dog,train
data\processed\images_128\cat_02181_pixabay_cat_001597.jpg,cat,train
data\processed\images_128\cat_00567_flickr_cat_000642.jpg,cat,train
data\processed\images_128\dog_02022_pixabay_dog_001076.jpg,dog,train
data\processed\images_128\dog_02370_pixabay_dog_001461.jpg,dog,train
data\processed\images_128\cat_02879_pixabay_cat_002354.jpg,cat,train
data\processed\images_128\dog_00556_flickr_dog_000613.jpg,dog,train
data\processed\images_128\dog_03868_pixabay_dog_003098.jpg,dog,train
data\processed\images_128\dog_02290_pixabay_dog_001373.jpg,dog,train
data\processed\images_128\cat_05123_pixabay_cat_004801.jpg,cat,train
data\processed\images_128\dog_00710_flickr_dog_000791.jpg,dog,train
data\processed\images_128\dog_03185_pixabay_dog_002352.jpg,dog,train
data\processed\images_128\cat_05398_pixabay_cat_001699.jpg,cat,train
data\processed\images_128\cat_03038_pixabay_cat_002526.jpg,cat,train
data\processed\images_128\dog_04395_pixabay_dog_003682.jpg,dog,train
data\processed\images_128\dog_00319_flickr_dog_000353.jpg,dog,train
data\processed\images_128\dog_05016_pixabay_dog_001536.jpg,dog,train
data\processed\images_128\cat_03848_pixabay_cat_003403.jpg,cat,train
data\processed\images_128\cat_00459_flickr_cat_000512.jpg,cat,train
data\processed\images_128\dog_05170_pixabay_dog_003335.jpg,dog,train
data\processed\images_128\cat_01245_pixabay_cat_000570.jpg,cat,train
data\processed\images_128\dog_00844_flickr_dog_000940.jpg,dog,train
data\processed\images_128\dog_02523_pixabay_dog_001628.jpg,dog,train
data\processed\images_128\cat_04454_pixabay_cat_004069.jpg,cat,train
data\processed\images_128\dog_05192_pixabay_dog_003505.jpg,dog,train
data\processed\images_128\cat_00843_pixabay_cat_000127.jpg,cat,train
data\processed\images_128\cat_01041_pixabay_cat_000346.jpg,cat,train
data\processed\images_128\cat_04212_pixabay_cat_003805.jpg,cat,train
data\processed\images_128\cat_01737_pixabay_cat_001121.jpg,cat,train
data\processed\images_128\cat_04194_pixabay_cat_003785.jpg,cat,train
data\processed\images_128\cat_04062_pixabay_cat_003639.jpg,cat,train
data\processed\images_128\cat_04691_pixabay_cat_004324.jpg,cat,train
data\processed\images_128\cat_03438_pixabay_cat_002959.jpg,cat,train
data\processed\images_128\cat_02293_pixabay_cat_001721.jpg,cat,train
data\processed\images_128\cat_01054_pixabay_cat_000361.jpg,cat,train
data\processed\images_128\dog_02232_pixabay_dog_001308.jpg,dog,train
data\processed\images_128\dog_00692_flickr_dog_000768.jpg,dog,train
data\processed\images_128\dog_01444_pixabay_dog_000428.jpg,dog,train
data\processed\images_128\cat_04374_pixabay_cat_003982.jpg,cat,train
data\processed\images_128\dog_02719_pixabay_dog_001837.jpg,dog,train
data\processed\images_128\cat_02280_pixabay_cat_001708.jpg,cat,train
data\processed\images_128\dog_01835_pixabay_dog_000872.jpg,dog,train
data\processed\images_128\dog_02121_pixabay_dog_001185.jpg,dog,train
data\processed\images_128\cat_02554_pixabay_cat_001995.jpg,cat,train
data\processed\images_128\cat_01738_pixabay_cat_001122.jpg,cat,train
data\processed\images_128\cat_04998_pixabay_cat_004667.jpg,cat,train
data\processed\images_128\dog_04192_pixabay_dog_003458.jpg,dog,train
data\processed\images_128\cat_02917_pixabay_cat_002393.jpg,cat,train
data\processed\images_128\dog_04646_pixabay_dog_003955.jpg,dog,train
data\processed\images_128\cat_00269_flickr_cat_000306.jpg,cat,train
data\processed\images_128\cat_02198_pixabay_cat_001617.jpg,cat,train
data\processed\images_128\cat_00634_flickr_cat_000715.jpg,cat,train
data\processed\images_128\dog_01225_pixabay_dog_000179.jpg,dog,train
data\processed\images_128\cat_01717_pixabay_cat_001100.jpg,cat,train
data\processed\images_128\cat_04114_pixabay_cat_003693.jpg,cat,train
data\processed\images_128\cat_02436_pixabay_cat_001870.jpg,cat,train
data\processed\images_128\dog_02650_pixabay_dog_001763.jpg,dog,train
data\processed\images_128\cat_01337_pixabay_cat_000674.jpg,cat,train
data\processed\images_128\cat_05352_pixabay_cat_001098.jpg,cat,train
data\processed\images_128\cat_01765_pixabay_cat_001151.jpg,cat,train
data\processed\images_128\cat_01558_pixabay_cat_000923.jpg,cat,train
data\processed\images_128\cat_05296_pixabay_cat_000573.jpg,cat,train
data\processed\images_128\cat_05519_pixabay_cat_003341.jpg,cat,train
data\processed\images_128\cat_04809_pixabay_cat_004452.jpg,cat,train
data\processed\images_128\cat_00866_pixabay_cat_000152.jpg,cat,train
data\processed\images_128\cat_00318_flickr_cat_000361.jpg,cat,train
data\processed\images_128\cat_01833_pixabay_cat_001224.jpg,cat,train
data\processed\images_128\dog_01086_pixabay_dog_000027.jpg,dog,train
data\processed\images_128\cat_05501_pixabay_cat_003046.jpg,cat,train
data\processed\images_128\dog_01965_pixabay_dog_001011.jpg,dog,train
data\processed\images_128\cat_04587_pixabay_cat_004213.jpg,cat,train
data\processed\images_128\cat_05126_pixabay_cat_004804.jpg,cat,train
data\processed\images_128\cat_03232_pixabay_cat_002734.jpg,cat,train
data\processed\images_128\dog_04754_flickr_dog_000193.jpg,dog,train
data\processed\images_128\cat_00985_pixabay_cat_000281.jpg,cat,train
data\processed\images_128\dog_04286_pixabay_dog_003566.jpg,dog,train
data\processed\images_128\dog_04241_pixabay_dog_003515.jpg,dog,train
data\processed\images_128\dog_04188_pixabay_dog_003454.jpg,dog,train
data\processed\images_128\dog_00683_flickr_dog_000759.jpg,dog,train
data\processed\images_128\cat_00085_flickr_cat_000093.jpg,cat,train
data\processed\images_128\dog_00098_flickr_dog_000108.jpg,dog,train
data\processed\images_128\dog_03074_pixabay_dog_002229.jpg,dog,train
data\processed\images_128\dog_00798_flickr_dog_000891.jpg,dog,train
data\processed\images_128\cat_02047_pixabay_cat_001454.jpg,cat,train
data\processed\images_128\dog_01041_flickr_dog_001160.jpg,dog,train
data\processed\images_128\cat_04526_pixabay_cat_004144.jpg,cat,train
data\processed\images_128\dog_02063_pixabay_dog_001123.jpg,dog,train
data\processed\images_128\dog_02101_pixabay_dog_001164.jpg,dog,train
data\processed\images_128\cat_02264_pixabay_cat_001691.jpg,cat,train
data\processed\images_128\cat_05040_pixabay_cat_004711.jpg,cat,train
data\processed\images_128\cat_00819_pixabay_cat_000100.jpg,cat,train
data\processed\images_128\cat_05568_pixabay_cat_003874.jpg,cat,train
data\processed\images_128\cat_04094_pixabay_cat_003671.jpg,cat,train
data\processed\images_128\dog_04315_pixabay_dog_003597.jpg,dog,train
data\processed\images_128\dog_02622_pixabay_dog_001734.jpg,dog,train
data\processed\images_128\cat_05576_pixabay_cat_003931.jpg,cat,train
data\processed\images_128\cat_00782_pixabay_cat_000058.jpg,cat,train
data\processed\images_128\dog_03003_pixabay_dog_002150.jpg,dog,train
data\processed\images_128\cat_01465_pixabay_cat_000816.jpg,cat,train
data\processed\images_128\cat_00216_flickr_cat_000248.jpg,cat,train
data\processed\images_128\dog_03700_pixabay_dog_002919.jpg,dog,train
data\processed\images_128\dog_03862_pixabay_dog_003090.jpg,dog,train
data\processed\images_128\dog_04669_pixabay_dog_003979.jpg,dog,train
data\processed\images_128\dog_01815_pixabay_dog_000852.jpg,dog,train
data\processed\images_128\dog_03729_pixabay_dog_002950.jpg,dog,train
data\processed\images_128\cat_00774_pixabay_cat_000049.jpg,cat,train
data\processed\images_128\cat_04488_pixabay_cat_004106.jpg,cat,train
data\processed\images_128\cat_02369_pixabay_cat_001801.jpg,cat,train
data\processed\images_128\dog_02065_pixabay_dog_001125.jpg,dog,train
data\processed\images_128\cat_05615_pixabay_cat_004480.jpg,cat,train
data\processed\images_128\dog_03560_pixabay_dog_002760.jpg,dog,train
data\processed\images_128\cat_05377_pixabay_cat_001437.jpg,cat,train
data\processed\images_128\dog_05027_pixabay_dog_001687.jpg,dog,train
data\processed\images_128\dog_00932_flickr_dog_001039.jpg,dog,train
data\processed\images_128\cat_01339_pixabay_cat_000676.jpg,cat,train
data\processed\images_128\dog_01333_pixabay_dog_000300.jpg,dog,train
data\processed\images_128\cat_04868_pixabay_cat_004518.jpg,cat,train
data\processed\images_128\cat_03833_pixabay_cat_003387.jpg,cat,train
data\processed\images_128\dog_01839_pixabay_dog_000877.jpg,dog,train
data\processed\images_128\dog_04281_pixabay_dog_003561.jpg,dog,train
data\processed\images_128\dog_01395_pixabay_dog_000374.jpg,dog,train
data\processed\images_128\cat_03070_pixabay_cat_002561.jpg,cat,train
data\processed\images_128\cat_00892_pixabay_cat_000182.jpg,cat,train
data\processed\images_128\cat_00794_pixabay_cat_000071.jpg,cat,train
data\processed\images_128\dog_00048_flickr_dog_000052.jpg,dog,train
data\processed\images_128\cat_00815_pixabay_cat_000094.jpg,cat,train
data\processed\images_128\cat_03470_pixabay_cat_002995.jpg,cat,train
data\processed\images_128\cat_02547_pixabay_cat_001987.jpg,cat,train
data\processed\images_128\dog_01787_pixabay_dog_000820.jpg,dog,train
data\processed\images_128\dog_02408_pixabay_dog_001501.jpg,dog,train
data\processed\images_128\dog_00725_flickr_dog_000808.jpg,dog,train
data\processed\images_128\cat_02087_pixabay_cat_001500.jpg,cat,train
data\processed\images_128\cat_01579_pixabay_cat_000946.jpg,cat,train
data\processed\images_128\cat_00857_pixabay_cat_000141.jpg,cat,train
data\processed\images_128\dog_01723_pixabay_dog_000748.jpg,dog,train
data\processed\images_128\dog_02923_pixabay_dog_002062.jpg,dog,train
data\processed\images_128\cat_01186_pixabay_cat_000505.jpg,cat,train
data\processed\images_128\dog_01321_pixabay_dog_000287.jpg,dog,train
data\processed\images_128\dog_04771_flickr_dog_000373.jpg,dog,train
data\processed\images_128\cat_05199_flickr_cat_000419.jpg,cat,train
data\processed\images_128\dog_02376_pixabay_dog_001468.jpg,dog,train
data\processed\images_128\dog_04877_pixabay_dog_000227.jpg,dog,train
data\processed\images_128\cat_03090_pixabay_cat_002581.jpg,cat,train
data\processed\images_128\cat_04251_pixabay_cat_003847.jpg,cat,train
data\processed\images_128\cat_05421_pixabay_cat_002126.jpg,cat,train
data\processed\images_128\cat_02111_pixabay_cat_001525.jpg,cat,train
data\processed\images_128\dog_02780_pixabay_dog_001903.jpg,dog,train
data\processed\images_128\cat_00733_pixabay_cat_000004.jpg,cat,train
data\processed\images_128\cat_05162_flickr_cat_000136.jpg,cat,train
data\processed\images_128\dog_02714_pixabay_dog_001831.jpg,dog,train
data\processed\images_128\cat_02082_pixabay_cat_001495.jpg,cat,train
data\processed\images_128\cat_05020_pixabay_cat_004690.jpg,cat,train
data\processed\images_128\cat_00529_flickr_cat_000596.jpg,cat,train
data\processed\images_128\cat_04706_pixabay_cat_004341.jpg,cat,train
data\processed\images_128\cat_00376_flickr_cat_000425.jpg,cat,train
data\processed\images_128\cat_02490_pixabay_cat_001926.jpg,cat,train
data\processed\images_128\cat_02943_pixabay_cat_002421.jpg,cat,train
data\processed\images_128\dog_04598_pixabay_dog_003901.jpg,dog,train
data\processed\images_128\cat_01470_pixabay_cat_000821.jpg,cat,train
data\processed\images_128\dog_04037_pixabay_dog_003283.jpg,dog,train
data\processed\images_128\dog_02400_pixabay_dog_001492.jpg,dog,train
data\processed\images_128\cat_02623_pixabay_cat_002069.jpg,cat,train
data\processed\images_128\cat_02998_pixabay_cat_002484.jpg,cat,train
data\processed\images_128\cat_05486_pixabay_cat_002883.jpg,cat,train
data\processed\images_128\cat_01340_pixabay_cat_000677.jpg,cat,train
data\processed\images_128\dog_00370_flickr_dog_000407.jpg,dog,train
data\processed\images_128\dog_03828_pixabay_dog_003054.jpg,dog,train
data\processed\images_128\cat_05443_pixabay_cat_002338.jpg,cat,train
data\processed\images_128\dog_03475_pixabay_dog_002668.jpg,dog,train
data\processed\images_128\dog_03158_pixabay_dog_002324.jpg,dog,train
data\processed\images_128\dog_00666_flickr_dog_000741.jpg,dog,train
data\processed\images_128\cat_03285_pixabay_cat_002790.jpg,cat,train
data\processed\images_128\dog_04770_flickr_dog_000334.jpg,dog,train
data\processed\images_128\cat_05347_pixabay_cat_001055.jpg,cat,train
data\processed\images_128\dog_03116_pixabay_dog_002275.jpg,dog,train
data\processed\images_128\dog_02093_pixabay_dog_001155.jpg,dog,train
data\processed\images_128\dog_03486_pixabay_dog_002681.jpg,dog,train
data\processed\images_128\cat_04322_pixabay_cat_003927.jpg,cat,train
data\processed\images_128\dog_04127_pixabay_dog_003387.jpg,dog,train
data\processed\images_128\cat_04567_pixabay_cat_004193.jpg,cat,train
data\processed\images_128\cat_00862_pixabay_cat_000146.jpg,cat,train
data\processed\images_128\cat_00852_pixabay_cat_000136.jpg,cat,train
data\processed\images_128\dog_00346_flickr_dog_000383.jpg,dog,train
data\processed\images_128\dog_00577_flickr_dog_000638.jpg,dog,train
data\processed\images_128\dog_02407_pixabay_dog_001500.jpg,dog,train
data\processed\images_128\dog_01163_pixabay_dog_000110.jpg,dog,train
data\processed\images_128\dog_05050_pixabay_dog_001971.jpg,dog,train
data\processed\images_128\cat_05450_pixabay_cat_002438.jpg,cat,train
data\processed\images_128\dog_00930_flickr_dog_001036.jpg,dog,train
data\processed\images_128\cat_04865_pixabay_cat_004515.jpg,cat,train
data\processed\images_128\dog_04165_pixabay_dog_003429.jpg,dog,train
data\processed\images_128\cat_04233_pixabay_cat_003828.jpg,cat,train
data\processed\images_128\cat_05524_pixabay_cat_003361.jpg,cat,train
data\processed\images_128\cat_00544_flickr_cat_000615.jpg,cat,train
data\processed\images_128\dog_03891_pixabay_dog_003124.jpg,dog,train
data\processed\images_128\dog_03906_pixabay_dog_003140.jpg,dog,train
data\processed\images_128\dog_01360_pixabay_dog_000334.jpg,dog,train
data\processed\images_128\dog_00440_flickr_dog_000482.jpg,dog,train
data\processed\images_128\dog_05131_pixabay_dog_002857.jpg,dog,train
data\processed\images_128\cat_03849_pixabay_cat_003404.jpg,cat,train
data\processed\images_128\cat_05464_pixabay_cat_002650.jpg,cat,train
data\processed\images_128\dog_02375_pixabay_dog_001467.jpg,dog,train
data\processed\images_128\dog_03326_pixabay_dog_002504.jpg,dog,train
data\processed\images_128\dog_04525_pixabay_dog_003825.jpg,dog,train
data\processed\images_128\cat_03688_pixabay_cat_003234.jpg,cat,train
data\processed\images_128\cat_00351_flickr_cat_000398.jpg,cat,train
data\processed\images_128\cat_02108_pixabay_cat_001522.jpg,cat,train
data\processed\images_128\cat_04222_pixabay_cat_003816.jpg,cat,train
data\processed\images_128\cat_00227_flickr_cat_000260.jpg,cat,train
data\processed\images_128\cat_03531_pixabay_cat_003063.jpg,cat,train
data\processed\images_128\dog_02969_pixabay_dog_002110.jpg,dog,train
data\processed\images_128\dog_01749_pixabay_dog_000775.jpg,dog,train
data\processed\images_128\dog_04209_pixabay_dog_003477.jpg,dog,train
data\processed\images_128\cat_00976_pixabay_cat_000271.jpg,cat,train
data\processed\images_128\cat_01713_pixabay_cat_001094.jpg,cat,train
data\processed\images_128\dog_04249_pixabay_dog_003524.jpg,dog,train
data\processed\images_128\cat_00253_flickr_cat_000289.jpg,cat,train
data\processed\images_128\dog_00059_flickr_dog_000066.jpg,dog,train
data\processed\images_128\cat_02926_pixabay_cat_002403.jpg,cat,train
data\processed\images_128\dog_00787_flickr_dog_000880.jpg,dog,train
data\processed\images_128\dog_02019_pixabay_dog_001072.jpg,dog,train
data\processed\images_128\dog_04671_pixabay_dog_003982.jpg,dog,train
data\processed\images_128\cat_01474_pixabay_cat_000825.jpg,cat,train
data\processed\images_128\cat_04328_pixabay_cat_003934.jpg,cat,train
data\processed\images_128\cat_04047_pixabay_cat_003624.jpg,cat,train
data\processed\images_128\dog_01196_pixabay_dog_000147.jpg,dog,train
data\processed\images_128\dog_03864_pixabay_dog_003093.jpg,dog,train
data\processed\images_128\cat_04840_pixabay_cat_004487.jpg,cat,train
data\processed\images_128\cat_01153_pixabay_cat_000469.jpg,cat,train
data\processed\images_128\dog_01093_pixabay_dog_000034.jpg,dog,train
data\processed\images_128\dog_02415_pixabay_dog_001509.jpg,dog,train
data\processed\images_128\dog_00505_flickr_dog_000554.jpg,dog,train
data\processed\images_128\dog_04174_pixabay_dog_003438.jpg,dog,train
data\processed\images_128\cat_05134_pixabay_cat_004813.jpg,cat,train
data\processed\images_128\dog_00261_flickr_dog_000290.jpg,dog,train
data\processed\images_128\cat_02974_pixabay_cat_002456.jpg,cat,train
data\processed\images_128\cat_00788_pixabay_cat_000064.jpg,cat,train
data\processed\images_128\dog_03853_pixabay_dog_003081.jpg,dog,train
data\processed\images_128\cat_01103_pixabay_cat_000414.jpg,cat,train
data\processed\images_128\dog_04404_pixabay_dog_003691.jpg,dog,train
data\processed\images_128\dog_00618_flickr_dog_000685.jpg,dog,train
data\processed\images_128\dog_04374_pixabay_dog_003657.jpg,dog,train
data\processed\images_128\dog_00191_flickr_dog_000211.jpg,dog,train
data\processed\images_128\dog_04916_pixabay_dog_000499.jpg,dog,train
data\processed\images_128\cat_05624_pixabay_cat_004548.jpg,cat,train
data\processed\images_128\dog_03105_pixabay_dog_002264.jpg,dog,train
data\processed\images_128\cat_00853_pixabay_cat_000137.jpg,cat,train
data\processed\images_128\cat_02521_pixabay_cat_001959.jpg,cat,train
data\processed\images_128\cat_04107_pixabay_cat_003684.jpg,cat,train
data\processed\images_128\dog_02467_pixabay_dog_001566.jpg,dog,train
data\processed\images_128\dog_01760_pixabay_dog_000787.jpg,dog,train
data\processed\images_128\dog_04830_flickr_dog_000896.jpg,dog,train
data\processed\images_128\dog_00466_flickr_dog_000511.jpg,dog,train
data\processed\images_128\dog_04986_pixabay_dog_001199.jpg,dog,train
data\processed\images_128\cat_00406_flickr_cat_000458.jpg,cat,train
data\processed\images_128\dog_02107_pixabay_dog_001170.jpg,dog,train
data\processed\images_128\cat_01550_pixabay_cat_000915.jpg,cat,train
data\processed\images_128\cat_00155_flickr_cat_000170.jpg,cat,train
data\processed\images_128\dog_04469_pixabay_dog_003765.jpg,dog,train
data\processed\images_128\cat_03748_pixabay_cat_003295.jpg,cat,train
data\processed\images_128\cat_00492_flickr_cat_000552.jpg,cat,train
data\processed\images_128\dog_02256_pixabay_dog_001332.jpg,dog,train
data\processed\images_128\dog_04419_pixabay_dog_003707.jpg,dog,train
data\processed\images_128\dog_02087_pixabay_dog_001148.jpg,dog,train
data\processed\images_128\dog_04914_pixabay_dog_000491.jpg,dog,train
data\processed\images_128\cat_02251_pixabay_cat_001676.jpg,cat,train
data\processed\images_128\dog_00113_flickr_dog_000125.jpg,dog,train
data\processed\images_128\dog_00862_flickr_dog_000960.jpg,dog,train
data\processed\images_128\cat_02963_pixabay_cat_002444.jpg,cat,train
data\processed\images_128\dog_00724_flickr_dog_000807.jpg,dog,train
data\processed\images_128\dog_05230_pixabay_dog_003989.jpg,dog,train
data\processed\images_128\dog_02971_pixabay_dog_002112.jpg,dog,train
data\processed\images_128\cat_05195_flickr_cat_000372.jpg,cat,train
data\processed\images_128\cat_02603_pixabay_cat_002048.jpg,cat,train
data\processed\images_128\dog_02469_pixabay_dog_001572.jpg,dog,train
data\processed\images_128\dog_03791_pixabay_dog_003017.jpg,dog,train
data\processed\images_128\dog_03663_pixabay_dog_002878.jpg,dog,train
data\processed\images_128\dog_00803_flickr_dog_000897.jpg,dog,train
data\processed\images_128\cat_05140_pixabay_cat_004820.jpg,cat,train
data\processed\images_128\dog_00734_flickr_dog_000819.jpg,dog,train
data\processed\images_128\cat_04756_pixabay_cat_004395.jpg,cat,train
data\processed\images_128\cat_02040_pixabay_cat_001447.jpg,cat,train
data\processed\images_128\cat_03179_pixabay_cat_002675.jpg,cat,train
data\processed\images_128\dog_01448_pixabay_dog_000432.jpg,dog,train
data\processed\images_128\cat_04920_pixabay_cat_004575.jpg,cat,train
data\processed\images_128\dog_05029_pixabay_dog_001700.jpg,dog,train
data\processed\images_128\dog_01178_pixabay_dog_000127.jpg,dog,train
data\processed\images_128\cat_04519_pixabay_cat_004137.jpg,cat,train
data\processed\images_128\dog_04859_pixabay_dog_000017.jpg,dog,train
data\processed\images_128\dog_03817_pixabay_dog_003043.jpg,dog,train
data\processed\images_128\dog_03028_pixabay_dog_002180.jpg,dog,train
data\processed\images_128\cat_02689_pixabay_cat_002144.jpg,cat,train
data\processed\images_128\cat_01596_pixabay_cat_000963.jpg,cat,train
data\processed\images_128\cat_03643_pixabay_cat_003181.jpg,cat,train
data\processed\images_128\cat_03224_pixabay_cat_002726.jpg,cat,train
data\processed\images_128\cat_05223_flickr_cat_000629.jpg,cat,train
data\processed\images_128\cat_03577_pixabay_cat_003110.jpg,cat,train
data\processed\images_128\dog_03686_pixabay_dog_002904.jpg,dog,train
data\processed\images_128\dog_00121_flickr_dog_000133.jpg,dog,train
data\processed\images_128\dog_05175_pixabay_dog_003372.jpg,dog,train
data\processed\images_128\dog_00865_flickr_dog_000964.jpg,dog,train
data\processed\images_128\dog_03450_pixabay_dog_002641.jpg,dog,train
data\processed\images_128\cat_02259_pixabay_cat_001684.jpg,cat,train
data\processed\images_128\dog_00884_flickr_dog_000984.jpg,dog,train
data\processed\images_128\cat_03459_pixabay_cat_002981.jpg,cat,train
data\processed\images_128\cat_01275_pixabay_cat_000603.jpg,cat,train
data\processed\images_128\cat_00062_flickr_cat_000068.jpg,cat,train
data\processed\images_128\dog_05200_pixabay_dog_003591.jpg,dog,train
data\processed\images_128\dog_00647_flickr_dog_000721.jpg,dog,train
data\processed\images_128\cat_01505_pixabay_cat_000864.jpg,cat,train
data\processed\images_128\dog_03436_pixabay_dog_002627.jpg,dog,train
data\processed\images_128\cat_03258_pixabay_cat_002761.jpg,cat,train
data\processed\images_128\dog_02129_pixabay_dog_001194.jpg,dog,train
data\processed\images_128\cat_01356_pixabay_cat_000693.jpg,cat,train
data\processed\images_128\dog_01447_pixabay_dog_000431.jpg,dog,train
data\processed\images_128\cat_03696_pixabay_cat_003242.jpg,cat,train
data\processed\images_128\cat_03452_pixabay_cat_002974.jpg,cat,train
data\processed\images_128\cat_04118_pixabay_cat_003697.jpg,cat,train
data\processed\images_128\cat_05596_pixabay_cat_004189.jpg,cat,train
data\processed\images_128\cat_00561_flickr_cat_000634.jpg,cat,train
data\processed\images_128\cat_04546_pixabay_cat_004165.jpg,cat,train
data\processed\images_128\dog_04769_flickr_dog_000332.jpg,dog,train
data\processed\images_128\cat_01430_pixabay_cat_000777.jpg,cat,train
data\processed\images_128\cat_00881_pixabay_cat_000168.jpg,cat,train
data\processed\images_128\cat_01202_pixabay_cat_000523.jpg,cat,train
data\processed\images_128\dog_01306_pixabay_dog_000269.jpg,dog,train
data\processed\images_128\dog_03067_pixabay_dog_002221.jpg,dog,train
data\processed\images_128\dog_02602_pixabay_dog_001714.jpg,dog,train
data\processed\images_128\cat_01907_pixabay_cat_001302.jpg,cat,train
data\processed\images_128\dog_02052_pixabay_dog_001111.jpg,dog,train
data\processed\images_128\cat_04719_pixabay_cat_004355.jpg,cat,train
data\processed\images_128\dog_03740_pixabay_dog_002963.jpg,dog,train
data\processed\images_128\dog_04686_pixabay_dog_004001.jpg,dog,train
data\processed\images_128\cat_04003_pixabay_cat_003574.jpg,cat,train
data\processed\images_128\cat_03448_pixabay_cat_002969.jpg,cat,train
data\processed\images_128\dog_03955_pixabay_dog_003194.jpg,dog,train
data\processed\images_128\cat_02892_pixabay_cat_002367.jpg,cat,train
data\processed\images_128\cat_05644_pixabay_cat_004766.jpg,cat,train
data\processed\images_128\cat_02321_pixabay_cat_001752.jpg,cat,train
data\processed\images_128\cat_02091_pixabay_cat_001505.jpg,cat,train
data\processed\images_128\cat_03442_pixabay_cat_002963.jpg,cat,train
data\processed\images_128\cat_03539_pixabay_cat_003071.jpg,cat,train
data\processed\images_128\dog_04003_pixabay_dog_003245.jpg,dog,train
data\processed\images_128\cat_01077_pixabay_cat_000385.jpg,cat,train
data\processed\images_128\cat_01525_pixabay_cat_000886.jpg,cat,train
data\processed\images_128\cat_03965_pixabay_cat_003533.jpg,cat,train
data\processed\images_128\dog_04964_pixabay_dog_000982.jpg,dog,train
data\processed\images_128\dog_02373_pixabay_dog_001465.jpg,dog,train
data\processed\images_128\cat_01221_pixabay_cat_000546.jpg,cat,train
data\processed\images_128\dog_00796_flickr_dog_000889.jpg,dog,train
data\processed\images_128\dog_00499_flickr_dog_000547.jpg,dog,train
data\processed\images_128\cat_05419_pixabay_cat_002090.jpg,cat,train
data\processed\images_128\cat_05194_flickr_cat_000368.jpg,cat,train
data\processed\images_128\cat_04823_pixabay_cat_004467.jpg,cat,train
data\processed\images_128\cat_02791_pixabay_cat_002257.jpg,cat,train
data\processed\images_128\dog_03674_pixabay_dog_002889.jpg,dog,train
data\processed\images_128\dog_03622_pixabay_dog_002831.jpg,dog,train
data\processed\images_128\dog_02568_pixabay_dog_001676.jpg,dog,train
data\processed\images_128\cat_03072_pixabay_cat_002563.jpg,cat,train
data\processed\images_128\dog_02372_pixabay_dog_001464.jpg,dog,train
data\processed\images_128\dog_00282_flickr_dog_000312.jpg,dog,train
data\processed\images_128\dog_01938_pixabay_dog_000984.jpg,dog,train
data\processed\images_128\cat_02363_pixabay_cat_001795.jpg,cat,train
data\processed\images_128\dog_03772_pixabay_dog_002996.jpg,dog,train
data\processed\images_128\dog_03145_pixabay_dog_002308.jpg,dog,train
data\processed\images_128\cat_00715_flickr_cat_000804.jpg,cat,train
data\processed\images_128\dog_05137_pixabay_dog_002909.jpg,dog,train
data\processed\images_128\dog_03393_pixabay_dog_002579.jpg,dog,train
data\processed\images_128\cat_04898_pixabay_cat_004552.jpg,cat,train
data\processed\images_128\cat_04076_pixabay_cat_003653.jpg,cat,train
data\processed\images_128\dog_01394_pixabay_dog_000372.jpg,dog,train
data\processed\images_128\cat_03031_pixabay_cat_002519.jpg,cat,train
data\processed\images_128\dog_04509_pixabay_dog_003809.jpg,dog,train
data\processed\images_128\cat_05447_pixabay_cat_002398.jpg,cat,train
data\processed\images_128\cat_04409_pixabay_cat_004020.jpg,cat,train
data\processed\images_128\dog_01853_pixabay_dog_000892.jpg,dog,train
data\processed\images_128\cat_03699_pixabay_cat_003245.jpg,cat,train
data\processed\images_128\cat_01387_pixabay_cat_000727.jpg,cat,train
data\processed\images_128\cat_02522_pixabay_cat_001960.jpg,cat,train
data\processed\images_128\dog_04324_pixabay_dog_003606.jpg,dog,train
data\processed\images_128\dog_04660_pixabay_dog_003969.jpg,dog,train
data\processed\images_128\dog_00155_flickr_dog_000170.jpg,dog,train
data\processed\images_128\dog_00707_flickr_dog_000788.jpg,dog,train
data\processed\images_128\cat_01216_pixabay_cat_000539.jpg,cat,train
data\processed\images_128\dog_03666_pixabay_dog_002881.jpg,dog,train
data\processed\images_128\dog_02426_pixabay_dog_001520.jpg,dog,train
data\processed\images_128\cat_03208_pixabay_cat_002708.jpg,cat,train
data\processed\images_128\cat_01328_pixabay_cat_000662.jpg,cat,train
data\processed\images_128\dog_03248_pixabay_dog_002421.jpg,dog,train
data\processed\images_128\cat_02592_pixabay_cat_002036.jpg,cat,train
data\processed\images_128\dog_04806_flickr_dog_000695.jpg,dog,train
data\processed\images_128\cat_02235_pixabay_cat_001658.jpg,cat,train
data\processed\images_128\cat_04168_pixabay_cat_003758.jpg,cat,train
data\processed\images_128\cat_01400_pixabay_cat_000742.jpg,cat,train
data\processed\images_128\dog_03400_pixabay_dog_002587.jpg,dog,train
data\processed\images_128\dog_00026_flickr_dog_000028.jpg,dog,train
data\processed\images_128\dog_03632_pixabay_dog_002843.jpg,dog,train
data\processed\images_128\dog_01092_pixabay_dog_000033.jpg,dog,train
data\processed\images_128\dog_00167_flickr_dog_000184.jpg,dog,train
data\processed\images_128\dog_00722_flickr_dog_000804.jpg,dog,train
data\processed\images_128\dog_00772_flickr_dog_000865.jpg,dog,train
data\processed\images_128\cat_03698_pixabay_cat_003244.jpg,cat,train
data\processed\images_128\cat_02438_pixabay_cat_001872.jpg,cat,train
data\processed\images_128\dog_03311_pixabay_dog_002488.jpg,dog,train
data\processed\images_128\dog_04748_flickr_dog_000116.jpg,dog,train
data\processed\images_128\dog_03709_pixabay_dog_002928.jpg,dog,train
data\processed\images_128\dog_03332_pixabay_dog_002510.jpg,dog,train
data\processed\images_128\dog_03001_pixabay_dog_002147.jpg,dog,train
data\processed\images_128\cat_04795_pixabay_cat_004438.jpg,cat,train
data\processed\images_128\cat_01018_pixabay_cat_000320.jpg,cat,train
data\processed\images_128\cat_03280_pixabay_cat_002785.jpg,cat,train
data\processed\images_128\cat_04695_pixabay_cat_004328.jpg,cat,train
data\processed\images_128\cat_03537_pixabay_cat_003069.jpg,cat,train
data\processed\images_128\dog_04805_flickr_dog_000694.jpg,dog,train
data\processed\images_128\cat_04964_pixabay_cat_004627.jpg,cat,train
data\processed\images_128\cat_03540_pixabay_cat_003072.jpg,cat,train
data\processed\images_128\dog_04589_pixabay_dog_003892.jpg,dog,train
data\processed\images_128\dog_02038_pixabay_dog_001096.jpg,dog,train
data\processed\images_128\cat_02422_pixabay_cat_001855.jpg,cat,train
data\processed\images_128\dog_00939_flickr_dog_001048.jpg,dog,train
data\processed\images_128\dog_01003_flickr_dog_001121.jpg,dog,train
data\processed\images_128\cat_02368_pixabay_cat_001800.jpg,cat,train
data\processed\images_128\dog_04477_pixabay_dog_003777.jpg,dog,train
data\processed\images_128\cat_03857_pixabay_cat_003412.jpg,cat,train
data\processed\images_128\dog_05214_pixabay_dog_003751.jpg,dog,train
data\processed\images_128\dog_02731_pixabay_dog_001849.jpg,dog,train
data\processed\images_128\cat_02417_pixabay_cat_001850.jpg,cat,train
data\processed\images_128\dog_04260_pixabay_dog_003537.jpg,dog,train
data\processed\images_128\cat_03822_pixabay_cat_003376.jpg,cat,train
data\processed\images_128\dog_00057_flickr_dog_000064.jpg,dog,train
data\processed\images_128\dog_02460_pixabay_dog_001558.jpg,dog,train
data\processed\images_128\dog_05032_pixabay_dog_001799.jpg,dog,train
data\processed\images_128\cat_00497_flickr_cat_000559.jpg,cat,train
data\processed\images_128\dog_03894_pixabay_dog_003127.jpg,dog,train
data\processed\images_128\cat_00071_flickr_cat_000078.jpg,cat,train
data\processed\images_128\dog_02431_pixabay_dog_001527.jpg,dog,train
data\processed\images_128\cat_00463_flickr_cat_000517.jpg,cat,train
data\processed\images_128\cat_01973_pixabay_cat_001376.jpg,cat,train
data\processed\images_128\dog_00316_flickr_dog_000350.jpg,dog,train
data\processed\images_128\cat_02446_pixabay_cat_001880.jpg,cat,train
data\processed\images_128\dog_04744_flickr_dog_000079.jpg,dog,train
data\processed\images_128\cat_05620_pixabay_cat_004513.jpg,cat,train
data\processed\images_128\cat_03164_pixabay_cat_002658.jpg,cat,train
data\processed\images_128\dog_03563_pixabay_dog_002763.jpg,dog,train
data\processed\images_128\cat_04655_pixabay_cat_004285.jpg,cat,train
data\processed\images_128\dog_03541_pixabay_dog_002738.jpg,dog,train
data\processed\images_128\cat_01687_pixabay_cat_001064.jpg,cat,train
data\processed\images_128\cat_01984_pixabay_cat_001388.jpg,cat,train
data\processed\images_128\cat_04255_pixabay_cat_003852.jpg,cat,train
data\processed\images_128\dog_01415_pixabay_dog_000397.jpg,dog,train
data\processed\images_128\cat_02388_pixabay_cat_001821.jpg,cat,train
data\processed\images_128\cat_00094_flickr_cat_000103.jpg,cat,train
data\processed\images_128\cat_02171_pixabay_cat_001587.jpg,cat,train
data\processed\images_128\cat_04643_pixabay_cat_004273.jpg,cat,train
data\processed\images_128\dog_03479_pixabay_dog_002673.jpg,dog,train
data\processed\images_128\dog_05221_pixabay_dog_003891.jpg,dog,train
data\processed\images_128\dog_03293_pixabay_dog_002470.jpg,dog,train
data\processed\images_128\cat_03836_pixabay_cat_003390.jpg,cat,train
data\processed\images_128\dog_04663_pixabay_dog_003972.jpg,dog,train
data\processed\images_128\cat_03166_pixabay_cat_002660.jpg,cat,train
data\processed\images_128\cat_04516_pixabay_cat_004134.jpg,cat,train
data\processed\images_128\dog_02423_pixabay_dog_001517.jpg,dog,train
data\processed\images_128\dog_02607_pixabay_dog_001719.jpg,dog,train
data\processed\images_128\cat_01716_pixabay_cat_001097.jpg,cat,train
data\processed\images_128\cat_03405_pixabay_cat_002924.jpg,cat,train
data\processed\images_128\cat_03316_pixabay_cat_002824.jpg,cat,train
data\processed\images_128\cat_00653_flickr_cat_000734.jpg,cat,train
data\processed\images_128\dog_03974_pixabay_dog_003214.jpg,dog,train
data\processed\images_128\dog_03775_pixabay_dog_002999.jpg,dog,train
data\processed\images_128\cat_03088_pixabay_cat_002579.jpg,cat,train
data\processed\images_128\cat_05334_pixabay_cat_000893.jpg,cat,train
data\processed\images_128\dog_02534_pixabay_dog_001639.jpg,dog,train
data\processed\images_128\cat_04884_pixabay_cat_004535.jpg,cat,train
data\processed\images_128\cat_04744_pixabay_cat_004383.jpg,cat,train
data\processed\images_128\cat_02501_pixabay_cat_001937.jpg,cat,train
data\processed\images_128\dog_02873_pixabay_dog_002007.jpg,dog,train
data\processed\images_128\cat_03170_pixabay_cat_002666.jpg,cat,train
data\processed\images_128\dog_02540_pixabay_dog_001645.jpg,dog,train
data\processed\images_128\dog_04009_pixabay_dog_003253.jpg,dog,train
data\processed\images_128\cat_02407_pixabay_cat_001840.jpg,cat,train
data\processed\images_128\cat_02487_pixabay_cat_001923.jpg,cat,train
data\processed\images_128\cat_02639_pixabay_cat_002087.jpg,cat,train
data\processed\images_128\cat_03741_pixabay_cat_003288.jpg,cat,train
data\processed\images_128\dog_00553_flickr_dog_000609.jpg,dog,train
data\processed\images_128\cat_03988_pixabay_cat_003557.jpg,cat,train
data\processed\images_128\dog_04072_pixabay_dog_003321.jpg,dog,train
data\processed\images_128\cat_03766_pixabay_cat_003314.jpg,cat,train
data\processed\images_128\dog_03628_pixabay_dog_002837.jpg,dog,train
data\processed\images_128\dog_02462_pixabay_dog_001560.jpg,dog,train
data\processed\images_128\cat_01045_pixabay_cat_000350.jpg,cat,train
data\processed\images_128\cat_05015_pixabay_cat_004684.jpg,cat,train
data\processed\images_128\dog_01621_pixabay_dog_000635.jpg,dog,train
data\processed\images_128\dog_03724_pixabay_dog_002944.jpg,dog,train
data\processed\images_128\dog_03923_pixabay_dog_003158.jpg,dog,train
data\processed\images_128\dog_02623_pixabay_dog_001736.jpg,dog,train
data\processed\images_128\dog_04875_pixabay_dog_000201.jpg,dog,train
data\processed\images_128\dog_03838_pixabay_dog_003064.jpg,dog,train
data\processed\images_128\dog_02039_pixabay_dog_001097.jpg,dog,train
data\processed\images_128\cat_02993_pixabay_cat_002479.jpg,cat,train
data\processed\images_128\dog_04230_pixabay_dog_003503.jpg,dog,train
data\processed\images_128\cat_04434_pixabay_cat_004048.jpg,cat,train
data\processed\images_128\cat_02628_pixabay_cat_002074.jpg,cat,train
data\processed\images_128\cat_02683_pixabay_cat_002136.jpg,cat,train
data\processed\images_128\cat_00259_flickr_cat_000296.jpg,cat,train
data\processed\images_128\cat_02070_pixabay_cat_001483.jpg,cat,train
data\processed\images_128\dog_00999_flickr_dog_001116.jpg,dog,train
data\processed\images_128\cat_02462_pixabay_cat_001897.jpg,cat,train
data\processed\images_128\cat_01090_pixabay_cat_000400.jpg,cat,train
data\processed\images_128\cat_04037_pixabay_cat_003612.jpg,cat,train
data\processed\images_128\dog_00991_flickr_dog_001108.jpg,dog,train
data\processed\images_128\cat_01418_pixabay_cat_000765.jpg,cat,train
data\processed\images_128\dog_02888_pixabay_dog_002023.jpg,dog,train
data\processed\images_128\dog_02566_pixabay_dog_001674.jpg,dog,train
data\processed\images_128\dog_03027_pixabay_dog_002179.jpg,dog,train
data\processed\images_128\dog_04495_pixabay_dog_003795.jpg,dog,train
data\processed\images_128\cat_03514_pixabay_cat_003044.jpg,cat,train
data\processed\images_128\cat_02746_pixabay_cat_002208.jpg,cat,train
data\processed\images_128\dog_04603_pixabay_dog_003906.jpg,dog,train
data\processed\images_128\cat_00585_flickr_cat_000662.jpg,cat,train
data\processed\images_128\dog_02754_pixabay_dog_001874.jpg,dog,train
data\processed\images_128\cat_04495_pixabay_cat_004113.jpg,cat,train
data\processed\images_128\cat_04068_pixabay_cat_003645.jpg,cat,train
data\processed\images_128\dog_01703_pixabay_dog_000726.jpg,dog,train
data\processed\images_128\cat_04060_pixabay_cat_003637.jpg,cat,train
data\processed\images_128\cat_03608_pixabay_cat_003144.jpg,cat,train
data\processed\images_128\cat_00212_flickr_cat_000244.jpg,cat,train
data\processed\images_128\dog_03762_pixabay_dog_002986.jpg,dog,train
data\processed\images_128\cat_00164_flickr_cat_000187.jpg,cat,train
data\processed\images_128\dog_04409_pixabay_dog_003696.jpg,dog,train
data\processed\images_128\dog_01695_pixabay_dog_000716.jpg,dog,train
data\processed\images_128\dog_03708_pixabay_dog_002927.jpg,dog,train
data\processed\images_128\cat_05585_pixabay_cat_004063.jpg,cat,train
data\processed\images_128\dog_01160_pixabay_dog_000107.jpg,dog,train
data\processed\images_128\dog_03662_pixabay_dog_002876.jpg,dog,train
data\processed\images_128\cat_01330_pixabay_cat_000665.jpg,cat,train
data\processed\images_128\cat_04457_pixabay_cat_004072.jpg,cat,train
data\processed\images_128\cat_03218_pixabay_cat_002719.jpg,cat,train
data\processed\images_128\dog_03119_pixabay_dog_002278.jpg,dog,train
data\processed\images_128\dog_02992_pixabay_dog_002137.jpg,dog,train
data\processed\images_128\cat_01264_pixabay_cat_000591.jpg,cat,train
data\processed\images_128\cat_02713_pixabay_cat_002171.jpg,cat,train
data\processed\images_128\dog_04776_flickr_dog_000454.jpg,dog,train
data\processed\images_128\cat_02409_pixabay_cat_001842.jpg,cat,train
data\processed\images_128\cat_00400_flickr_cat_000452.jpg,cat,train
data\processed\images_128\dog_01245_pixabay_dog_000202.jpg,dog,train
data\processed\images_128\cat_00691_flickr_cat_000779.jpg,cat,train
data\processed\images_128\dog_03139_pixabay_dog_002300.jpg,dog,train
data\processed\images_128\dog_00427_flickr_dog_000469.jpg,dog,train
data\processed\images_128\cat_02154_pixabay_cat_001570.jpg,cat,train
data\processed\images_128\dog_00243_flickr_dog_000272.jpg,dog,train
data\processed\images_128\cat_04225_pixabay_cat_003819.jpg,cat,train
data\processed\images_128\cat_01322_pixabay_cat_000656.jpg,cat,train
data\processed\images_128\cat_00663_flickr_cat_000744.jpg,cat,train
data\processed\images_128\cat_04429_pixabay_cat_004042.jpg,cat,train
data\processed\images_128\dog_03245_pixabay_dog_002417.jpg,dog,train
data\processed\images_128\dog_03017_pixabay_dog_002168.jpg,dog,train
data\processed\images_128\dog_05045_pixabay_dog_001924.jpg,dog,train
data\processed\images_128\dog_01401_pixabay_dog_000380.jpg,dog,train
data\processed\images_128\cat_02230_pixabay_cat_001652.jpg,cat,train
data\processed\images_128\cat_03880_pixabay_cat_003438.jpg,cat,train
data\processed\images_128\cat_00780_pixabay_cat_000056.jpg,cat,train
data\processed\images_128\dog_00871_flickr_dog_000970.jpg,dog,train
data\processed\images_128\dog_02000_pixabay_dog_001051.jpg,dog,train
data\processed\images_128\cat_02164_pixabay_cat_001580.jpg,cat,train
data\processed\images_128\dog_04563_pixabay_dog_003864.jpg,dog,train
data\processed\images_128\dog_01211_pixabay_dog_000163.jpg,dog,train
data\processed\images_128\dog_00512_flickr_dog_000561.jpg,dog,train
data\processed\images_128\cat_04021_pixabay_cat_003594.jpg,cat,train
data\processed\images_128\cat_01308_pixabay_cat_000641.jpg,cat,train
data\processed\images_128\dog_03111_pixabay_dog_002270.jpg,dog,train
data\processed\images_128\dog_00986_flickr_dog_001103.jpg,dog,train
data\processed\images_128\cat_05437_pixabay_cat_002267.jpg,cat,train
data\processed\images_128\dog_01840_pixabay_dog_000878.jpg,dog,train
data\processed\images_128\dog_03976_pixabay_dog_003216.jpg,dog,train
data\processed\images_128\dog_02308_pixabay_dog_001395.jpg,dog,train
data\processed\images_128\dog_05218_pixabay_dog_003776.jpg,dog,train
data\processed\images_128\dog_04089_pixabay_dog_003341.jpg,dog,train
data\processed\images_128\cat_01591_pixabay_cat_000958.jpg,cat,train
data\processed\images_128\dog_01931_pixabay_dog_000976.jpg,dog,train
data\processed\images_128\cat_01350_pixabay_cat_000687.jpg,cat,train
data\processed\images_128\cat_02110_pixabay_cat_001524.jpg,cat,train
data\processed\images_128\dog_05039_pixabay_dog_001880.jpg,dog,train
data\processed\images_128\cat_02749_pixabay_cat_002211.jpg,cat,train
data\processed\images_128\cat_03934_pixabay_cat_003498.jpg,cat,train
data\processed\images_128\cat_03137_pixabay_cat_002629.jpg,cat,train
data\processed\images_128\dog_01278_pixabay_dog_000237.jpg,dog,train
data\processed\images_128\cat_05386_pixabay_cat_001562.jpg,cat,train
data\processed\images_128\dog_00061_flickr_dog_000068.jpg,dog,train
data\processed\images_128\cat_05588_pixabay_cat_004104.jpg,cat,train
data\processed\images_128\cat_03900_pixabay_cat_003460.jpg,cat,train
data\processed\images_128\dog_00649_flickr_dog_000723.jpg,dog,train
data\processed\images_128\dog_05067_pixabay_dog_002152.jpg,dog,train
data\processed\images_128\cat_04278_pixabay_cat_003876.jpg,cat,train
data\processed\images_128\cat_05304_pixabay_cat_000651.jpg,cat,train
data\processed\images_128\dog_02180_pixabay_dog_001254.jpg,dog,train
data\processed\images_128\cat_00717_flickr_cat_000806.jpg,cat,train
data\processed\images_128\dog_00908_flickr_dog_001013.jpg,dog,train
data\processed\images_128\cat_02927_pixabay_cat_002404.jpg,cat,train
data\processed\images_128\cat_01573_pixabay_cat_000940.jpg,cat,train
data\processed\images_128\cat_03112_pixabay_cat_002604.jpg,cat,train
data\processed\images_128\cat_01083_pixabay_cat_000393.jpg,cat,train
data\processed\images_128\dog_03476_pixabay_dog_002669.jpg,dog,train
data\processed\images_128\dog_00849_flickr_dog_000945.jpg,dog,train
data\processed\images_128\cat_00003_flickr_cat_000005.jpg,cat,train
data\processed\images_128\dog_01782_pixabay_dog_000813.jpg,dog,train
data\processed\images_128\dog_03921_pixabay_dog_003156.jpg,dog,train
data\processed\images_128\dog_01820_pixabay_dog_000857.jpg,dog,train
data\processed\images_128\dog_04397_pixabay_dog_003684.jpg,dog,train
data\processed\images_128\dog_03089_pixabay_dog_002248.jpg,dog,train
data\processed\images_128\dog_01613_pixabay_dog_000627.jpg,dog,train
data\processed\images_128\dog_01756_pixabay_dog_000783.jpg,dog,train
data\processed\images_128\cat_04866_pixabay_cat_004516.jpg,cat,train
data\processed\images_128\cat_01001_pixabay_cat_000300.jpg,cat,train
data\processed\images_128\cat_01523_pixabay_cat_000884.jpg,cat,train
data\processed\images_128\dog_00397_flickr_dog_000435.jpg,dog,train
data\processed\images_128\dog_02688_pixabay_dog_001803.jpg,dog,train
data\processed\images_128\cat_04447_pixabay_cat_004061.jpg,cat,train
data\processed\images_128\cat_01128_pixabay_cat_000442.jpg,cat,train
data\processed\images_128\dog_03186_pixabay_dog_002353.jpg,dog,train
data\processed\images_128\cat_04198_pixabay_cat_003789.jpg,cat,train
data\processed\images_128\cat_02302_pixabay_cat_001733.jpg,cat,train
data\processed\images_128\dog_02199_pixabay_dog_001273.jpg,dog,train
data\processed\images_128\dog_01067_pixabay_dog_000006.jpg,dog,train
data\processed\images_128\cat_03725_pixabay_cat_003272.jpg,cat,train
data\processed\images_128\dog_04656_pixabay_dog_003965.jpg,dog,train
data\processed\images_128\cat_02136_pixabay_cat_001551.jpg,cat,train
data\processed\images_128\cat_02129_pixabay_cat_001544.jpg,cat,train
data\processed\images_128\cat_00117_flickr_cat_000128.jpg,cat,train
data\processed\images_128\cat_03139_pixabay_cat_002631.jpg,cat,train
data\processed\images_128\cat_03637_pixabay_cat_003175.jpg,cat,train
data\processed\images_128\cat_05212_flickr_cat_000557.jpg,cat,train
data\processed\images_128\cat_04011_pixabay_cat_003584.jpg,cat,train
data\processed\images_128\cat_01941_pixabay_cat_001338.jpg,cat,train
data\processed\images_128\dog_02472_pixabay_dog_001576.jpg,dog,train
data\processed\images_128\cat_03697_pixabay_cat_003243.jpg,cat,train
data\processed\images_128\cat_03728_pixabay_cat_003275.jpg,cat,train
data\processed\images_128\cat_01148_pixabay_cat_000463.jpg,cat,train
data\processed\images_128\dog_00961_flickr_dog_001075.jpg,dog,train
data\processed\images_128\cat_03559_pixabay_cat_003092.jpg,cat,train
data\processed\images_128\cat_04876_pixabay_cat_004527.jpg,cat,train
data\processed\images_128\cat_01471_pixabay_cat_000822.jpg,cat,train
data\processed\images_128\cat_05320_pixabay_cat_000803.jpg,cat,train
data\processed\images_128\dog_00148_flickr_dog_000163.jpg,dog,train
data\processed\images_128\cat_02925_pixabay_cat_002402.jpg,cat,train
data\processed\images_128\cat_05548_pixabay_cat_003686.jpg,cat,train
data\processed\images_128\cat_03893_pixabay_cat_003452.jpg,cat,train
data\processed\images_128\dog_05000_pixabay_dog_001361.jpg,dog,train
data\processed\images_128\cat_02828_pixabay_cat_002296.jpg,cat,train
data\processed\images_128\cat_03186_pixabay_cat_002682.jpg,cat,train
data\processed\images_128\dog_01442_pixabay_dog_000426.jpg,dog,train
data\processed\images_128\cat_01205_pixabay_cat_000526.jpg,cat,train
data\processed\images_128\dog_04618_pixabay_dog_003923.jpg,dog,train
data\processed\images_128\dog_01955_pixabay_dog_001001.jpg,dog,train
data\processed\images_128\cat_05291_pixabay_cat_000518.jpg,cat,train
data\processed\images_128\dog_03783_pixabay_dog_003007.jpg,dog,train
data\processed\images_128\cat_00665_flickr_cat_000748.jpg,cat,train
data\processed\images_128\cat_00749_pixabay_cat_000022.jpg,cat,train
data\processed\images_128\cat_02039_pixabay_cat_001446.jpg,cat,train
data\processed\images_128\dog_02252_pixabay_dog_001328.jpg,dog,train
data\processed\images_128\dog_04478_pixabay_dog_003778.jpg,dog,train
data\processed\images_128\cat_04273_pixabay_cat_003870.jpg,cat,train
data\processed\images_128\dog_04883_pixabay_dog_000277.jpg,dog,train
data\processed\images_128\dog_02513_pixabay_dog_001618.jpg,dog,train
data\processed\images_128\cat_00316_flickr_cat_000359.jpg,cat,train
data\processed\images_128\cat_03056_pixabay_cat_002545.jpg,cat,train
data\processed\images_128\cat_02956_pixabay_cat_002434.jpg,cat,train
data\processed\images_128\dog_01418_pixabay_dog_000400.jpg,dog,train
data\processed\images_128\dog_04987_pixabay_dog_001205.jpg,dog,train
data\processed\images_128\cat_00798_pixabay_cat_000075.jpg,cat,train
data\processed\images_128\cat_01038_pixabay_cat_000342.jpg,cat,train
data\processed\images_128\dog_02924_pixabay_dog_002063.jpg,dog,train
data\processed\images_128\dog_04513_pixabay_dog_003813.jpg,dog,train
data\processed\images_128\cat_03502_pixabay_cat_003030.jpg,cat,train
data\processed\images_128\dog_00982_flickr_dog_001098.jpg,dog,train
data\processed\images_128\cat_01315_pixabay_cat_000648.jpg,cat,train
data\processed\images_128\cat_03260_pixabay_cat_002763.jpg,cat,train
data\processed\images_128\dog_03504_pixabay_dog_002701.jpg,dog,train
data\processed\images_128\dog_00389_flickr_dog_000427.jpg,dog,train
data\processed\images_128\dog_05021_pixabay_dog_001570.jpg,dog,train
data\processed\images_128\cat_01489_pixabay_cat_000846.jpg,cat,train
data\processed\images_128\cat_00172_flickr_cat_000196.jpg,cat,train
data\processed\images_128\cat_00796_pixabay_cat_000073.jpg,cat,train
data\processed\images_128\cat_01398_pixabay_cat_000740.jpg,cat,train
data\processed\images_128\dog_00801_flickr_dog_000894.jpg,dog,train
data\processed\images_128\cat_02030_pixabay_cat_001436.jpg,cat,train
data\processed\images_128\cat_03846_pixabay_cat_003401.jpg,cat,train
data\processed\images_128\cat_01646_pixabay_cat_001020.jpg,cat,train
data\processed\images_128\cat_04166_pixabay_cat_003756.jpg,cat,train
data\processed\images_128\cat_03627_pixabay_cat_003164.jpg,cat,train
data\processed\images_128\cat_04386_pixabay_cat_003995.jpg,cat,train
data\processed\images_128\cat_03353_pixabay_cat_002866.jpg,cat,train
data\processed\images_128\cat_00800_pixabay_cat_000078.jpg,cat,train
data\processed\images_128\cat_03800_pixabay_cat_003349.jpg,cat,train
data\processed\images_128\dog_00372_flickr_dog_000409.jpg,dog,train
data\processed\images_128\dog_04448_pixabay_dog_003742.jpg,dog,train
data\processed\images_128\dog_01682_pixabay_dog_000701.jpg,dog,train
data\processed\images_128\cat_05099_pixabay_cat_004773.jpg,cat,train
data\processed\images_128\cat_03187_pixabay_cat_002683.jpg,cat,train
data\processed\images_128\cat_02056_pixabay_cat_001468.jpg,cat,train
data\processed\images_128\dog_01151_pixabay_dog_000098.jpg,dog,train
data\processed\images_128\dog_05210_pixabay_dog_003726.jpg,dog,train
data\processed\images_128\dog_00604_flickr_dog_000669.jpg,dog,train
data\processed\images_128\dog_03500_pixabay_dog_002695.jpg,dog,train
data\processed\images_128\dog_01194_pixabay_dog_000145.jpg,dog,train
data\processed\images_128\cat_02877_pixabay_cat_002352.jpg,cat,train
data\processed\images_128\cat_00704_flickr_cat_000792.jpg,cat,train
data\processed\images_128\dog_04082_pixabay_dog_003332.jpg,dog,train
data\processed\images_128\cat_00002_flickr_cat_000004.jpg,cat,train
data\processed\images_128\dog_05070_pixabay_dog_002176.jpg,dog,train
data\processed\images_128\cat_00478_flickr_cat_000538.jpg,cat,train
data\processed\images_128\cat_05182_flickr_cat_000238.jpg,cat,train
data\processed\images_128\dog_02382_pixabay_dog_001474.jpg,dog,train
data\processed\images_128\cat_00112_flickr_cat_000122.jpg,cat,train
data\processed\images_128\cat_02085_pixabay_cat_001498.jpg,cat,train
data\processed\images_128\dog_04399_pixabay_dog_003686.jpg,dog,train
data\processed\images_128\dog_04180_pixabay_dog_003444.jpg,dog,train
data\processed\images_128\cat_00738_pixabay_cat_000011.jpg,cat,train
data\processed\images_128\cat_02864_pixabay_cat_002336.jpg,cat,train
data\processed\images_128\dog_04418_pixabay_dog_003706.jpg,dog,train
data\processed\images_128\cat_01171_pixabay_cat_000487.jpg,cat,train
data\processed\images_128\dog_05232_pixabay_dog_003997.jpg,dog,train
data\processed\images_128\cat_00824_pixabay_cat_000105.jpg,cat,train
data\processed\images_128\cat_01939_pixabay_cat_001336.jpg,cat,train
data\processed\images_128\cat_01300_pixabay_cat_000631.jpg,cat,train
data\processed\images_128\cat_01333_pixabay_cat_000670.jpg,cat,train
data\processed\images_128\dog_01120_pixabay_dog_000065.jpg,dog,train
data\processed\images_128\cat_01658_pixabay_cat_001033.jpg,cat,train
data\processed\images_128\dog_01191_pixabay_dog_000142.jpg,dog,train
data\processed\images_128\cat_02420_pixabay_cat_001853.jpg,cat,train
data\processed\images_128\cat_04536_pixabay_cat_004155.jpg,cat,train
data\processed\images_128\cat_04432_pixabay_cat_004046.jpg,cat,train
data\processed\images_128\dog_01062_flickr_dog_001183.jpg,dog,train
data\processed\images_128\cat_03265_pixabay_cat_002768.jpg,cat,train
data\processed\images_128\cat_04918_pixabay_cat_004573.jpg,cat,train
data\processed\images_128\dog_01559_pixabay_dog_000565.jpg,dog,train
data\processed\images_128\dog_04711_pixabay_dog_004029.jpg,dog,train
data\processed\images_128\dog_02536_pixabay_dog_001641.jpg,dog,train
data\processed\images_128\dog_04218_pixabay_dog_003488.jpg,dog,train
data\processed\images_128\cat_01008_pixabay_cat_000308.jpg,cat,train
data\processed\images_128\dog_02633_pixabay_dog_001746.jpg,dog,train
data\processed\images_128\cat_01099_pixabay_cat_000410.jpg,cat,train
data\processed\images_128\cat_04325_pixabay_cat_003930.jpg,cat,train
data\processed\images_128\cat_00847_pixabay_cat_000131.jpg,cat,train
data\processed\images_128\cat_05120_pixabay_cat_004798.jpg,cat,train
data\processed\images_128\cat_03173_pixabay_cat_002669.jpg,cat,train
data\processed\images_128\cat_02261_pixabay_cat_001686.jpg,cat,train
data\processed\images_128\cat_04937_pixabay_cat_004594.jpg,cat,train
data\processed\images_128\cat_00059_flickr_cat_000065.jpg,cat,train
data\processed\images_128\dog_04061_pixabay_dog_003310.jpg,dog,train
data\processed\images_128\dog_02485_pixabay_dog_001589.jpg,dog,train
data\processed\images_128\cat_01755_pixabay_cat_001139.jpg,cat,train
data\processed\images_128\dog_02393_pixabay_dog_001485.jpg,dog,train
data\processed\images_128\dog_02746_pixabay_dog_001866.jpg,dog,train
data\processed\images_128\cat_01081_pixabay_cat_000389.jpg,cat,train
data\processed\images_128\cat_03687_pixabay_cat_003233.jpg,cat,train
data\processed\images_128\dog_01235_pixabay_dog_000191.jpg,dog,train
data\processed\images_128\dog_03748_pixabay_dog_002971.jpg,dog,train
data\processed\images_128\cat_02186_pixabay_cat_001603.jpg,cat,train
data\processed\images_128\dog_02631_pixabay_dog_001744.jpg,dog,train
data\processed\images_128\cat_02795_pixabay_cat_002261.jpg,cat,train
data\processed\images_128\cat_03866_pixabay_cat_003423.jpg,cat,train
data\processed\images_128\dog_02511_pixabay_dog_001616.jpg,dog,train
data\processed\images_128\dog_03617_pixabay_dog_002825.jpg,dog,train
data\processed\images_128\dog_02811_pixabay_dog_001940.jpg,dog,train
data\processed\images_128\cat_04404_pixabay_cat_004014.jpg,cat,train
data\processed\images_128\dog_01189_pixabay_dog_000139.jpg,dog,train
data\processed\images_128\cat_04256_pixabay_cat_003853.jpg,cat,train
data\processed\images_128\dog_00630_flickr_dog_000700.jpg,dog,train
data\processed\images_128\cat_04136_pixabay_cat_003718.jpg,cat,train
data\processed\images_128\cat_04707_pixabay_cat_004342.jpg,cat,train
data\processed\images_128\cat_01672_pixabay_cat_001048.jpg,cat,train
data\processed\images_128\dog_04159_pixabay_dog_003423.jpg,dog,train
data\processed\images_128\cat_02370_pixabay_cat_001802.jpg,cat,train
data\processed\images_128\dog_04190_pixabay_dog_003456.jpg,dog,train
data\processed\images_128\dog_02150_pixabay_dog_001220.jpg,dog,train
data\processed\images_128\cat_00898_pixabay_cat_000188.jpg,cat,train
data\processed\images_128\cat_00103_flickr_cat_000113.jpg,cat,train
data\processed\images_128\dog_04552_pixabay_dog_003852.jpg,dog,train
data\processed\images_128\cat_01527_pixabay_cat_000888.jpg,cat,train
data\processed\images_128\dog_05110_pixabay_dog_002647.jpg,dog,train
data\processed\images_128\cat_00321_flickr_cat_000364.jpg,cat,train
data\processed\images_128\dog_03889_pixabay_dog_003120.jpg,dog,train
data\processed\images_128\dog_02255_pixabay_dog_001331.jpg,dog,train
data\processed\images_128\dog_02405_pixabay_dog_001498.jpg,dog,train
data\processed\images_128\dog_05101_pixabay_dog_002548.jpg,dog,train
data\processed\images_128\dog_03711_pixabay_dog_002931.jpg,dog,train
data\processed\images_128\cat_02668_pixabay_cat_002118.jpg,cat,train
data\processed\images_128\dog_04294_pixabay_dog_003575.jpg,dog,train
data\processed\images_128\dog_03350_pixabay_dog_002531.jpg,dog,train
data\processed\images_128\cat_02128_pixabay_cat_001543.jpg,cat,train
data\processed\images_128\cat_01759_pixabay_cat_001145.jpg,cat,train
data\processed\images_128\cat_03791_pixabay_cat_003339.jpg,cat,train
data\processed\images_128\dog_02278_pixabay_dog_001359.jpg,dog,train
data\processed\images_128\dog_00793_flickr_dog_000886.jpg,dog,train
data\processed\images_128\cat_02647_pixabay_cat_002096.jpg,cat,train
data\processed\images_128\dog_03413_pixabay_dog_002601.jpg,dog,train
data\processed\images_128\cat_00260_flickr_cat_000297.jpg,cat,train
data\processed\images_128\dog_03120_pixabay_dog_002280.jpg,dog,train
data\processed\images_128\dog_03714_pixabay_dog_002934.jpg,dog,train
data\processed\images_128\cat_02367_pixabay_cat_001799.jpg,cat,train
data\processed\images_128\dog_01125_pixabay_dog_000070.jpg,dog,train
data\processed\images_128\cat_00201_flickr_cat_000228.jpg,cat,train
data\processed\images_128\cat_04935_pixabay_cat_004592.jpg,cat,train
data\processed\images_128\dog_01596_pixabay_dog_000606.jpg,dog,train
data\processed\images_128\dog_05081_pixabay_dog_002307.jpg,dog,train
data\processed\images_128\dog_03208_pixabay_dog_002377.jpg,dog,train
data\processed\images_128\dog_04193_pixabay_dog_003459.jpg,dog,train
data\processed\images_128\cat_02001_pixabay_cat_001407.jpg,cat,train
data\processed\images_128\dog_00564_flickr_dog_000622.jpg,dog,train
data\processed\images_128\cat_02709_pixabay_cat_002167.jpg,cat,train
data\processed\images_128\cat_03161_pixabay_cat_002655.jpg,cat,train
data\processed\images_128\cat_00455_flickr_cat_000508.jpg,cat,train
data\processed\images_128\dog_01713_pixabay_dog_000736.jpg,dog,train
data\processed\images_128\dog_02091_pixabay_dog_001152.jpg,dog,train
data\processed\images_128\cat_04384_pixabay_cat_003993.jpg,cat,train
data\processed\images_128\dog_05183_pixabay_dog_003448.jpg,dog,train
data\processed\images_128\cat_03967_pixabay_cat_003535.jpg,cat,train
data\processed\images_128\cat_02935_pixabay_cat_002413.jpg,cat,train
data\processed\images_128\cat_05095_pixabay_cat_004769.jpg,cat,train
data\processed\images_128\cat_02581_pixabay_cat_002025.jpg,cat,train
data\processed\images_128\cat_05466_pixabay_cat_002662.jpg,cat,train
data\processed\images_128\cat_02574_pixabay_cat_002018.jpg,cat,train
data\processed\images_128\cat_00222_flickr_cat_000255.jpg,cat,train
data\processed\images_128\cat_01893_pixabay_cat_001288.jpg,cat,train
data\processed\images_128\cat_00129_flickr_cat_000141.jpg,cat,train
data\processed\images_128\dog_01608_pixabay_dog_000622.jpg,dog,train
data\processed\images_128\dog_01936_pixabay_dog_000981.jpg,dog,train
data\processed\images_128\dog_04516_pixabay_dog_003816.jpg,dog,train
data\processed\images_128\dog_02675_pixabay_dog_001788.jpg,dog,train
data\processed\images_128\cat_01367_pixabay_cat_000706.jpg,cat,train
data\processed\images_128\dog_00807_flickr_dog_000901.jpg,dog,train
data\processed\images_128\dog_03670_pixabay_dog_002885.jpg,dog,train
data\processed\images_128\cat_01774_pixabay_cat_001160.jpg,cat,train
data\processed\images_128\cat_05262_pixabay_cat_000202.jpg,cat,train
data\processed\images_128\cat_05510_pixabay_cat_003197.jpg,cat,train
data\processed\images_128\dog_03606_pixabay_dog_002814.jpg,dog,train
data\processed\images_128\dog_03161_pixabay_dog_002327.jpg,dog,train
data\processed\images_128\dog_03770_pixabay_dog_002994.jpg,dog,train
data\processed\images_128\cat_04786_pixabay_cat_004428.jpg,cat,train
data\processed\images_128\cat_00183_flickr_cat_000207.jpg,cat,train
data\processed\images_128\cat_01059_pixabay_cat_000366.jpg,cat,train
data\processed\images_128\cat_00970_pixabay_cat_000265.jpg,cat,train
data\processed\images_128\dog_01837_pixabay_dog_000874.jpg,dog,train
data\processed\images_128\dog_00603_flickr_dog_000668.jpg,dog,train
data\processed\images_128\cat_00248_flickr_cat_000282.jpg,cat,train
data\processed\images_128\dog_02863_pixabay_dog_001997.jpg,dog,train
data\processed\images_128\dog_01441_pixabay_dog_000425.jpg,dog,train
data\processed\images_128\cat_04928_pixabay_cat_004583.jpg,cat,train
data\processed\images_128\cat_03910_pixabay_cat_003471.jpg,cat,train
data\processed\images_128\dog_02617_pixabay_dog_001729.jpg,dog,train
data\processed\images_128\dog_02832_pixabay_dog_001961.jpg,dog,train
data\processed\images_128\cat_00984_pixabay_cat_000280.jpg,cat,train
data\processed\images_128\dog_02587_pixabay_dog_001697.jpg,dog,train
data\processed\images_128\cat_04703_pixabay_cat_004338.jpg,cat,train
data\processed\images_128\cat_02525_pixabay_cat_001963.jpg,cat,train
data\processed\images_128\cat_03705_pixabay_cat_003251.jpg,cat,train
data\processed\images_128\dog_02883_pixabay_dog_002018.jpg,dog,train
data\processed\images_128\dog_01011_flickr_dog_001130.jpg,dog,train
data\processed\images_128\dog_03574_pixabay_dog_002776.jpg,dog,train
data\processed\images_128\cat_02031_pixabay_cat_001438.jpg,cat,train
data\processed\images_128\cat_04390_pixabay_cat_003999.jpg,cat,train
data\processed\images_128\cat_04249_pixabay_cat_003845.jpg,cat,train
data\processed\images_128\cat_00719_flickr_cat_000808.jpg,cat,train
data\processed\images_128\dog_04721_pixabay_dog_004039.jpg,dog,train
data\processed\images_128\cat_04224_pixabay_cat_003818.jpg,cat,train
data\processed\images_128\cat_03307_pixabay_cat_002814.jpg,cat,train
data\processed\images_128\cat_03921_pixabay_cat_003484.jpg,cat,train
data\processed\images_128\dog_01074_pixabay_dog_000014.jpg,dog,train
data\processed\images_128\cat_01697_pixabay_cat_001074.jpg,cat,train
data\processed\images_128\cat_04096_pixabay_cat_003673.jpg,cat,train
data\processed\images_128\cat_01778_pixabay_cat_001164.jpg,cat,train
data\processed\images_128\dog_00491_flickr_dog_000537.jpg,dog,train
data\processed\images_128\cat_02506_pixabay_cat_001943.jpg,cat,train
data\processed\images_128\dog_04596_pixabay_dog_003899.jpg,dog,train
data\processed\images_128\dog_02322_pixabay_dog_001409.jpg,dog,train
data\processed\images_128\cat_00026_flickr_cat_000031.jpg,cat,train
data\processed\images_128\cat_04333_pixabay_cat_003939.jpg,cat,train
data\processed\images_128\dog_03939_pixabay_dog_003175.jpg,dog,train
data\processed\images_128\cat_01353_pixabay_cat_000690.jpg,cat,train
data\processed\images_128\dog_01408_pixabay_dog_000388.jpg,dog,train
data\processed\images_128\dog_01743_pixabay_dog_000769.jpg,dog,train
data\processed\images_128\dog_01137_pixabay_dog_000083.jpg,dog,train
data\processed\images_128\cat_02290_pixabay_cat_001718.jpg,cat,train
data\processed\images_128\cat_01788_pixabay_cat_001174.jpg,cat,train
data\processed\images_128\cat_04291_pixabay_cat_003891.jpg,cat,train
data\processed\images_128\cat_04894_pixabay_cat_004547.jpg,cat,train
data\processed\images_128\cat_01927_pixabay_cat_001324.jpg,cat,train
data\processed\images_128\dog_02609_pixabay_dog_001721.jpg,dog,train
data\processed\images_128\cat_01094_pixabay_cat_000405.jpg,cat,train
data\processed\images_128\dog_02174_pixabay_dog_001248.jpg,dog,train
data\processed\images_128\cat_03266_pixabay_cat_002769.jpg,cat,train
data\processed\images_128\cat_00207_flickr_cat_000239.jpg,cat,train
data\processed\images_128\dog_04380_pixabay_dog_003664.jpg,dog,train
data\processed\images_128\cat_01107_pixabay_cat_000419.jpg,cat,train
data\processed\images_128\cat_01517_pixabay_cat_000878.jpg,cat,train
data\processed\images_128\cat_01659_pixabay_cat_001034.jpg,cat,train
data\processed\images_128\cat_04993_pixabay_cat_004660.jpg,cat,train
data\processed\images_128\dog_02684_pixabay_dog_001797.jpg,dog,train
data\processed\images_128\dog_04866_pixabay_dog_000114.jpg,dog,train
data\processed\images_128\cat_01912_pixabay_cat_001307.jpg,cat,train
data\processed\images_128\dog_00016_flickr_dog_000018.jpg,dog,train
data\processed\images_128\cat_03747_pixabay_cat_003294.jpg,cat,train
data\processed\images_128\dog_02181_pixabay_dog_001255.jpg,dog,train
data\processed\images_128\dog_03796_pixabay_dog_003022.jpg,dog,train
data\processed\images_128\dog_02157_pixabay_dog_001227.jpg,dog,train
data\processed\images_128\cat_02144_pixabay_cat_001559.jpg,cat,train
data\processed\images_128\cat_01682_pixabay_cat_001059.jpg,cat,train
data\processed\images_128\dog_04234_pixabay_dog_003508.jpg,dog,train
data\processed\images_128\cat_00496_flickr_cat_000558.jpg,cat,train
data\processed\images_128\dog_03919_pixabay_dog_003154.jpg,dog,train
data\processed\images_128\dog_04422_pixabay_dog_003712.jpg,dog,train
data\processed\images_128\cat_01320_pixabay_cat_000654.jpg,cat,train
data\processed\images_128\cat_01053_pixabay_cat_000360.jpg,cat,train
data\processed\images_128\cat_01925_pixabay_cat_001321.jpg,cat,train
data\processed\images_128\cat_00839_pixabay_cat_000122.jpg,cat,train
data\processed\images_128\dog_02858_pixabay_dog_001992.jpg,dog,train
data\processed\images_128\cat_04965_pixabay_cat_004628.jpg,cat,train
data\processed\images_128\dog_03092_pixabay_dog_002251.jpg,dog,train
data\processed\images_128\cat_01168_pixabay_cat_000484.jpg,cat,train
data\processed\images_128\dog_01676_pixabay_dog_000695.jpg,dog,train
data\processed\images_128\cat_04754_pixabay_cat_004393.jpg,cat,train
data\processed\images_128\dog_03176_pixabay_dog_002343.jpg,dog,train
data\processed\images_128\cat_01748_pixabay_cat_001132.jpg,cat,train
data\processed\images_128\dog_04451_pixabay_dog_003745.jpg,dog,train
data\processed\images_128\dog_02216_pixabay_dog_001291.jpg,dog,train
data\processed\images_128\cat_05567_pixabay_cat_003848.jpg,cat,train
data\processed\images_128\cat_04886_pixabay_cat_004537.jpg,cat,train
data\processed\images_128\dog_01791_pixabay_dog_000824.jpg,dog,train
data\processed\images_128\dog_02825_pixabay_dog_001954.jpg,dog,train
data\processed\images_128\dog_01088_pixabay_dog_000029.jpg,dog,train
data\processed\images_128\cat_05597_pixabay_cat_004217.jpg,cat,train
data\processed\images_128\cat_00359_flickr_cat_000406.jpg,cat,train
data\processed\images_128\dog_02084_pixabay_dog_001144.jpg,dog,train
data\processed\images_128\dog_01716_pixabay_dog_000741.jpg,dog,train
data\processed\images_128\dog_01177_pixabay_dog_000126.jpg,dog,train
data\processed\images_128\dog_03908_pixabay_dog_003142.jpg,dog,train
data\processed\images_128\dog_04497_pixabay_dog_003797.jpg,dog,train
data\processed\images_128\dog_03507_pixabay_dog_002704.jpg,dog,train
data\processed\images_128\dog_02657_pixabay_dog_001770.jpg,dog,train
data\processed\images_128\dog_02360_pixabay_dog_001451.jpg,dog,train
data\processed\images_128\dog_04644_pixabay_dog_003953.jpg,dog,train
data\processed\images_128\dog_00323_flickr_dog_000357.jpg,dog,train
data\processed\images_128\dog_03253_pixabay_dog_002427.jpg,dog,train
data\processed\images_128\dog_01759_pixabay_dog_000786.jpg,dog,train
data\processed\images_128\dog_03340_pixabay_dog_002519.jpg,dog,train
data\processed\images_128\cat_01237_pixabay_cat_000562.jpg,cat,train
data\processed\images_128\dog_02529_pixabay_dog_001634.jpg,dog,train
data\processed\images_128\dog_04386_pixabay_dog_003673.jpg,dog,train
data\processed\images_128\cat_00080_flickr_cat_000088.jpg,cat,train
data\processed\images_128\dog_04184_pixabay_dog_003450.jpg,dog,train
data\processed\images_128\dog_03404_pixabay_dog_002591.jpg,dog,train
data\processed\images_128\dog_02620_pixabay_dog_001732.jpg,dog,train
data\processed\images_128\cat_04562_pixabay_cat_004186.jpg,cat,train
data\processed\images_128\cat_05416_pixabay_cat_002064.jpg,cat,train
data\processed\images_128\dog_01686_pixabay_dog_000705.jpg,dog,train
data\processed\images_128\dog_03453_pixabay_dog_002644.jpg,dog,train
data\processed\images_128\dog_04300_pixabay_dog_003581.jpg,dog,train
data\processed\images_128\cat_05335_pixabay_cat_000901.jpg,cat,train
data\processed\images_128\dog_00846_flickr_dog_000942.jpg,dog,train
data\processed\images_128\dog_00477_flickr_dog_000523.jpg,dog,train
data\processed\images_128\dog_04148_pixabay_dog_003411.jpg,dog,train
data\processed\images_128\cat_04870_pixabay_cat_004521.jpg,cat,train
data\processed\images_128\dog_01487_pixabay_dog_000478.jpg,dog,train
data\processed\images_128\dog_01158_pixabay_dog_000105.jpg,dog,train
data\processed\images_128\dog_02330_pixabay_dog_001417.jpg,dog,train
data\processed\images_128\dog_04354_pixabay_dog_003636.jpg,dog,train
data\processed\images_128\dog_04799_flickr_dog_000642.jpg,dog,train
data\processed\images_128\dog_04129_pixabay_dog_003389.jpg,dog,train
data\processed\images_128\dog_00411_flickr_dog_000449.jpg,dog,train
data\processed\images_128\dog_00108_flickr_dog_000120.jpg,dog,train
data\processed\images_128\dog_00485_flickr_dog_000531.jpg,dog,train
data\processed\images_128\cat_03926_pixabay_cat_003490.jpg,cat,train
data\processed\images_128\dog_03102_pixabay_dog_002261.jpg,dog,train
data\processed\images_128\cat_04137_pixabay_cat_003719.jpg,cat,train
data\processed\images_128\dog_01241_pixabay_dog_000197.jpg,dog,train
data\processed\images_128\dog_04064_pixabay_dog_003313.jpg,dog,train
data\processed\images_128\dog_03564_pixabay_dog_002764.jpg,dog,train
data\processed\images_128\dog_01295_pixabay_dog_000257.jpg,dog,train
data\processed\images_128\cat_02022_pixabay_cat_001428.jpg,cat,train
data\processed\images_128\cat_05435_pixabay_cat_002241.jpg,cat,train
data\processed\images_128\dog_01771_pixabay_dog_000802.jpg,dog,train
data\processed\images_128\cat_03127_pixabay_cat_002619.jpg,cat,train
data\processed\images_128\dog_02666_pixabay_dog_001779.jpg,dog,train
data\processed\images_128\dog_01983_pixabay_dog_001032.jpg,dog,train
data\processed\images_128\cat_05028_pixabay_cat_004699.jpg,cat,train
data\processed\images_128\dog_03570_pixabay_dog_002771.jpg,dog,train
data\processed\images_128\cat_01066_pixabay_cat_000373.jpg,cat,train
data\processed\images_128\cat_03826_pixabay_cat_003380.jpg,cat,train
data\processed\images_128\dog_01128_pixabay_dog_000073.jpg,dog,train
data\processed\images_128\cat_03568_pixabay_cat_003101.jpg,cat,train
data\processed\images_128\cat_04428_pixabay_cat_004041.jpg,cat,train
data\processed\images_128\dog_04922_pixabay_dog_000534.jpg,dog,train
data\processed\images_128\dog_04186_pixabay_dog_003452.jpg,dog,train
data\processed\images_128\dog_01421_pixabay_dog_000403.jpg,dog,train
data\processed\images_128\cat_04223_pixabay_cat_003817.jpg,cat,train
data\processed\images_128\dog_00077_flickr_dog_000085.jpg,dog,train
data\processed\images_128\dog_02738_pixabay_dog_001857.jpg,dog,train
data\processed\images_128\dog_01986_pixabay_dog_001035.jpg,dog,train
data\processed\images_128\dog_00967_flickr_dog_001081.jpg,dog,train
data\processed\images_128\dog_01671_pixabay_dog_000689.jpg,dog,train
data\processed\images_128\dog_00789_flickr_dog_000882.jpg,dog,train
data\processed\images_128\dog_00256_flickr_dog_000285.jpg,dog,train
data\processed\images_128\dog_01778_pixabay_dog_000809.jpg,dog,train
data\processed\images_128\cat_04494_pixabay_cat_004112.jpg,cat,train
data\processed\images_128\dog_05010_pixabay_dog_001463.jpg,dog,train
data\processed\images_128\dog_04723_pixabay_dog_004041.jpg,dog,train
data\processed\images_128\dog_02819_pixabay_dog_001948.jpg,dog,train
data\processed\images_128\cat_01902_pixabay_cat_001297.jpg,cat,train
data\processed\images_128\dog_01369_pixabay_dog_000345.jpg,dog,train
data\processed\images_128\cat_01476_pixabay_cat_000827.jpg,cat,train
data\processed\images_128\cat_01640_pixabay_cat_001013.jpg,cat,train
data\processed\images_128\dog_04004_pixabay_dog_003246.jpg,dog,train
data\processed\images_128\cat_00068_flickr_cat_000074.jpg,cat,train
data\processed\images_128\dog_03972_pixabay_dog_003212.jpg,dog,train
data\processed\images_128\cat_03199_pixabay_cat_002698.jpg,cat,train
data\processed\images_128\dog_03902_pixabay_dog_003135.jpg,dog,train
data\processed\images_128\dog_03317_pixabay_dog_002495.jpg,dog,train
data\processed\images_128\cat_02405_pixabay_cat_001838.jpg,cat,train
data\processed\images_128\cat_04467_pixabay_cat_004082.jpg,cat,train
data\processed\images_128\cat_03348_pixabay_cat_002858.jpg,cat,train
data\processed\images_128\dog_04755_flickr_dog_000198.jpg,dog,train
data\processed\images_128\dog_04275_pixabay_dog_003555.jpg,dog,train
data\processed\images_128\dog_04314_pixabay_dog_003596.jpg,dog,train
data\processed\images_128\dog_04606_pixabay_dog_003909.jpg,dog,train
data\processed\images_128\dog_04822_flickr_dog_000823.jpg,dog,train
data\processed\images_128\cat_02433_pixabay_cat_001867.jpg,cat,train
data\processed\images_128\dog_00543_flickr_dog_000599.jpg,dog,train
data\processed\images_128\dog_03085_pixabay_dog_002243.jpg,dog,train
data\processed\images_128\cat_02451_pixabay_cat_001885.jpg,cat,train
data\processed\images_128\dog_01347_pixabay_dog_000317.jpg,dog,train
data\processed\images_128\dog_03038_pixabay_dog_002190.jpg,dog,train
data\processed\images_128\cat_01671_pixabay_cat_001047.jpg,cat,train
data\processed\images_128\cat_05586_pixabay_cat_004092.jpg,cat,train
data\processed\images_128\cat_05461_pixabay_cat_002559.jpg,cat,train
data\processed\images_128\cat_02853_pixabay_cat_002325.jpg,cat,train
data\processed\images_128\dog_05224_pixabay_dog_003937.jpg,dog,train
data\processed\images_128\cat_04391_pixabay_cat_004000.jpg,cat,train
data\processed\images_128\cat_04353_pixabay_cat_003959.jpg,cat,train
data\processed\images_128\dog_03573_pixabay_dog_002775.jpg,dog,train
data\processed\images_128\dog_03887_pixabay_dog_003118.jpg,dog,train
data\processed\images_128\dog_04975_pixabay_dog_001083.jpg,dog,train
data\processed\images_128\cat_03472_pixabay_cat_002998.jpg,cat,train
data\processed\images_128\dog_03719_pixabay_dog_002939.jpg,dog,train
data\processed\images_128\cat_03950_pixabay_cat_003516.jpg,cat,train
data\processed\images_128\dog_01898_pixabay_dog_000941.jpg,dog,train
data\processed\images_128\cat_00709_flickr_cat_000797.jpg,cat,train
data\processed\images_128\cat_03334_pixabay_cat_002844.jpg,cat,train
data\processed\images_128\cat_03907_pixabay_cat_003468.jpg,cat,train
data\processed\images_128\cat_04557_pixabay_cat_004181.jpg,cat,train
data\processed\images_128\cat_01624_pixabay_cat_000996.jpg,cat,train
data\processed\images_128\dog_04900_pixabay_dog_000395.jpg,dog,train
data\processed\images_128\dog_01908_pixabay_dog_000951.jpg,dog,train
data\processed\images_128\cat_04439_pixabay_cat_004053.jpg,cat,train
data\processed\images_128\dog_01511_pixabay_dog_000513.jpg,dog,train
data\processed\images_128\dog_02777_pixabay_dog_001899.jpg,dog,train
data\processed\images_128\cat_01700_pixabay_cat_001077.jpg,cat,train
data\processed\images_128\dog_04724_pixabay_dog_004042.jpg,dog,train
data\processed\images_128\dog_04048_pixabay_dog_003295.jpg,dog,train
data\processed\images_128\cat_04388_pixabay_cat_003997.jpg,cat,train
data\processed\images_128\cat_00676_flickr_cat_000762.jpg,cat,train
data\processed\images_128\dog_00774_flickr_dog_000867.jpg,dog,train
data\processed\images_128\dog_04240_pixabay_dog_003514.jpg,dog,train
data\processed\images_128\cat_04819_pixabay_cat_004463.jpg,cat,train
data\processed\images_128\dog_03576_pixabay_dog_002778.jpg,dog,train
data\processed\images_128\cat_03789_pixabay_cat_003337.jpg,cat,train
data\processed\images_128\cat_00965_pixabay_cat_000260.jpg,cat,train
data\processed\images_128\cat_00638_flickr_cat_000719.jpg,cat,train
data\processed\images_128\dog_03608_pixabay_dog_002816.jpg,dog,train
data\processed\images_128\cat_02560_pixabay_cat_002003.jpg,cat,train
data\processed\images_128\cat_01802_pixabay_cat_001189.jpg,cat,train
data\processed\images_128\dog_03294_pixabay_dog_002471.jpg,dog,train
data\processed\images_128\cat_02808_pixabay_cat_002276.jpg,cat,train
data\processed\images_128\cat_03103_pixabay_cat_002595.jpg,cat,train
data\processed\images_128\cat_02269_pixabay_cat_001696.jpg,cat,train
data\processed\images_128\cat_02377_pixabay_cat_001809.jpg,cat,train
data\processed\images_128\dog_04123_pixabay_dog_003382.jpg,dog,train
data\processed\images_128\dog_03135_pixabay_dog_002295.jpg,dog,train
data\processed\images_128\cat_00932_pixabay_cat_000224.jpg,cat,train
data\processed\images_128\dog_00890_flickr_dog_000990.jpg,dog,train
data\processed\images_128\cat_04841_pixabay_cat_004488.jpg,cat,train
data\processed\images_128\dog_00433_flickr_dog_000475.jpg,dog,train
data\processed\images_128\dog_04224_pixabay_dog_003496.jpg,dog,train
data\processed\images_128\cat_03538_pixabay_cat_003070.jpg,cat,train
data\processed\images_128\cat_05256_pixabay_cat_000151.jpg,cat,train
data\processed\images_128\cat_00603_flickr_cat_000681.jpg,cat,train
data\processed\images_128\dog_04813_flickr_dog_000772.jpg,dog,train
data\processed\images_128\cat_02687_pixabay_cat_002142.jpg,cat,train
data\processed\images_128\dog_02769_pixabay_dog_001890.jpg,dog,train
data\processed\images_128\cat_01329_pixabay_cat_000664.jpg,cat,train
data\processed\images_128\cat_04041_pixabay_cat_003618.jpg,cat,train
data\processed\images_128\cat_03690_pixabay_cat_003236.jpg,cat,train
data\processed\images_128\cat_00956_pixabay_cat_000251.jpg,cat,train
data\processed\images_128\cat_03790_pixabay_cat_003338.jpg,cat,train
data\processed\images_128\dog_00375_flickr_dog_000412.jpg,dog,train
data\processed\images_128\dog_03910_pixabay_dog_003144.jpg,dog,train
data\processed\images_128\dog_03029_pixabay_dog_002181.jpg,dog,train
data\processed\images_128\cat_00725_flickr_cat_000815.jpg,cat,train
data\processed\images_128\cat_03212_pixabay_cat_002713.jpg,cat,train
data\processed\images_128\dog_03461_pixabay_dog_002654.jpg,dog,train
data\processed\images_128\cat_04042_pixabay_cat_003619.jpg,cat,train
data\processed\images_128\dog_01047_flickr_dog_001166.jpg,dog,train
data\processed\images_128\cat_02865_pixabay_cat_002337.jpg,cat,train
data\processed\images_128\dog_04853_flickr_dog_001100.jpg,dog,train
data\processed\images_128\dog_00020_flickr_dog_000022.jpg,dog,train
data\processed\images_128\cat_03216_pixabay_cat_002717.jpg,cat,train
data\processed\images_128\cat_05200_flickr_cat_000437.jpg,cat,train
data\processed\images_128\dog_04162_pixabay_dog_003426.jpg,dog,train
data\processed\images_128\cat_01773_pixabay_cat_001159.jpg,cat,train
data\processed\images_128\dog_00379_flickr_dog_000416.jpg,dog,train
data\processed\images_128\cat_02249_pixabay_cat_001674.jpg,cat,train
data\processed\images_128\dog_03051_pixabay_dog_002205.jpg,dog,train
data\processed\images_128\dog_00641_flickr_dog_000712.jpg,dog,train
data\processed\images_128\cat_04911_pixabay_cat_004566.jpg,cat,train
data\processed\images_128\dog_00935_flickr_dog_001044.jpg,dog,train
data\processed\images_128\dog_05080_pixabay_dog_002304.jpg,dog,train
data\processed\images_128\cat_01102_pixabay_cat_000413.jpg,cat,train
data\processed\images_128\cat_02385_pixabay_cat_001818.jpg,cat,train
data\processed\images_128\cat_03432_pixabay_cat_002953.jpg,cat,train
data\processed\images_128\cat_00437_flickr_cat_000489.jpg,cat,train
data\processed\images_128\cat_02100_pixabay_cat_001514.jpg,cat,train
data\processed\images_128\cat_00265_flickr_cat_000302.jpg,cat,train
data\processed\images_128\dog_04653_pixabay_dog_003962.jpg,dog,train
data\processed\images_128\dog_04674_pixabay_dog_003985.jpg,dog,train
data\processed\images_128\cat_04323_pixabay_cat_003928.jpg,cat,train
data\processed\images_128\cat_04757_pixabay_cat_004396.jpg,cat,train
data\processed\images_128\cat_03255_pixabay_cat_002758.jpg,cat,train
data\processed\images_128\cat_05579_pixabay_cat_003986.jpg,cat,train
data\processed\images_128\dog_01513_pixabay_dog_000515.jpg,dog,train
data\processed\images_128\dog_02583_pixabay_dog_001693.jpg,dog,train
data\processed\images_128\cat_00986_pixabay_cat_000282.jpg,cat,train
data\processed\images_128\cat_01262_pixabay_cat_000589.jpg,cat,train
data\processed\images_128\cat_01392_pixabay_cat_000733.jpg,cat,train
data\processed\images_128\cat_05541_pixabay_cat_003568.jpg,cat,train
data\processed\images_128\cat_00128_flickr_cat_000140.jpg,cat,train
data\processed\images_128\cat_01354_pixabay_cat_000691.jpg,cat,train
data\processed\images_128\cat_03929_pixabay_cat_003493.jpg,cat,train
data\processed\images_128\dog_03372_pixabay_dog_002555.jpg,dog,train
data\processed\images_128\cat_00568_flickr_cat_000643.jpg,cat,train
data\processed\images_128\dog_04856_flickr_dog_001173.jpg,dog,train
data\processed\images_128\cat_05132_pixabay_cat_004811.jpg,cat,train
data\processed\images_128\dog_03901_pixabay_dog_003134.jpg,dog,train
data\processed\images_128\dog_03713_pixabay_dog_002933.jpg,dog,train
data\processed\images_128\cat_00960_pixabay_cat_000255.jpg,cat,train
data\processed\images_128\dog_01956_pixabay_dog_001002.jpg,dog,train
data\processed\images_128\dog_00606_flickr_dog_000671.jpg,dog,train
data\processed\images_128\dog_04787_flickr_dog_000567.jpg,dog,train
data\processed\images_128\dog_01603_pixabay_dog_000615.jpg,dog,train
data\processed\images_128\cat_01425_pixabay_cat_000772.jpg,cat,train
data\processed\images_128\cat_00859_pixabay_cat_000143.jpg,cat,train
data\processed\images_128\dog_00587_flickr_dog_000650.jpg,dog,train
data\processed\images_128\cat_04881_pixabay_cat_004532.jpg,cat,train
data\processed\images_128\cat_02775_pixabay_cat_002239.jpg,cat,train
data\processed\images_128\dog_01138_pixabay_dog_000084.jpg,dog,train
data\processed\images_128\cat_02122_pixabay_cat_001537.jpg,cat,train
data\processed\images_128\cat_02835_pixabay_cat_002304.jpg,cat,train
data\processed\images_128\cat_05313_pixabay_cat_000743.jpg,cat,train
data\processed\images_128\dog_03591_pixabay_dog_002797.jpg,dog,train
data\processed\images_128\cat_02153_pixabay_cat_001569.jpg,cat,train
data\processed\images_128\dog_02014_pixabay_dog_001066.jpg,dog,train
data\processed\images_128\dog_01390_pixabay_dog_000368.jpg,dog,train
data\processed\images_128\dog_00267_flickr_dog_000296.jpg,dog,train
data\processed\images_128\cat_01487_pixabay_cat_000843.jpg,cat,train
data\processed\images_128\cat_03652_pixabay_cat_003191.jpg,cat,train
data\processed\images_128\dog_05112_pixabay_dog_002670.jpg,dog,train
data\processed\images_128\dog_01071_pixabay_dog_000011.jpg,dog,train
data\processed\images_128\cat_01824_pixabay_cat_001215.jpg,cat,train
data\processed\images_128\cat_03744_pixabay_cat_003291.jpg,cat,train
data\processed\images_128\dog_00979_flickr_dog_001095.jpg,dog,train
data\processed\images_128\cat_03660_pixabay_cat_003200.jpg,cat,train
data\processed\images_128\cat_05263_pixabay_cat_000231.jpg,cat,train
data\processed\images_128\dog_01534_pixabay_dog_000538.jpg,dog,train
data\processed\images_128\cat_02217_pixabay_cat_001638.jpg,cat,train
data\processed\images_128\cat_02518_pixabay_cat_001956.jpg,cat,train
data\processed\images_128\dog_03611_pixabay_dog_002819.jpg,dog,train
data\processed\images_128\cat_00401_flickr_cat_000453.jpg,cat,train
data\processed\images_128\dog_00952_flickr_dog_001063.jpg,dog,train
data\processed\images_128\dog_04826_flickr_dog_000846.jpg,dog,train
data\processed\images_128\cat_03217_pixabay_cat_002718.jpg,cat,train
data\processed\images_128\dog_03239_pixabay_dog_002411.jpg,dog,train
data\processed\images_128\cat_00287_flickr_cat_000327.jpg,cat,train
data\processed\images_128\dog_03761_pixabay_dog_002985.jpg,dog,train
data\processed\images_128\cat_05383_pixabay_cat_001479.jpg,cat,train
data\processed\images_128\cat_03662_pixabay_cat_003203.jpg,cat,train
data\processed\images_128\dog_03353_pixabay_dog_002534.jpg,dog,train
data\processed\images_128\dog_02980_pixabay_dog_002124.jpg,dog,train
data\processed\images_128\cat_04746_pixabay_cat_004385.jpg,cat,train
data\processed\images_128\cat_02898_pixabay_cat_002373.jpg,cat,train
data\processed\images_128\dog_03917_pixabay_dog_003152.jpg,dog,train
data\processed\images_128\dog_05136_pixabay_dog_002900.jpg,dog,train
data\processed\images_128\dog_01192_pixabay_dog_000143.jpg,dog,train
data\processed\images_128\dog_01750_pixabay_dog_000777.jpg,dog,train
data\processed\images_128\cat_00037_flickr_cat_000042.jpg,cat,train
data\processed\images_128\dog_00289_flickr_dog_000321.jpg,dog,train
data\processed\images_128\dog_02005_pixabay_dog_001056.jpg,dog,train
data\processed\images_128\dog_02611_pixabay_dog_001723.jpg,dog,train
data\processed\images_128\cat_03886_pixabay_cat_003445.jpg,cat,train
data\processed\images_128\cat_04995_pixabay_cat_004664.jpg,cat,train
data\processed\images_128\dog_00765_flickr_dog_000858.jpg,dog,train
data\processed\images_128\dog_03227_pixabay_dog_002398.jpg,dog,train
data\processed\images_128\dog_02872_pixabay_dog_002006.jpg,dog,train
data\processed\images_128\dog_00064_flickr_dog_000071.jpg,dog,train
data\processed\images_128\dog_04226_pixabay_dog_003498.jpg,dog,train
data\processed\images_128\cat_03613_pixabay_cat_003149.jpg,cat,train
data\processed\images_128\cat_05058_pixabay_cat_004729.jpg,cat,train
data\processed\images_128\dog_04270_pixabay_dog_003549.jpg,dog,train
data\processed\images_128\dog_04992_pixabay_dog_001244.jpg,dog,train
data\processed\images_128\dog_00383_flickr_dog_000420.jpg,dog,train
data\processed\images_128\cat_00431_flickr_cat_000483.jpg,cat,train
data\processed\images_128\dog_01630_pixabay_dog_000645.jpg,dog,train
data\processed\images_128\dog_01208_pixabay_dog_000160.jpg,dog,train
data\processed\images_128\dog_04179_pixabay_dog_003443.jpg,dog,train
data\processed\images_128\cat_02278_pixabay_cat_001706.jpg,cat,train
data\processed\images_128\cat_01124_pixabay_cat_000436.jpg,cat,train
data\processed\images_128\dog_03241_pixabay_dog_002413.jpg,dog,train
data\processed\images_128\dog_01512_pixabay_dog_000514.jpg,dog,train
data\processed\images_128\cat_02620_pixabay_cat_002066.jpg,cat,train
data\processed\images_128\cat_00342_flickr_cat_000389.jpg,cat,train
data\processed\images_128\cat_01652_pixabay_cat_001026.jpg,cat,train
data\processed\images_128\cat_00157_flickr_cat_000172.jpg,cat,train
data\processed\images_128\cat_00054_flickr_cat_000060.jpg,cat,train
data\processed\images_128\cat_00398_flickr_cat_000450.jpg,cat,train
data\processed\images_128\dog_01061_flickr_dog_001182.jpg,dog,train
data\processed\images_128\cat_05014_pixabay_cat_004683.jpg,cat,train
data\processed\images_128\cat_02942_pixabay_cat_002420.jpg,cat,train
data\processed\images_128\cat_05340_pixabay_cat_000988.jpg,cat,train
data\processed\images_128\cat_02402_pixabay_cat_001835.jpg,cat,train
data\processed\images_128\cat_04917_pixabay_cat_004572.jpg,cat,train
data\processed\images_128\dog_03810_pixabay_dog_003036.jpg,dog,train
data\processed\images_128\dog_00816_flickr_dog_000910.jpg,dog,train
data\processed\images_128\cat_02937_pixabay_cat_002415.jpg,cat,train
data\processed\images_128\dog_04604_pixabay_dog_003907.jpg,dog,train
data\processed\images_128\dog_01636_pixabay_dog_000653.jpg,dog,train
data\processed\images_128\dog_03365_pixabay_dog_002547.jpg,dog,train
data\processed\images_128\cat_03384_pixabay_cat_002901.jpg,cat,train
data\processed\images_128\dog_02546_pixabay_dog_001653.jpg,dog,train
data\processed\images_128\dog_02898_pixabay_dog_002036.jpg,dog,train
data\processed\images_128\cat_05047_pixabay_cat_004718.jpg,cat,train
data\processed\images_128\cat_00301_flickr_cat_000342.jpg,cat,train
data\processed\images_128\cat_05264_pixabay_cat_000241.jpg,cat,train
data\processed\images_128\dog_02185_pixabay_dog_001259.jpg,dog,train
data\processed\images_128\cat_04315_pixabay_cat_003919.jpg,cat,train
data\processed\images_128\cat_05477_pixabay_cat_002807.jpg,cat,train
data\processed\images_128\dog_04130_pixabay_dog_003390.jpg,dog,train
data\processed\images_128\cat_05006_pixabay_cat_004675.jpg,cat,train
data\processed\images_128\dog_00407_flickr_dog_000445.jpg,dog,train
data\processed\images_128\dog_03211_pixabay_dog_002380.jpg,dog,train
data\processed\images_128\dog_02248_pixabay_dog_001324.jpg,dog,train
data\processed\images_128\dog_00336_flickr_dog_000370.jpg,dog,train
data\processed\images_128\cat_01756_pixabay_cat_001140.jpg,cat,train
data\processed\images_128\dog_00464_flickr_dog_000509.jpg,dog,train
data\processed\images_128\cat_00902_pixabay_cat_000193.jpg,cat,train
data\processed\images_128\cat_03178_pixabay_cat_002674.jpg,cat,train
data\processed\images_128\cat_01194_pixabay_cat_000513.jpg,cat,train
data\processed\images_128\dog_00595_flickr_dog_000660.jpg,dog,train
data\processed\images_128\cat_02729_pixabay_cat_002188.jpg,cat,train
data\processed\images_128\dog_02928_pixabay_dog_002068.jpg,dog,train
data\processed\images_128\cat_03807_pixabay_cat_003360.jpg,cat,train
data\processed\images_128\cat_04040_pixabay_cat_003617.jpg,cat,train
data\processed\images_128\cat_01863_pixabay_cat_001254.jpg,cat,train
data\processed\images_128\cat_03234_pixabay_cat_002736.jpg,cat,train
data\processed\images_128\cat_03035_pixabay_cat_002523.jpg,cat,train
data\processed\images_128\cat_04430_pixabay_cat_004043.jpg,cat,train
data\processed\images_128\cat_00825_pixabay_cat_000106.jpg,cat,train
data\processed\images_128\cat_01892_pixabay_cat_001285.jpg,cat,train
data\processed\images_128\dog_01939_pixabay_dog_000985.jpg,dog,train
data\processed\images_128\dog_04796_flickr_dog_000626.jpg,dog,train
data\processed\images_128\dog_00401_flickr_dog_000439.jpg,dog,train
data\processed\images_128\cat_01826_pixabay_cat_001217.jpg,cat,train
data\processed\images_128\dog_00743_flickr_dog_000830.jpg,dog,train
data\processed\images_128\dog_04695_pixabay_dog_004012.jpg,dog,train
data\processed\images_128\dog_04187_pixabay_dog_003453.jpg,dog,train
data\processed\images_128\dog_00218_flickr_dog_000242.jpg,dog,train
data\processed\images_128\dog_00656_flickr_dog_000730.jpg,dog,train
data\processed\images_128\cat_00408_flickr_cat_000460.jpg,cat,train
data\processed\images_128\dog_02206_pixabay_dog_001280.jpg,dog,train
data\processed\images_128\cat_04108_pixabay_cat_003685.jpg,cat,train
data\processed\images_128\dog_03336_pixabay_dog_002514.jpg,dog,train
data\processed\images_128\dog_01250_pixabay_dog_000208.jpg,dog,train
data\processed\images_128\dog_03625_pixabay_dog_002834.jpg,dog,train
data\processed\images_128\dog_03210_pixabay_dog_002379.jpg,dog,train
data\processed\images_128\cat_04621_pixabay_cat_004250.jpg,cat,train
data\processed\images_128\cat_00373_flickr_cat_000422.jpg,cat,train
data\processed\images_128\dog_00779_flickr_dog_000872.jpg,dog,train
data\processed\images_128\dog_04696_pixabay_dog_004013.jpg,dog,train
data\processed\images_128\dog_00002_flickr_dog_000004.jpg,dog,train
data\processed\images_128\cat_05346_pixabay_cat_001040.jpg,cat,train
data\processed\images_128\dog_05057_pixabay_dog_002044.jpg,dog,train
data\processed\images_128\cat_01994_pixabay_cat_001399.jpg,cat,train
data\processed\images_128\dog_01519_pixabay_dog_000522.jpg,dog,train
data\processed\images_128\cat_03837_pixabay_cat_003391.jpg,cat,train
data\processed\images_128\dog_00000_flickr_dog_000002.jpg,dog,train
data\processed\images_128\cat_02913_pixabay_cat_002389.jpg,cat,train
data\processed\images_128\cat_04193_pixabay_cat_003784.jpg,cat,train
data\processed\images_128\dog_00644_flickr_dog_000716.jpg,dog,train
data\processed\images_128\dog_01973_pixabay_dog_001020.jpg,dog,train
data\processed\images_128\cat_01806_pixabay_cat_001193.jpg,cat,train
data\processed\images_128\dog_01007_flickr_dog_001126.jpg,dog,train
data\processed\images_128\dog_01044_flickr_dog_001163.jpg,dog,train
data\processed\images_128\dog_02361_pixabay_dog_001452.jpg,dog,train
data\processed\images_128\cat_01813_pixabay_cat_001202.jpg,cat,train
data\processed\images_128\cat_04081_pixabay_cat_003658.jpg,cat,train
data\processed\images_128\cat_03029_pixabay_cat_002517.jpg,cat,train
data\processed\images_128\dog_03377_pixabay_dog_002561.jpg,dog,train
data\processed\images_128\dog_03635_pixabay_dog_002846.jpg,dog,train
data\processed\images_128\dog_00325_flickr_dog_000359.jpg,dog,train
data\processed\images_128\dog_00209_flickr_dog_000233.jpg,dog,train
data\processed\images_128\dog_04307_pixabay_dog_003588.jpg,dog,train
data\processed\images_128\cat_03310_pixabay_cat_002817.jpg,cat,train
data\processed\images_128\cat_03343_pixabay_cat_002853.jpg,cat,train
data\processed\images_128\cat_05327_pixabay_cat_000844.jpg,cat,train
data\processed\images_128\cat_01762_pixabay_cat_001148.jpg,cat,train
data\processed\images_128\cat_00291_flickr_cat_000331.jpg,cat,train
data\processed\images_128\cat_01837_pixabay_cat_001228.jpg,cat,train
data\processed\images_128\cat_01397_pixabay_cat_000739.jpg,cat,train
data\processed\images_128\dog_01111_pixabay_dog_000055.jpg,dog,train
data\processed\images_128\dog_02325_pixabay_dog_001412.jpg,dog,train
data\processed\images_128\cat_02862_pixabay_cat_002334.jpg,cat,train
data\processed\images_128\dog_02142_pixabay_dog_001212.jpg,dog,train
data\processed\images_128\cat_02772_pixabay_cat_002236.jpg,cat,train
data\processed\images_128\dog_04010_pixabay_dog_003254.jpg,dog,train
data\processed\images_128\dog_01690_pixabay_dog_000709.jpg,dog,train
data\processed\images_128\cat_04994_pixabay_cat_004661.jpg,cat,train
data\processed\images_128\dog_00763_flickr_dog_000855.jpg,dog,train
data\processed\images_128\cat_01250_pixabay_cat_000576.jpg,cat,train
data\processed\images_128\cat_00352_flickr_cat_000399.jpg,cat,train
data\processed\images_128\cat_01335_pixabay_cat_000672.jpg,cat,train
data\processed\images_128\dog_00225_flickr_dog_000251.jpg,dog,train
data\processed\images_128\dog_03800_pixabay_dog_003026.jpg,dog,train
data\processed\images_128\cat_03314_pixabay_cat_002821.jpg,cat,train
data\processed\images_128\cat_02631_pixabay_cat_002078.jpg,cat,train
data\processed\images_128\cat_01134_pixabay_cat_000448.jpg,cat,train
data\processed\images_128\dog_02314_pixabay_dog_001401.jpg,dog,train
data\processed\images_128\cat_02125_pixabay_cat_001540.jpg,cat,train
data\processed\images_128\dog_03612_pixabay_dog_002820.jpg,dog,train
data\processed\images_128\cat_03592_pixabay_cat_003126.jpg,cat,train
data\processed\images_128\dog_01995_pixabay_dog_001046.jpg,dog,train
data\processed\images_128\cat_04408_pixabay_cat_004018.jpg,cat,train
data\processed\images_128\cat_02765_pixabay_cat_002228.jpg,cat,train
data\processed\images_128\dog_02205_pixabay_dog_001279.jpg,dog,train
data\processed\images_128\dog_02552_pixabay_dog_001660.jpg,dog,train
data\processed\images_128\dog_00669_flickr_dog_000744.jpg,dog,train
data\processed\images_128\dog_00827_flickr_dog_000922.jpg,dog,train
data\processed\images_128\cat_05017_pixabay_cat_004687.jpg,cat,train
data\processed\images_128\cat_03659_pixabay_cat_003199.jpg,cat,train
data\processed\images_128\cat_02292_pixabay_cat_001720.jpg,cat,train
data\processed\images_128\dog_00338_flickr_dog_000372.jpg,dog,train
data\processed\images_128\cat_01666_pixabay_cat_001042.jpg,cat,train
data\processed\images_128\cat_01616_pixabay_cat_000985.jpg,cat,train
data\processed\images_128\cat_03397_pixabay_cat_002915.jpg,cat,train
data\processed\images_128\dog_02527_pixabay_dog_001632.jpg,dog,train
data\processed\images_128\dog_01131_pixabay_dog_000076.jpg,dog,train
data\processed\images_128\dog_01202_pixabay_dog_000154.jpg,dog,train
data\processed\images_128\dog_01251_pixabay_dog_000209.jpg,dog,train
data\processed\images_128\cat_03515_pixabay_cat_003045.jpg,cat,train
data\processed\images_128\dog_04703_pixabay_dog_004021.jpg,dog,train
data\processed\images_128\dog_01792_pixabay_dog_000825.jpg,dog,train
data\processed\images_128\cat_02664_pixabay_cat_002113.jpg,cat,train
data\processed\images_128\cat_02714_pixabay_cat_002172.jpg,cat,train
data\processed\images_128\cat_01702_pixabay_cat_001079.jpg,cat,train
data\processed\images_128\cat_01890_pixabay_cat_001283.jpg,cat,train
data\processed\images_128\cat_05170_flickr_cat_000180.jpg,cat,train
data\processed\images_128\cat_02970_pixabay_cat_002451.jpg,cat,train
data\processed\images_128\dog_02706_pixabay_dog_001823.jpg,dog,train
data\processed\images_128\dog_01589_pixabay_dog_000597.jpg,dog,train
data\processed\images_128\dog_03200_pixabay_dog_002369.jpg,dog,train
data\processed\images_128\cat_05372_pixabay_cat_001367.jpg,cat,train
data\processed\images_128\cat_01036_pixabay_cat_000340.jpg,cat,train
data\processed\images_128\dog_02453_pixabay_dog_001551.jpg,dog,train
data\processed\images_128\dog_03847_pixabay_dog_003075.jpg,dog,train
data\processed\images_128\cat_02435_pixabay_cat_001869.jpg,cat,train
data\processed\images_128\dog_01779_pixabay_dog_000810.jpg,dog,train
data\processed\images_128\dog_00394_flickr_dog_000432.jpg,dog,train
data\processed\images_128\cat_01278_pixabay_cat_000606.jpg,cat,train
data\processed\images_128\cat_03579_pixabay_cat_003112.jpg,cat,train
data\processed\images_128\dog_02311_pixabay_dog_001398.jpg,dog,train
data\processed\images_128\cat_01858_pixabay_cat_001249.jpg,cat,train
data\processed\images_128\dog_03192_pixabay_dog_002359.jpg,dog,train
data\processed\images_128\dog_02411_pixabay_dog_001504.jpg,dog,train
data\processed\images_128\cat_05239_flickr_cat_000802.jpg,cat,train
data\processed\images_128\cat_03778_pixabay_cat_003326.jpg,cat,train
data\processed\images_128\cat_01841_pixabay_cat_001232.jpg,cat,train
data\processed\images_128\dog_02110_pixabay_dog_001174.jpg,dog,train
data\processed\images_128\dog_00140_flickr_dog_000153.jpg,dog,train
data\processed\images_128\cat_02273_pixabay_cat_001701.jpg,cat,train
data\processed\images_128\cat_05584_pixabay_cat_004044.jpg,cat,train
data\processed\images_128\cat_05180_flickr_cat_000233.jpg,cat,train
data\processed\images_128\dog_03387_pixabay_dog_002573.jpg,dog,train
data\processed\images_128\dog_04197_pixabay_dog_003463.jpg,dog,train
data\processed\images_128\dog_04194_pixabay_dog_003460.jpg,dog,train
data\processed\images_128\dog_04540_pixabay_dog_003840.jpg,dog,train
data\processed\images_128\dog_03173_pixabay_dog_002340.jpg,dog,train
data\processed\images_128\dog_05139_pixabay_dog_002949.jpg,dog,train
data\processed\images_128\dog_04654_pixabay_dog_003963.jpg,dog,train
data\processed\images_128\cat_02089_pixabay_cat_001502.jpg,cat,train
data\processed\images_128\cat_01726_pixabay_cat_001110.jpg,cat,train
data\processed\images_128\cat_02563_pixabay_cat_002006.jpg,cat,train
data\processed\images_128\dog_03055_pixabay_dog_002209.jpg,dog,train
data\processed\images_128\dog_03722_pixabay_dog_002942.jpg,dog,train
data\processed\images_128\dog_01606_pixabay_dog_000620.jpg,dog,train
data\processed\images_128\cat_03706_pixabay_cat_003252.jpg,cat,train
data\processed\images_128\cat_01257_pixabay_cat_000584.jpg,cat,train
data\processed\images_128\dog_03447_pixabay_dog_002638.jpg,dog,train
data\processed\images_128\cat_04326_pixabay_cat_003932.jpg,cat,train
data\processed\images_128\cat_00372_flickr_cat_000421.jpg,cat,train
data\processed\images_128\cat_03059_pixabay_cat_002548.jpg,cat,train
data\processed\images_128\cat_00427_flickr_cat_000479.jpg,cat,train
data\processed\images_128\cat_01790_pixabay_cat_001176.jpg,cat,train
data\processed\images_128\dog_05189_pixabay_dog_003489.jpg,dog,train
data\processed\images_128\cat_00089_flickr_cat_000098.jpg,cat,train
data\processed\images_128\cat_03607_pixabay_cat_003143.jpg,cat,train
data\processed\images_128\dog_02417_pixabay_dog_001511.jpg,dog,train
data\processed\images_128\cat_03936_pixabay_cat_003500.jpg,cat,train
data\processed\images_128\dog_00804_flickr_dog_000898.jpg,dog,train
data\processed\images_128\dog_04382_pixabay_dog_003666.jpg,dog,train
data\processed\images_128\cat_01120_pixabay_cat_000432.jpg,cat,train
data\processed\images_128\dog_02379_pixabay_dog_001471.jpg,dog,train
data\processed\images_128\dog_01653_pixabay_dog_000670.jpg,dog,train
data\processed\images_128\dog_01493_pixabay_dog_000487.jpg,dog,train
data\processed\images_128\dog_02118_pixabay_dog_001182.jpg,dog,train
data\processed\images_128\cat_04462_pixabay_cat_004077.jpg,cat,train
data\processed\images_128\cat_01389_pixabay_cat_000729.jpg,cat,train
data\processed\images_128\dog_04267_pixabay_dog_003546.jpg,dog,train
data\processed\images_128\dog_01355_pixabay_dog_000328.jpg,dog,train
data\processed\images_128\cat_05048_pixabay_cat_004719.jpg,cat,train
data\processed\images_128\dog_03816_pixabay_dog_003042.jpg,dog,train
data\processed\images_128\dog_05180_pixabay_dog_003406.jpg,dog,train
data\processed\images_128\cat_02372_pixabay_cat_001804.jpg,cat,train
data\processed\images_128\dog_01665_pixabay_dog_000683.jpg,dog,train
data\processed\images_128\cat_02607_pixabay_cat_002052.jpg,cat,train
data\processed\images_128\cat_01163_pixabay_cat_000479.jpg,cat,train
data\processed\images_128\dog_01084_pixabay_dog_000025.jpg,dog,train
data\processed\images_128\cat_01552_pixabay_cat_000917.jpg,cat,train
data\processed\images_128\cat_04502_pixabay_cat_004120.jpg,cat,train
data\processed\images_128\cat_03653_pixabay_cat_003192.jpg,cat,train
data\processed\images_128\cat_03566_pixabay_cat_003099.jpg,cat,train
data\processed\images_128\cat_03333_pixabay_cat_002843.jpg,cat,train
data\processed\images_128\cat_05560_pixabay_cat_003755.jpg,cat,train
data\processed\images_128\cat_03116_pixabay_cat_002608.jpg,cat,train
data\processed\images_128\cat_03587_pixabay_cat_003121.jpg,cat,train
data\processed\images_128\dog_02911_pixabay_dog_002050.jpg,dog,train
data\processed\images_128\cat_02644_pixabay_cat_002093.jpg,cat,train
data\processed\images_128\dog_02936_pixabay_dog_002077.jpg,dog,train
data\processed\images_128\cat_04230_pixabay_cat_003825.jpg,cat,train
data\processed\images_128\cat_05004_pixabay_cat_004673.jpg,cat,train
data\processed\images_128\cat_03685_pixabay_cat_003231.jpg,cat,train
data\processed\images_128\dog_02945_pixabay_dog_002086.jpg,dog,train
data\processed\images_128\dog_01629_pixabay_dog_000644.jpg,dog,train
data\processed\images_128\dog_00228_flickr_dog_000256.jpg,dog,train
data\processed\images_128\dog_00767_flickr_dog_000860.jpg,dog,train
data\processed\images_128\cat_02312_pixabay_cat_001743.jpg,cat,train
data\processed\images_128\cat_00654_flickr_cat_000735.jpg,cat,train
data\processed\images_128\cat_00113_flickr_cat_000124.jpg,cat,train
data\processed\images_128\cat_04510_pixabay_cat_004128.jpg,cat,train
data\processed\images_128\cat_02263_pixabay_cat_001689.jpg,cat,train
data\processed\images_128\dog_03014_pixabay_dog_002165.jpg,dog,train
data\processed\images_128\cat_00275_flickr_cat_000313.jpg,cat,train
data\processed\images_128\dog_00011_flickr_dog_000013.jpg,dog,train
data\processed\images_128\cat_05300_pixabay_cat_000623.jpg,cat,train
data\processed\images_128\dog_04684_pixabay_dog_003998.jpg,dog,train
data\processed\images_128\cat_00250_flickr_cat_000285.jpg,cat,train
data\processed\images_128\dog_01055_flickr_dog_001175.jpg,dog,train
data\processed\images_128\dog_01781_pixabay_dog_000812.jpg,dog,train
data\processed\images_128\cat_04161_pixabay_cat_003749.jpg,cat,train
data\processed\images_128\dog_00229_flickr_dog_000257.jpg,dog,train
data\processed\images_128\cat_05072_pixabay_cat_004743.jpg,cat,train
data\processed\images_128\dog_04012_pixabay_dog_003256.jpg,dog,train
data\processed\images_128\cat_04507_pixabay_cat_004125.jpg,cat,train
data\processed\images_128\dog_00418_flickr_dog_000458.jpg,dog,train
data\processed\images_128\dog_02066_pixabay_dog_001126.jpg,dog,train
data\processed\images_128\dog_00847_flickr_dog_000943.jpg,dog,train
data\processed\images_128\cat_01165_pixabay_cat_000481.jpg,cat,train
data\processed\images_128\cat_00309_flickr_cat_000352.jpg,cat,train
data\processed\images_128\dog_02730_pixabay_dog_001848.jpg,dog,train
data\processed\images_128\cat_04619_pixabay_cat_004248.jpg,cat,train
data\processed\images_128\dog_00207_flickr_dog_000231.jpg,dog,train
data\processed\images_128\cat_05089_pixabay_cat_004761.jpg,cat,train
data\processed\images_128\cat_04146_pixabay_cat_003730.jpg,cat,train
data\processed\images_128\dog_00580_flickr_dog_000643.jpg,dog,train
data\processed\images_128\cat_05035_pixabay_cat_004706.jpg,cat,train
data\processed\images_128\dog_03472_pixabay_dog_002665.jpg,dog,train
data\processed\images_128\dog_03094_pixabay_dog_002253.jpg,dog,train
data\processed\images_128\dog_00996_flickr_dog_001113.jpg,dog,train
data\processed\images_128\dog_03990_pixabay_dog_003232.jpg,dog,train
data\processed\images_128\cat_00588_flickr_cat_000665.jpg,cat,train
data\processed\images_128\dog_04694_pixabay_dog_004011.jpg,dog,train
data\processed\images_128\cat_03689_pixabay_cat_003235.jpg,cat,train
data\processed\images_128\dog_05055_pixabay_dog_002034.jpg,dog,train
data\processed\images_128\dog_03257_pixabay_dog_002431.jpg,dog,train
data\processed\images_128\cat_03916_pixabay_cat_003478.jpg,cat,train
data\processed\images_128\dog_00755_flickr_dog_000844.jpg,dog,train
data\processed\images_128\cat_00523_flickr_cat_000589.jpg,cat,train
data\processed\images_128\dog_03243_pixabay_dog_002415.jpg,dog,train
data\processed\images_128\dog_00823_flickr_dog_000917.jpg,dog,train
data\processed\images_128\cat_00477_flickr_cat_000537.jpg,cat,train
data\processed\images_128\dog_00700_flickr_dog_000778.jpg,dog,train
data\processed\images_128\cat_00039_flickr_cat_000044.jpg,cat,train
data\processed\images_128\cat_01947_pixabay_cat_001345.jpg,cat,train
data\processed\images_128\dog_01330_pixabay_dog_000296.jpg,dog,train
data\processed\images_128\dog_00624_flickr_dog_000692.jpg,dog,train
data\processed\images_128\dog_00708_flickr_dog_000789.jpg,dog,train
data\processed\images_128\cat_00173_flickr_cat_000197.jpg,cat,train
data\processed\images_128\cat_04083_pixabay_cat_003660.jpg,cat,train
data\processed\images_128\dog_03189_pixabay_dog_002356.jpg,dog,train
data\processed\images_128\dog_03233_pixabay_dog_002405.jpg,dog,train
data\processed\images_128\dog_02801_pixabay_dog_001929.jpg,dog,train
data\processed\images_128\cat_02127_pixabay_cat_001542.jpg,cat,train
data\processed\images_128\dog_00031_flickr_dog_000033.jpg,dog,train
data\processed\images_128\dog_04207_pixabay_dog_003475.jpg,dog,train
data\processed\images_128\cat_02834_pixabay_cat_002303.jpg,cat,train
data\processed\images_128\dog_01926_pixabay_dog_000970.jpg,dog,train
data\processed\images_128\dog_01514_pixabay_dog_000516.jpg,dog,train
data\processed\images_128\dog_01377_pixabay_dog_000354.jpg,dog,train
data\processed\images_128\cat_00379_flickr_cat_000428.jpg,cat,train
data\processed\images_128\dog_01070_pixabay_dog_000010.jpg,dog,train
data\processed\images_128\cat_05433_pixabay_cat_002212.jpg,cat,train
data\processed\images_128\cat_02600_pixabay_cat_002045.jpg,cat,train
data\processed\images_128\dog_04743_flickr_dog_000060.jpg,dog,train
data\processed\images_128\cat_03639_pixabay_cat_003177.jpg,cat,train
data\processed\images_128\dog_02618_pixabay_dog_001730.jpg,dog,train
data\processed\images_128\cat_04712_pixabay_cat_004348.jpg,cat,train
data\processed\images_128\cat_03891_pixabay_cat_003450.jpg,cat,train
data\processed\images_128\dog_04280_pixabay_dog_003560.jpg,dog,train
data\processed\images_128\dog_01725_pixabay_dog_000750.jpg,dog,train
data\processed\images_128\cat_05000_pixabay_cat_004669.jpg,cat,train
data\processed\images_128\cat_00941_pixabay_cat_000234.jpg,cat,train
data\processed\images_128\dog_04517_pixabay_dog_003817.jpg,dog,train
data\processed\images_128\dog_00355_flickr_dog_000392.jpg,dog,train
data\processed\images_128\cat_04268_pixabay_cat_003865.jpg,cat,train
data\processed\images_128\cat_03851_pixabay_cat_003406.jpg,cat,train
data\processed\images_128\cat_03471_pixabay_cat_002996.jpg,cat,train
data\processed\images_128\cat_01452_pixabay_cat_000800.jpg,cat,train
data\processed\images_128\dog_00434_flickr_dog_000476.jpg,dog,train
data\processed\images_128\dog_04612_pixabay_dog_003916.jpg,dog,train
data\processed\images_128\dog_00614_flickr_dog_000681.jpg,dog,train
data\processed\images_128\cat_04772_pixabay_cat_004411.jpg,cat,train
data\processed\images_128\cat_02384_pixabay_cat_001817.jpg,cat,train
data\processed\images_128\dog_02446_pixabay_dog_001544.jpg,dog,train
data\processed\images_128\cat_01028_pixabay_cat_000331.jpg,cat,train
data\processed\images_128\dog_00313_flickr_dog_000347.jpg,dog,train
data\processed\images_128\cat_05276_pixabay_cat_000353.jpg,cat,train
data\processed\images_128\cat_02965_pixabay_cat_002446.jpg,cat,train
data\processed\images_128\cat_00693_flickr_cat_000781.jpg,cat,train
data\processed\images_128\dog_00378_flickr_dog_000415.jpg,dog,train
data\processed\images_128\dog_00780_flickr_dog_000873.jpg,dog,train
data\processed\images_128\dog_01492_pixabay_dog_000486.jpg,dog,train
data\processed\images_128\dog_04683_pixabay_dog_003996.jpg,dog,train
data\processed\images_128\cat_01145_pixabay_cat_000460.jpg,cat,train
data\processed\images_128\cat_02493_pixabay_cat_001929.jpg,cat,train
data\processed\images_128\dog_00202_flickr_dog_000226.jpg,dog,train
data\processed\images_128\cat_05451_pixabay_cat_002441.jpg,cat,train
data\processed\images_128\cat_01745_pixabay_cat_001129.jpg,cat,train
data\processed\images_128\cat_03370_pixabay_cat_002886.jpg,cat,train
data\processed\images_128\cat_05506_pixabay_cat_003134.jpg,cat,train
data\processed\images_128\cat_01075_pixabay_cat_000383.jpg,cat,train
data\processed\images_128\dog_04823_flickr_dog_000827.jpg,dog,train
data\processed\images_128\dog_04970_pixabay_dog_001059.jpg,dog,train
data\processed\images_128\dog_02139_pixabay_dog_001208.jpg,dog,train
data\processed\images_128\cat_02371_pixabay_cat_001803.jpg,cat,train
data\processed\images_128\dog_03850_pixabay_dog_003078.jpg,dog,train
data\processed\images_128\cat_03621_pixabay_cat_003158.jpg,cat,train
data\processed\images_128\dog_00188_flickr_dog_000208.jpg,dog,train
data\processed\images_128\cat_02608_pixabay_cat_002053.jpg,cat,train
data\processed\images_128\cat_05038_pixabay_cat_004709.jpg,cat,train
data\processed\images_128\dog_03922_pixabay_dog_003157.jpg,dog,train
data\processed\images_128\cat_04442_pixabay_cat_004056.jpg,cat,train
data\processed\images_128\cat_03693_pixabay_cat_003239.jpg,cat,train
data\processed\images_128\cat_01382_pixabay_cat_000722.jpg,cat,train
data\processed\images_128\dog_00251_flickr_dog_000280.jpg,dog,train
data\processed\images_128\dog_04539_pixabay_dog_003839.jpg,dog,train
data\processed\images_128\cat_00156_flickr_cat_000171.jpg,cat,train
data\processed\images_128\cat_04292_pixabay_cat_003892.jpg,cat,train
data\processed\images_128\dog_02143_pixabay_dog_001213.jpg,dog,train
data\processed\images_128\cat_05242_pixabay_cat_000007.jpg,cat,train
data\processed\images_128\cat_05385_pixabay_cat_001536.jpg,cat,train
data\processed\images_128\cat_04382_pixabay_cat_003991.jpg,cat,train
data\processed\images_128\cat_03780_pixabay_cat_003328.jpg,cat,train
data\processed\images_128\cat_02440_pixabay_cat_001874.jpg,cat,train
data\processed\images_128\dog_04353_pixabay_dog_003635.jpg,dog,train
data\processed\images_128\cat_02492_pixabay_cat_001928.jpg,cat,train
data\processed\images_128\dog_05077_pixabay_dog_002245.jpg,dog,train
data\processed\images_128\cat_01909_pixabay_cat_001304.jpg,cat,train
data\processed\images_128\cat_03194_pixabay_cat_002691.jpg,cat,train
data\processed\images_128\dog_00123_flickr_dog_000135.jpg,dog,train
data\processed\images_128\cat_05550_pixabay_cat_003701.jpg,cat,train
data\processed\images_128\dog_02779_pixabay_dog_001902.jpg,dog,train
data\processed\images_128\dog_01275_pixabay_dog_000234.jpg,dog,train
data\processed\images_128\cat_04063_pixabay_cat_003640.jpg,cat,train
data\processed\images_128\cat_00951_pixabay_cat_000245.jpg,cat,train
data\processed\images_128\dog_04484_pixabay_dog_003784.jpg,dog,train
data\processed\images_128\cat_03121_pixabay_cat_002613.jpg,cat,train
data\processed\images_128\cat_03734_pixabay_cat_003281.jpg,cat,train
data\processed\images_128\cat_04645_pixabay_cat_004275.jpg,cat,train
data\processed\images_128\cat_01669_pixabay_cat_001045.jpg,cat,train
data\processed\images_128\cat_01560_pixabay_cat_000925.jpg,cat,train
data\processed\images_128\cat_03935_pixabay_cat_003499.jpg,cat,train
data\processed\images_128\dog_03083_pixabay_dog_002241.jpg,dog,train
data\processed\images_128\cat_04217_pixabay_cat_003810.jpg,cat,train
data\processed\images_128\dog_01294_pixabay_dog_000256.jpg,dog,train
data\processed\images_128\dog_03213_pixabay_dog_002382.jpg,dog,train
data\processed\images_128\dog_02955_pixabay_dog_002096.jpg,dog,train
data\processed\images_128\dog_00095_flickr_dog_000105.jpg,dog,train
data\processed\images_128\cat_03526_pixabay_cat_003058.jpg,cat,train
data\processed\images_128\cat_00666_flickr_cat_000749.jpg,cat,train
data\processed\images_128\cat_05142_pixabay_cat_004822.jpg,cat,train
data\processed\images_128\dog_04933_pixabay_dog_000640.jpg,dog,train
data\processed\images_128\cat_03770_pixabay_cat_003318.jpg,cat,train
data\processed\images_128\cat_00056_flickr_cat_000062.jpg,cat,train
data\processed\images_128\dog_03011_pixabay_dog_002162.jpg,dog,train
data\processed\images_128\cat_04580_pixabay_cat_004206.jpg,cat,train
data\processed\images_128\dog_01912_pixabay_dog_000955.jpg,dog,train
data\processed\images_128\dog_00802_flickr_dog_000895.jpg,dog,train
data\processed\images_128\dog_00586_flickr_dog_000649.jpg,dog,train
data\processed\images_128\dog_02740_pixabay_dog_001859.jpg,dog,train
data\processed\images_128\dog_00737_flickr_dog_000822.jpg,dog,train
data\processed\images_128\dog_02871_pixabay_dog_002005.jpg,dog,train
data\processed\images_128\dog_02517_pixabay_dog_001622.jpg,dog,train
data\processed\images_128\dog_00800_flickr_dog_000893.jpg,dog,train
data\processed\images_128\cat_02583_pixabay_cat_002027.jpg,cat,train
data\processed\images_128\dog_02716_pixabay_dog_001833.jpg,dog,train
data\processed\images_128\cat_02721_pixabay_cat_002179.jpg,cat,train
data\processed\images_128\cat_01711_pixabay_cat_001091.jpg,cat,train
data\processed\images_128\cat_00244_flickr_cat_000278.jpg,cat,train
data\processed\images_128\cat_05174_flickr_cat_000191.jpg,cat,train
data\processed\images_128\dog_00975_flickr_dog_001090.jpg,dog,train
data\processed\images_128\cat_03131_pixabay_cat_002623.jpg,cat,train
data\processed\images_128\dog_01498_pixabay_dog_000495.jpg,dog,train
data\processed\images_128\dog_02466_pixabay_dog_001565.jpg,dog,train
data\processed\images_128\dog_03672_pixabay_dog_002887.jpg,dog,train
data\processed\images_128\dog_02865_pixabay_dog_001999.jpg,dog,train
data\processed\images_128\dog_02904_pixabay_dog_002042.jpg,dog,train
data\processed\images_128\cat_01399_pixabay_cat_000741.jpg,cat,train
data\processed\images_128\cat_05241_flickr_cat_000816.jpg,cat,train
data\processed\images_128\dog_03462_pixabay_dog_002655.jpg,dog,train
data\processed\images_128\dog_01033_flickr_dog_001152.jpg,dog,train
data\processed\images_128\dog_04643_pixabay_dog_003952.jpg,dog,train
data\processed\images_128\dog_02097_pixabay_dog_001160.jpg,dog,train
data\processed\images_128\dog_00511_flickr_dog_000560.jpg,dog,train
data\processed\images_128\cat_03437_pixabay_cat_002958.jpg,cat,train
data\processed\images_128\cat_03601_pixabay_cat_003137.jpg,cat,train
data\processed\images_128\cat_05650_pixabay_cat_004816.jpg,cat,train
data\processed\images_128\cat_01106_pixabay_cat_000418.jpg,cat,train
data\processed\images_128\dog_01520_pixabay_dog_000523.jpg,dog,train
data\processed\images_128\cat_02624_pixabay_cat_002070.jpg,cat,train
data\processed\images_128\cat_03413_pixabay_cat_002934.jpg,cat,train
data\processed\images_128\dog_03414_pixabay_dog_002602.jpg,dog,train
data\processed\images_128\dog_02276_pixabay_dog_001355.jpg,dog,train
data\processed\images_128\cat_03430_pixabay_cat_002951.jpg,cat,train
data\processed\images_128\dog_01248_pixabay_dog_000205.jpg,dog,train
data\processed\images_128\cat_00532_flickr_cat_000600.jpg,cat,train
data\processed\images_128\cat_02045_pixabay_cat_001452.jpg,cat,train
data\processed\images_128\cat_04181_pixabay_cat_003771.jpg,cat,train
data\processed\images_128\dog_01297_pixabay_dog_000259.jpg,dog,train
data\processed\images_128\dog_05202_pixabay_dog_003658.jpg,dog,train
data\processed\images_128\cat_01286_pixabay_cat_000614.jpg,cat,train
data\processed\images_128\dog_02723_pixabay_dog_001841.jpg,dog,train
data\processed\images_128\dog_00362_flickr_dog_000399.jpg,dog,train
data\processed\images_128\cat_03395_pixabay_cat_002913.jpg,cat,train
data\processed\images_128\cat_05007_pixabay_cat_004676.jpg,cat,train
data\processed\images_128\dog_01529_pixabay_dog_000532.jpg,dog,train
data\processed\images_128\cat_01781_pixabay_cat_001167.jpg,cat,train
data\processed\images_128\cat_04213_pixabay_cat_003806.jpg,cat,train
data\processed\images_128\cat_03847_pixabay_cat_003402.jpg,cat,train
data\processed\images_128\dog_00965_flickr_dog_001079.jpg,dog,train
data\processed\images_128\dog_02410_pixabay_dog_001503.jpg,dog,train
data\processed\images_128\dog_03197_pixabay_dog_002365.jpg,dog,train
data\processed\images_128\dog_00962_flickr_dog_001076.jpg,dog,train
data\processed\images_128\cat_01821_pixabay_cat_001211.jpg,cat,train
data\processed\images_128\cat_02577_pixabay_cat_002021.jpg,cat,train
data\processed\images_128\dog_00212_flickr_dog_000236.jpg,dog,train
data\processed\images_128\cat_04701_pixabay_cat_004335.jpg,cat,train
data\processed\images_128\cat_03235_pixabay_cat_002737.jpg,cat,train
data\processed\images_128\dog_02772_pixabay_dog_001893.jpg,dog,train
data\processed\images_128\cat_04900_pixabay_cat_004554.jpg,cat,train
data\processed\images_128\cat_03331_pixabay_cat_002841.jpg,cat,train
data\processed\images_128\cat_01288_pixabay_cat_000617.jpg,cat,train
data\processed\images_128\cat_02860_pixabay_cat_002332.jpg,cat,train
data\processed\images_128\dog_02803_pixabay_dog_001932.jpg,dog,train
data\processed\images_128\cat_00556_flickr_cat_000627.jpg,cat,train
data\processed\images_128\cat_04135_pixabay_cat_003717.jpg,cat,train
data\processed\images_128\cat_02301_pixabay_cat_001732.jpg,cat,train
data\processed\images_128\dog_03195_pixabay_dog_002362.jpg,dog,train
data\processed\images_128\cat_02665_pixabay_cat_002114.jpg,cat,train
data\processed\images_128\cat_04125_pixabay_cat_003705.jpg,cat,train
data\processed\images_128\dog_04244_pixabay_dog_003518.jpg,dog,train
data\processed\images_128\dog_03882_pixabay_dog_003113.jpg,dog,train
data\processed\images_128\dog_00312_flickr_dog_000346.jpg,dog,train
data\processed\images_128\dog_04503_pixabay_dog_003803.jpg,dog,train
data\processed\images_128\dog_01480_pixabay_dog_000469.jpg,dog,train
data\processed\images_128\dog_02223_pixabay_dog_001299.jpg,dog,train
data\processed\images_128\dog_03562_pixabay_dog_002762.jpg,dog,train
data\processed\images_128\dog_02869_pixabay_dog_002003.jpg,dog,train
data\processed\images_128\dog_04894_pixabay_dog_000341.jpg,dog,train
data\processed\images_128\cat_04394_pixabay_cat_004003.jpg,cat,train
data\processed\images_128\cat_03953_pixabay_cat_003519.jpg,cat,train
data\processed\images_128\cat_04378_pixabay_cat_003987.jpg,cat,train
data\processed\images_128\cat_02152_pixabay_cat_001568.jpg,cat,train
data\processed\images_128\cat_01628_pixabay_cat_001000.jpg,cat,train
data\processed\images_128\dog_04543_pixabay_dog_003843.jpg,dog,train
data\processed\images_128\dog_01150_pixabay_dog_000097.jpg,dog,train
data\processed\images_128\cat_00185_flickr_cat_000210.jpg,cat,train
data\processed\images_128\cat_00277_flickr_cat_000316.jpg,cat,train
data\processed\images_128\cat_03569_pixabay_cat_003102.jpg,cat,train
data\processed\images_128\cat_02397_pixabay_cat_001830.jpg,cat,train
data\processed\images_128\cat_03421_pixabay_cat_002942.jpg,cat,train
data\processed\images_128\cat_00679_flickr_cat_000765.jpg,cat,train
data\processed\images_128\dog_00546_flickr_dog_000602.jpg,dog,train
data\processed\images_128\dog_02007_pixabay_dog_001058.jpg,dog,train
data\processed\images_128\cat_02890_pixabay_cat_002365.jpg,cat,train
data\processed\images_128\dog_04514_pixabay_dog_003814.jpg,dog,train
data\processed\images_128\dog_02126_pixabay_dog_001190.jpg,dog,train
data\processed\images_128\cat_02480_pixabay_cat_001915.jpg,cat,train
data\processed\images_128\dog_04036_pixabay_dog_003282.jpg,dog,train
data\processed\images_128\cat_02454_pixabay_cat_001888.jpg,cat,train
data\processed\images_128\cat_01731_pixabay_cat_001115.jpg,cat,train
data\processed\images_128\cat_03180_pixabay_cat_002676.jpg,cat,train
data\processed\images_128\dog_01002_flickr_dog_001119.jpg,dog,train
data\processed\images_128\cat_00423_flickr_cat_000475.jpg,cat,train
data\processed\images_128\cat_02814_pixabay_cat_002282.jpg,cat,train
data\processed\images_128\dog_03731_pixabay_dog_002952.jpg,dog,train
data\processed\images_128\cat_04713_pixabay_cat_004349.jpg,cat,train
data\processed\images_128\dog_03151_pixabay_dog_002315.jpg,dog,train
data\processed\images_128\dog_01609_pixabay_dog_000623.jpg,dog,train
data\processed\images_128\cat_02334_pixabay_cat_001765.jpg,cat,train
data\processed\images_128\dog_03710_pixabay_dog_002929.jpg,dog,train
data\processed\images_128\cat_02050_pixabay_cat_001459.jpg,cat,train
data\processed\images_128\cat_03365_pixabay_cat_002880.jpg,cat,train
data\processed\images_128\dog_05084_pixabay_dog_002323.jpg,dog,train
data\processed\images_128\cat_03656_pixabay_cat_003195.jpg,cat,train
data\processed\images_128\cat_05358_pixabay_cat_001195.jpg,cat,train
data\processed\images_128\dog_03107_pixabay_dog_002266.jpg,dog,train
data\processed\images_128\dog_04972_pixabay_dog_001073.jpg,dog,train
data\processed\images_128\cat_03922_pixabay_cat_003485.jpg,cat,train
data\processed\images_128\cat_05034_pixabay_cat_004705.jpg,cat,train
data\processed\images_128\dog_01032_flickr_dog_001151.jpg,dog,train
data\processed\images_128\dog_03984_pixabay_dog_003225.jpg,dog,train
data\processed\images_128\dog_03550_pixabay_dog_002749.jpg,dog,train
data\processed\images_128\cat_04553_pixabay_cat_004175.jpg,cat,train
data\processed\images_128\cat_02854_pixabay_cat_002326.jpg,cat,train
data\processed\images_128\dog_04147_pixabay_dog_003409.jpg,dog,train
data\processed\images_128\cat_00288_flickr_cat_000328.jpg,cat,train
data\processed\images_128\dog_02486_pixabay_dog_001590.jpg,dog,train
data\processed\images_128\dog_01300_pixabay_dog_000262.jpg,dog,train
data\processed\images_128\cat_00403_flickr_cat_000455.jpg,cat,train
data\processed\images_128\dog_00936_flickr_dog_001045.jpg,dog,train
data\processed\images_128\cat_03297_pixabay_cat_002803.jpg,cat,train
data\processed\images_128\dog_03702_pixabay_dog_002921.jpg,dog,train
data\processed\images_128\dog_00364_flickr_dog_000401.jpg,dog,train
data\processed\images_128\cat_02649_pixabay_cat_002098.jpg,cat,train
data\processed\images_128\cat_00028_flickr_cat_000033.jpg,cat,train
data\processed\images_128\dog_02454_pixabay_dog_001552.jpg,dog,train
data\processed\images_128\cat_04800_pixabay_cat_004443.jpg,cat,train
data\processed\images_128\cat_05329_pixabay_cat_000861.jpg,cat,train
data\processed\images_128\cat_01868_pixabay_cat_001259.jpg,cat,train
data\processed\images_128\cat_02135_pixabay_cat_001550.jpg,cat,train
data\processed\images_128\cat_03185_pixabay_cat_002681.jpg,cat,train
data\processed\images_128\cat_01479_pixabay_cat_000832.jpg,cat,train
data\processed\images_128\dog_02051_pixabay_dog_001110.jpg,dog,train
data\processed\images_128\cat_05203_flickr_cat_000495.jpg,cat,train
data\processed\images_128\dog_05118_pixabay_dog_002756.jpg,dog,train
data\processed\images_128\cat_02346_pixabay_cat_001777.jpg,cat,train
data\processed\images_128\dog_02965_pixabay_dog_002106.jpg,dog,train
data\processed\images_128\cat_00145_flickr_cat_000158.jpg,cat,train
data\processed\images_128\cat_03532_pixabay_cat_003064.jpg,cat,train
data\processed\images_128\dog_00773_flickr_dog_000866.jpg,dog,train
data\processed\images_128\dog_02788_pixabay_dog_001913.jpg,dog,train
data\processed\images_128\dog_03129_pixabay_dog_002289.jpg,dog,train
data\processed\images_128\dog_02323_pixabay_dog_001410.jpg,dog,train
data\processed\images_128\dog_04000_pixabay_dog_003242.jpg,dog,train
data\processed\images_128\dog_03304_pixabay_dog_002481.jpg,dog,train
data\processed\images_128\dog_02909_pixabay_dog_002048.jpg,dog,train
data\processed\images_128\dog_00775_flickr_dog_000868.jpg,dog,train
data\processed\images_128\dog_00740_flickr_dog_000826.jpg,dog,train
data\processed\images_128\dog_04818_flickr_dog_000795.jpg,dog,train
data\processed\images_128\cat_05227_flickr_cat_000656.jpg,cat,train
data\processed\images_128\dog_02050_pixabay_dog_001109.jpg,dog,train
data\processed\images_128\cat_00524_flickr_cat_000590.jpg,cat,train
data\processed\images_128\cat_00043_flickr_cat_000048.jpg,cat,train
data\processed\images_128\cat_04564_pixabay_cat_004190.jpg,cat,train
data\processed\images_128\cat_03355_pixabay_cat_002868.jpg,cat,train
data\processed\images_128\dog_01123_pixabay_dog_000068.jpg,dog,train
data\processed\images_128\cat_04773_pixabay_cat_004412.jpg,cat,train
data\processed\images_128\cat_00375_flickr_cat_000424.jpg,cat,train
data\processed\images_128\dog_01334_pixabay_dog_000302.jpg,dog,train
data\processed\images_128\cat_05042_pixabay_cat_004713.jpg,cat,train
data\processed\images_128\dog_01964_pixabay_dog_001010.jpg,dog,train
data\processed\images_128\cat_00949_pixabay_cat_000243.jpg,cat,train
data\processed\images_128\dog_00376_flickr_dog_000413.jpg,dog,train
data\processed\images_128\dog_00214_flickr_dog_000238.jpg,dog,train
data\processed\images_128\dog_05107_pixabay_dog_002610.jpg,dog,train
data\processed\images_128\dog_03739_pixabay_dog_002962.jpg,dog,train
data\processed\images_128\dog_01582_pixabay_dog_000590.jpg,dog,train
data\processed\images_128\dog_03058_pixabay_dog_002212.jpg,dog,train
data\processed\images_128\dog_02183_pixabay_dog_001257.jpg,dog,train
data\processed\images_128\dog_02440_pixabay_dog_001538.jpg,dog,train
data\processed\images_128\cat_00821_pixabay_cat_000102.jpg,cat,train
data\processed\images_128\dog_02530_pixabay_dog_001635.jpg,dog,train
data\processed\images_128\cat_04628_pixabay_cat_004258.jpg,cat,train
data\processed\images_128\dog_04508_pixabay_dog_003808.jpg,dog,train
data\processed\images_128\cat_01006_pixabay_cat_000306.jpg,cat,train
data\processed\images_128\dog_02732_pixabay_dog_001850.jpg,dog,train
data\processed\images_128\dog_02009_pixabay_dog_001061.jpg,dog,train
data\processed\images_128\cat_01509_pixabay_cat_000869.jpg,cat,train
data\processed\images_128\cat_03043_pixabay_cat_002531.jpg,cat,train
data\processed\images_128\cat_02617_pixabay_cat_002062.jpg,cat,train
data\processed\images_128\dog_04680_pixabay_dog_003993.jpg,dog,train
data\processed\images_128\cat_04696_pixabay_cat_004329.jpg,cat,train
data\processed\images_128\cat_01840_pixabay_cat_001231.jpg,cat,train
data\processed\images_128\dog_03262_pixabay_dog_002436.jpg,dog,train
data\processed\images_128\dog_02017_pixabay_dog_001070.jpg,dog,train
data\processed\images_128\dog_04407_pixabay_dog_003694.jpg,dog,train
data\processed\images_128\dog_04056_pixabay_dog_003303.jpg,dog,train
data\processed\images_128\cat_02383_pixabay_cat_001816.jpg,cat,train
data\processed\images_128\cat_03801_pixabay_cat_003350.jpg,cat,train
data\processed\images_128\cat_03852_pixabay_cat_003407.jpg,cat,train
data\processed\images_128\cat_04109_pixabay_cat_003687.jpg,cat,train
data\processed\images_128\cat_00939_pixabay_cat_000232.jpg,cat,train
data\processed\images_128\cat_00435_flickr_cat_000487.jpg,cat,train
data\processed\images_128\cat_05032_pixabay_cat_004703.jpg,cat,train
data\processed\images_128\cat_00656_flickr_cat_000737.jpg,cat,train
data\processed\images_128\dog_00369_flickr_dog_000406.jpg,dog,train
data\processed\images_128\dog_01155_pixabay_dog_000102.jpg,dog,train
data\processed\images_128\cat_03794_pixabay_cat_003343.jpg,cat,train
data\processed\images_128\dog_03280_pixabay_dog_002457.jpg,dog,train
data\processed\images_128\dog_00104_flickr_dog_000115.jpg,dog,train
data\processed\images_128\cat_01613_pixabay_cat_000982.jpg,cat,train
data\processed\images_128\dog_00380_flickr_dog_000417.jpg,dog,train
data\processed\images_128\dog_04068_pixabay_dog_003317.jpg,dog,train
data\processed\images_128\cat_00217_flickr_cat_000249.jpg,cat,train
data\processed\images_128\cat_02118_pixabay_cat_001532.jpg,cat,train
data\processed\images_128\dog_02397_pixabay_dog_001489.jpg,dog,train
data\processed\images_128\cat_01714_pixabay_cat_001095.jpg,cat,train
data\processed\images_128\dog_00102_flickr_dog_000113.jpg,dog,train
data\processed\images_128\cat_01431_pixabay_cat_000778.jpg,cat,train
data\processed\images_128\dog_00599_flickr_dog_000664.jpg,dog,train
data\processed\images_128\dog_04688_pixabay_dog_004003.jpg,dog,train
data\processed\images_128\cat_04675_pixabay_cat_004307.jpg,cat,train
data\processed\images_128\dog_02718_pixabay_dog_001836.jpg,dog,train
data\processed\images_128\dog_00009_flickr_dog_000011.jpg,dog,train
data\processed\images_128\cat_05475_pixabay_cat_002776.jpg,cat,train
data\processed\images_128\cat_01922_pixabay_cat_001318.jpg,cat,train
data\processed\images_128\dog_04864_pixabay_dog_000081.jpg,dog,train
data\processed\images_128\cat_00685_flickr_cat_000773.jpg,cat,train
data\processed\images_128\dog_04424_pixabay_dog_003714.jpg,dog,train
data\processed\images_128\dog_00517_flickr_dog_000568.jpg,dog,train
data\processed\images_128\cat_01744_pixabay_cat_001128.jpg,cat,train
data\processed\images_128\dog_03015_pixabay_dog_002166.jpg,dog,train
data\processed\images_128\dog_01228_pixabay_dog_000182.jpg,dog,train
data\processed\images_128\cat_01582_pixabay_cat_000949.jpg,cat,train
data\processed\images_128\dog_02059_pixabay_dog_001118.jpg,dog,train
data\processed\images_128\cat_01784_pixabay_cat_001170.jpg,cat,train
data\processed\images_128\dog_00137_flickr_dog_000150.jpg,dog,train
data\processed\images_128\dog_00374_flickr_dog_000411.jpg,dog,train
data\processed\images_128\dog_03781_pixabay_dog_003005.jpg,dog,train
data\processed\images_128\cat_01401_pixabay_cat_000744.jpg,cat,train
data\processed\images_128\cat_03691_pixabay_cat_003237.jpg,cat,train
data\processed\images_128\dog_00063_flickr_dog_000070.jpg,dog,train
data\processed\images_128\cat_02972_pixabay_cat_002454.jpg,cat,train
data\processed\images_128\cat_00276_flickr_cat_000315.jpg,cat,train
data\processed\images_128\dog_02374_pixabay_dog_001466.jpg,dog,train
data\processed\images_128\dog_03144_pixabay_dog_002306.jpg,dog,train
data\processed\images_128\cat_03617_pixabay_cat_003154.jpg,cat,train
data\processed\images_128\dog_04022_pixabay_dog_003268.jpg,dog,train
data\processed\images_128\dog_03586_pixabay_dog_002791.jpg,dog,train
data\processed\images_128\dog_03529_pixabay_dog_002726.jpg,dog,train
data\processed\images_128\dog_03194_pixabay_dog_002361.jpg,dog,train
data\processed\images_128\cat_00509_flickr_cat_000573.jpg,cat,train
data\processed\images_128\cat_02349_pixabay_cat_001780.jpg,cat,train
data\processed\images_128\cat_04527_pixabay_cat_004145.jpg,cat,train
data\processed\images_128\cat_00502_flickr_cat_000565.jpg,cat,train
data\processed\images_128\dog_00317_flickr_dog_000351.jpg,dog,train
data\processed\images_128\dog_02578_pixabay_dog_001686.jpg,dog,train
data\processed\images_128\cat_04395_pixabay_cat_004004.jpg,cat,train
data\processed\images_128\cat_04398_pixabay_cat_004007.jpg,cat,train
data\processed\images_128\cat_02502_pixabay_cat_001939.jpg,cat,train
data\processed\images_128\cat_05431_pixabay_cat_002201.jpg,cat,train
data\processed\images_128\dog_04195_pixabay_dog_003461.jpg,dog,train
data\processed\images_128\dog_00238_flickr_dog_000267.jpg,dog,train
data\processed\images_128\cat_04521_pixabay_cat_004139.jpg,cat,train
data\processed\images_128\cat_01071_pixabay_cat_000378.jpg,cat,train
data\processed\images_128\cat_00558_flickr_cat_000631.jpg,cat,train
data\processed\images_128\cat_03329_pixabay_cat_002838.jpg,cat,train
data\processed\images_128\dog_02272_pixabay_dog_001349.jpg,dog,train
data\processed\images_128\cat_03993_pixabay_cat_003563.jpg,cat,train
data\processed\images_128\cat_01636_pixabay_cat_001009.jpg,cat,train
data\processed\images_128\cat_04402_pixabay_cat_004012.jpg,cat,train
data\processed\images_128\cat_00845_pixabay_cat_000129.jpg,cat,train
data\processed\images_128\cat_03581_pixabay_cat_003114.jpg,cat,train
data\processed\images_128\cat_05197_flickr_cat_000387.jpg,cat,train
data\processed\images_128\cat_05494_pixabay_cat_002989.jpg,cat,train
data\processed\images_128\cat_00193_flickr_cat_000219.jpg,cat,train
data\processed\images_128\dog_04808_flickr_dog_000715.jpg,dog,train
data\processed\images_128\dog_00729_flickr_dog_000813.jpg,dog,train
data\processed\images_128\cat_03884_pixabay_cat_003443.jpg,cat,train
data\processed\images_128\cat_03573_pixabay_cat_003106.jpg,cat,train
data\processed\images_128\cat_03877_pixabay_cat_003435.jpg,cat,train
data\processed\images_128\dog_02759_pixabay_dog_001879.jpg,dog,train
data\processed\images_128\cat_00702_flickr_cat_000790.jpg,cat,train
data\processed\images_128\cat_03270_pixabay_cat_002774.jpg,cat,train
data\processed\images_128\cat_02271_pixabay_cat_001698.jpg,cat,train
data\processed\images_128\cat_01545_pixabay_cat_000910.jpg,cat,train
data\processed\images_128\cat_04830_pixabay_cat_004474.jpg,cat,train
data\processed\images_128\dog_00138_flickr_dog_000151.jpg,dog,train
data\processed\images_128\dog_00308_flickr_dog_000342.jpg,dog,train
data\processed\images_128\cat_03949_pixabay_cat_003515.jpg,cat,train
data\processed\images_128\dog_03076_pixabay_dog_002231.jpg,dog,train
data\processed\images_128\cat_03856_pixabay_cat_003411.jpg,cat,train
data\processed\images_128\dog_04005_pixabay_dog_003247.jpg,dog,train
data\processed\images_128\dog_04704_pixabay_dog_004022.jpg,dog,train
data\processed\images_128\cat_04253_pixabay_cat_003850.jpg,cat,train
data\processed\images_128\cat_05085_pixabay_cat_004756.jpg,cat,train
data\processed\images_128\dog_01864_pixabay_dog_000903.jpg,dog,train
data\processed\images_128\cat_05266_pixabay_cat_000276.jpg,cat,train
data\processed\images_128\cat_00255_flickr_cat_000291.jpg,cat,train
data\processed\images_128\cat_03101_pixabay_cat_002593.jpg,cat,train
data\processed\images_128\cat_00629_flickr_cat_000708.jpg,cat,train
data\processed\images_128\cat_03779_pixabay_cat_003327.jpg,cat,train
data\processed\images_128\cat_03087_pixabay_cat_002578.jpg,cat,train
data\processed\images_128\cat_03552_pixabay_cat_003085.jpg,cat,train
data\processed\images_128\dog_04735_pixabay_dog_004053.jpg,dog,train
data\processed\images_128\dog_02704_pixabay_dog_001821.jpg,dog,train
data\processed\images_128\cat_00364_flickr_cat_000411.jpg,cat,train
data\processed\images_128\cat_04188_pixabay_cat_003779.jpg,cat,train
data\processed\images_128\cat_02887_pixabay_cat_002362.jpg,cat,train
data\processed\images_128\dog_03840_pixabay_dog_003066.jpg,dog,train
data\processed\images_128\dog_03555_pixabay_dog_002754.jpg,dog,train
data\processed\images_128\cat_05293_pixabay_cat_000535.jpg,cat,train
data\processed\images_128\dog_04714_pixabay_dog_004032.jpg,dog,train
data\processed\images_128\cat_05119_pixabay_cat_004797.jpg,cat,train
data\processed\images_128\cat_03388_pixabay_cat_002906.jpg,cat,train
data\processed\images_128\dog_03594_pixabay_dog_002802.jpg,dog,train
data\processed\images_128\cat_04504_pixabay_cat_004122.jpg,cat,train
data\processed\images_128\cat_00924_pixabay_cat_000216.jpg,cat,train
data\processed\images_128\cat_00150_flickr_cat_000164.jpg,cat,train
data\processed\images_128\cat_04448_pixabay_cat_004062.jpg,cat,train
data\processed\images_128\cat_03997_pixabay_cat_003567.jpg,cat,train
data\processed\images_128\cat_00331_flickr_cat_000376.jpg,cat,train
data\processed\images_128\cat_00365_flickr_cat_000412.jpg,cat,train
data\processed\images_128\cat_00626_flickr_cat_000705.jpg,cat,train
data\processed\images_128\dog_01691_pixabay_dog_000710.jpg,dog,train
data\processed\images_128\dog_01861_pixabay_dog_000900.jpg,dog,train
data\processed\images_128\dog_04835_flickr_dog_000961.jpg,dog,train
data\processed\images_128\cat_05286_pixabay_cat_000468.jpg,cat,train
data\processed\images_128\cat_03589_pixabay_cat_003123.jpg,cat,train
data\processed\images_128\cat_01284_pixabay_cat_000612.jpg,cat,train
data\processed\images_128\cat_05012_pixabay_cat_004681.jpg,cat,train
data\processed\images_128\cat_00426_flickr_cat_000478.jpg,cat,train
data\processed\images_128\dog_03597_pixabay_dog_002805.jpg,dog,train
data\processed\images_128\dog_01533_pixabay_dog_000537.jpg,dog,train
data\processed\images_128\cat_03237_pixabay_cat_002739.jpg,cat,train
data\processed\images_128\cat_05410_pixabay_cat_001985.jpg,cat,train
data\processed\images_128\dog_02109_pixabay_dog_001173.jpg,dog,train
data\processed\images_128\cat_00297_flickr_cat_000337.jpg,cat,train
data\processed\images_128\cat_03111_pixabay_cat_002603.jpg,cat,train
data\processed\images_128\dog_02630_pixabay_dog_001743.jpg,dog,train
data\processed\images_128\dog_04834_flickr_dog_000949.jpg,dog,train
data\processed\images_128\cat_00869_pixabay_cat_000155.jpg,cat,train
data\processed\images_128\dog_02424_pixabay_dog_001518.jpg,dog,train
data\processed\images_128\cat_01317_pixabay_cat_000650.jpg,cat,train
data\processed\images_128\dog_03250_pixabay_dog_002424.jpg,dog,train
data\processed\images_128\cat_04290_pixabay_cat_003889.jpg,cat,train
data\processed\images_128\cat_05136_pixabay_cat_004815.jpg,cat,train
data\processed\images_128\dog_01310_pixabay_dog_000274.jpg,dog,train
data\processed\images_128\dog_03963_pixabay_dog_003203.jpg,dog,train
data\processed\images_128\dog_01679_pixabay_dog_000698.jpg,dog,train
data\processed\images_128\cat_03315_pixabay_cat_002822.jpg,cat,train
data\processed\images_128\cat_02912_pixabay_cat_002388.jpg,cat,train
data\processed\images_128\dog_02028_pixabay_dog_001086.jpg,dog,train
data\processed\images_128\dog_02816_pixabay_dog_001945.jpg,dog,train
data\processed\images_128\cat_00271_flickr_cat_000308.jpg,cat,train
data\processed\images_128\cat_05046_pixabay_cat_004717.jpg,cat,train
data\processed\images_128\cat_01146_pixabay_cat_000461.jpg,cat,train
data\processed\images_128\cat_00991_pixabay_cat_000287.jpg,cat,train
data\processed\images_128\dog_04632_pixabay_dog_003938.jpg,dog,train
data\processed\images_128\dog_00298_flickr_dog_000330.jpg,dog,train
data\processed\images_128\dog_04767_flickr_dog_000313.jpg,dog,train
data\processed\images_128\dog_03885_pixabay_dog_003116.jpg,dog,train
data\processed\images_128\cat_04582_pixabay_cat_004208.jpg,cat,train
data\processed\images_128\cat_00412_flickr_cat_000464.jpg,cat,train
data\processed\images_128\dog_04489_pixabay_dog_003789.jpg,dog,train
data\processed\images_128\dog_00177_flickr_dog_000195.jpg,dog,train
data\processed\images_128\dog_01505_pixabay_dog_000505.jpg,dog,train
data\processed\images_128\dog_00425_flickr_dog_000465.jpg,dog,train
data\processed\images_128\dog_04152_pixabay_dog_003415.jpg,dog,train
data\processed\images_128\cat_04451_pixabay_cat_004066.jpg,cat,train
data\processed\images_128\cat_03159_pixabay_cat_002653.jpg,cat,train
data\processed\images_128\dog_00044_flickr_dog_000048.jpg,dog,train
data\processed\images_128\cat_03450_pixabay_cat_002971.jpg,cat,train
data\processed\images_128\dog_04712_pixabay_dog_004030.jpg,dog,train
data\processed\images_128\dog_01640_pixabay_dog_000657.jpg,dog,train
data\processed\images_128\cat_03750_pixabay_cat_003297.jpg,cat,train
data\processed\images_128\dog_03364_pixabay_dog_002546.jpg,dog,train
data\processed\images_128\cat_03487_pixabay_cat_003014.jpg,cat,train
data\processed\images_128\cat_02999_pixabay_cat_002485.jpg,cat,train
data\processed\images_128\cat_03051_pixabay_cat_002539.jpg,cat,train
data\processed\images_128\cat_04596_pixabay_cat_004223.jpg,cat,train
data\processed\images_128\cat_01553_pixabay_cat_000918.jpg,cat,train
data\processed\images_128\cat_05279_pixabay_cat_000390.jpg,cat,train
data\processed\images_128\cat_03670_pixabay_cat_003215.jpg,cat,train
data\processed\images_128\cat_01484_pixabay_cat_000838.jpg,cat,train
data\processed\images_128\dog_01410_pixabay_dog_000390.jpg,dog,train
data\processed\images_128\dog_02327_pixabay_dog_001414.jpg,dog,train
data\processed\images_128\cat_05330_pixabay_cat_000867.jpg,cat,train
data\processed\images_128\cat_00689_flickr_cat_000777.jpg,cat,train
data\processed\images_128\dog_05179_pixabay_dog_003398.jpg,dog,train
data\processed\images_128\cat_00873_pixabay_cat_000159.jpg,cat,train
data\processed\images_128\cat_03768_pixabay_cat_003316.jpg,cat,train
data\processed\images_128\cat_02688_pixabay_cat_002143.jpg,cat,train
data\processed\images_128\dog_04960_pixabay_dog_000935.jpg,dog,train
data\processed\images_128\dog_00410_flickr_dog_000448.jpg,dog,train
data\processed\images_128\dog_01232_pixabay_dog_000188.jpg,dog,train
data\processed\images_128\cat_01510_pixabay_cat_000870.jpg,cat,train
data\processed\images_128\cat_02441_pixabay_cat_001875.jpg,cat,train
data\processed\images_128\cat_02275_pixabay_cat_001703.jpg,cat,train
data\processed\images_128\cat_03650_pixabay_cat_003189.jpg,cat,train
data\processed\images_128\dog_02477_pixabay_dog_001581.jpg,dog,train
data\processed\images_128\cat_00329_flickr_cat_000374.jpg,cat,train
data\processed\images_128\dog_00304_flickr_dog_000338.jpg,dog,train
data\processed\images_128\dog_04708_pixabay_dog_004026.jpg,dog,train
data\processed\images_128\dog_03435_pixabay_dog_002626.jpg,dog,train
data\processed\images_128\cat_02033_pixabay_cat_001440.jpg,cat,train
data\processed\images_128\cat_04942_pixabay_cat_004603.jpg,cat,train
data\processed\images_128\dog_00864_flickr_dog_000963.jpg,dog,train
data\processed\images_128\cat_00527_flickr_cat_000594.jpg,cat,train
data\processed\images_128\dog_00447_flickr_dog_000490.jpg,dog,train
data\processed\images_128\cat_05520_pixabay_cat_003356.jpg,cat,train
data\processed\images_128\dog_04449_pixabay_dog_003743.jpg,dog,train
data\processed\images_128\cat_02231_pixabay_cat_001654.jpg,cat,train
data\processed\images_128\cat_01009_pixabay_cat_000309.jpg,cat,train
data\processed\images_128\cat_00347_flickr_cat_000394.jpg,cat,train
data\processed\images_128\dog_03281_pixabay_dog_002458.jpg,dog,train
data\processed\images_128\cat_01136_pixabay_cat_000450.jpg,cat,train
data\processed\images_128\cat_03991_pixabay_cat_003560.jpg,cat,train
data\processed\images_128\dog_00983_flickr_dog_001099.jpg,dog,train
data\processed\images_128\dog_00653_flickr_dog_000727.jpg,dog,train
data\processed\images_128\dog_04052_pixabay_dog_003299.jpg,dog,train
data\processed\images_128\cat_05098_pixabay_cat_004772.jpg,cat,train
data\processed\images_128\dog_04233_pixabay_dog_003507.jpg,dog,train
data\processed\images_128\cat_00264_flickr_cat_000301.jpg,cat,train
data\processed\images_128\dog_01838_pixabay_dog_000876.jpg,dog,train
data\processed\images_128\cat_03840_pixabay_cat_003395.jpg,cat,train
data\processed\images_128\dog_02613_pixabay_dog_001725.jpg,dog,train
data\processed\images_128\dog_02137_pixabay_dog_001206.jpg,dog,train
data\processed\images_128\cat_03371_pixabay_cat_002887.jpg,cat,train
data\processed\images_128\dog_04650_pixabay_dog_003959.jpg,dog,train
data\processed\images_128\cat_01030_pixabay_cat_000333.jpg,cat,train
data\processed\images_128\dog_05020_pixabay_dog_001569.jpg,dog,train
data\processed\images_128\dog_01243_pixabay_dog_000199.jpg,dog,train
data\processed\images_128\dog_04073_pixabay_dog_003322.jpg,dog,train
data\processed\images_128\dog_01611_pixabay_dog_000625.jpg,dog,train
data\processed\images_128\dog_04485_pixabay_dog_003785.jpg,dog,train
data\processed\images_128\dog_00791_flickr_dog_000884.jpg,dog,train
data\processed\images_128\cat_02068_pixabay_cat_001481.jpg,cat,train
data\processed\images_128\cat_03702_pixabay_cat_003248.jpg,cat,train
data\processed\images_128\dog_02231_pixabay_dog_001307.jpg,dog,train
data\processed\images_128\dog_02448_pixabay_dog_001546.jpg,dog,train
data\processed\images_128\dog_04595_pixabay_dog_003898.jpg,dog,train
data\processed\images_128\dog_02057_pixabay_dog_001116.jpg,dog,train
data\processed\images_128\dog_04305_pixabay_dog_003586.jpg,dog,train
data\processed\images_128\cat_00032_flickr_cat_000037.jpg,cat,train
data\processed\images_128\cat_01574_pixabay_cat_000941.jpg,cat,train
data\processed\images_128\cat_00753_pixabay_cat_000026.jpg,cat,train
data\processed\images_128\cat_04770_pixabay_cat_004409.jpg,cat,train
data\processed\images_128\cat_04842_pixabay_cat_004489.jpg,cat,train
data\processed\images_128\dog_03133_pixabay_dog_002293.jpg,dog,train
data\processed\images_128\cat_04481_pixabay_cat_004097.jpg,cat,train
data\processed\images_128\dog_02757_pixabay_dog_001877.jpg,dog,train
data\processed\images_128\cat_03054_pixabay_cat_002542.jpg,cat,train
data\processed\images_128\dog_02701_pixabay_dog_001818.jpg,dog,train
data\processed\images_128\cat_03939_pixabay_cat_003504.jpg,cat,train
data\processed\images_128\dog_05085_pixabay_dog_002329.jpg,dog,train
data\processed\images_128\dog_00537_flickr_dog_000592.jpg,dog,train
data\processed\images_128\cat_05251_pixabay_cat_000099.jpg,cat,train
data\processed\images_128\dog_01604_pixabay_dog_000616.jpg,dog,train
data\processed\images_128\dog_02055_pixabay_dog_001114.jpg,dog,train
data\processed\images_128\dog_01105_pixabay_dog_000049.jpg,dog,train
data\processed\images_128\dog_04533_pixabay_dog_003833.jpg,dog,train
data\processed\images_128\cat_02313_pixabay_cat_001744.jpg,cat,train
data\processed\images_128\dog_00105_flickr_dog_000117.jpg,dog,train
data\processed\images_128\dog_04113_pixabay_dog_003369.jpg,dog,train
data\processed\images_128\cat_03633_pixabay_cat_003171.jpg,cat,train
data\processed\images_128\cat_05505_pixabay_cat_003130.jpg,cat,train
data\processed\images_128\cat_02779_pixabay_cat_002244.jpg,cat,train
data\processed\images_128\dog_04591_pixabay_dog_003894.jpg,dog,train
data\processed\images_128\cat_04613_pixabay_cat_004242.jpg,cat,train
data\processed\images_128\cat_04487_pixabay_cat_004105.jpg,cat,train
data\processed\images_128\cat_02891_pixabay_cat_002366.jpg,cat,train
data\processed\images_128\dog_01143_pixabay_dog_000090.jpg,dog,train
data\processed\images_128\cat_05175_flickr_cat_000208.jpg,cat,train
data\processed\images_128\dog_00941_flickr_dog_001050.jpg,dog,train
data\processed\images_128\cat_03811_pixabay_cat_003365.jpg,cat,train
data\processed\images_128\cat_00432_flickr_cat_000484.jpg,cat,train
data\processed\images_128\cat_00299_flickr_cat_000339.jpg,cat,train
data\processed\images_128\dog_00143_flickr_dog_000156.jpg,dog,train
data\processed\images_128\cat_03951_pixabay_cat_003517.jpg,cat,train
data\processed\images_128\dog_05044_pixabay_dog_001919.jpg,dog,train
data\processed\images_128\cat_02700_pixabay_cat_002158.jpg,cat,train
data\processed\images_128\dog_04528_pixabay_dog_003828.jpg,dog,train
data\processed\images_128\dog_00351_flickr_dog_000388.jpg,dog,train
data\processed\images_128\cat_02295_pixabay_cat_001723.jpg,cat,train
data\processed\images_128\cat_03424_pixabay_cat_002945.jpg,cat,train
data\processed\images_128\cat_02191_pixabay_cat_001609.jpg,cat,train
data\processed\images_128\cat_01568_pixabay_cat_000934.jpg,cat,train
data\processed\images_128\cat_01838_pixabay_cat_001229.jpg,cat,train
data\processed\images_128\cat_03120_pixabay_cat_002612.jpg,cat,train
data\processed\images_128\dog_02592_pixabay_dog_001703.jpg,dog,train
data\processed\images_128\cat_00964_pixabay_cat_000259.jpg,cat,train
data\processed\images_128\cat_02796_pixabay_cat_002262.jpg,cat,train
data\processed\images_128\dog_02571_pixabay_dog_001679.jpg,dog,train
data\processed\images_128\cat_00975_pixabay_cat_000270.jpg,cat,train
data\processed\images_128\cat_01160_pixabay_cat_000476.jpg,cat,train
data\processed\images_128\cat_04663_pixabay_cat_004293.jpg,cat,train
data\processed\images_128\dog_01035_flickr_dog_001154.jpg,dog,train
data\processed\images_128\dog_01510_pixabay_dog_000512.jpg,dog,train
data\processed\images_128\dog_00246_flickr_dog_000275.jpg,dog,train
data\processed\images_128\dog_04471_pixabay_dog_003769.jpg,dog,train
data\processed\images_128\dog_01924_pixabay_dog_000968.jpg,dog,train
data\processed\images_128\cat_00219_flickr_cat_000251.jpg,cat,train
data\processed\images_128\dog_02844_pixabay_dog_001976.jpg,dog,train
data\processed\images_128\dog_02188_pixabay_dog_001262.jpg,dog,train
data\processed\images_128\dog_04408_pixabay_dog_003695.jpg,dog,train
data\processed\images_128\dog_04889_pixabay_dog_000321.jpg,dog,train
data\processed\images_128\cat_04381_pixabay_cat_003990.jpg,cat,train
data\processed\images_128\dog_01579_pixabay_dog_000587.jpg,dog,train
data\processed\images_128\dog_05115_pixabay_dog_002700.jpg,dog,train
data\processed\images_128\dog_00555_flickr_dog_000612.jpg,dog,train
data\processed\images_128\cat_00371_flickr_cat_000420.jpg,cat,train
data\processed\images_128\cat_03018_pixabay_cat_002505.jpg,cat,train
data\processed\images_128\dog_00566_flickr_dog_000624.jpg,dog,train
data\processed\images_128\cat_04723_pixabay_cat_004360.jpg,cat,train
data\processed\images_128\cat_04804_pixabay_cat_004447.jpg,cat,train
data\processed\images_128\dog_01315_pixabay_dog_000281.jpg,dog,train
data\processed\images_128\dog_04919_pixabay_dog_000507.jpg,dog,train
data\processed\images_128\dog_04317_pixabay_dog_003599.jpg,dog,train
data\processed\images_128\dog_02363_pixabay_dog_001454.jpg,dog,train
data\processed\images_128\dog_01522_pixabay_dog_000525.jpg,dog,train
data\processed\images_128\dog_03655_pixabay_dog_002869.jpg,dog,train
data\processed\images_128\dog_02032_pixabay_dog_001090.jpg,dog,train
data\processed\images_128\cat_04781_pixabay_cat_004423.jpg,cat,train
data\processed\images_128\dog_05231_pixabay_dog_003990.jpg,dog,train
data\processed\images_128\cat_04493_pixabay_cat_004111.jpg,cat,train
data\processed\images_128\dog_02263_pixabay_dog_001339.jpg,dog,train
data\processed\images_128\dog_02045_pixabay_dog_001104.jpg,dog,train
data\processed\images_128\dog_00438_flickr_dog_000480.jpg,dog,train
data\processed\images_128\dog_04447_pixabay_dog_003740.jpg,dog,train
data\processed\images_128\cat_02059_pixabay_cat_001471.jpg,cat,train
data\processed\images_128\cat_02005_pixabay_cat_001411.jpg,cat,train
data\processed\images_128\dog_01042_flickr_dog_001161.jpg,dog,train
data\processed\images_128\dog_01979_pixabay_dog_001027.jpg,dog,train
data\processed\images_128\cat_04396_pixabay_cat_004005.jpg,cat,train
data\processed\images_128\dog_04572_pixabay_dog_003873.jpg,dog,train
data\processed\images_128\dog_03070_pixabay_dog_002225.jpg,dog,train
data\processed\images_128\cat_03883_pixabay_cat_003442.jpg,cat,train
data\processed\images_128\cat_01772_pixabay_cat_001158.jpg,cat,train
data\processed\images_128\cat_03881_pixabay_cat_003439.jpg,cat,train
data\processed\images_128\cat_05399_pixabay_cat_001724.jpg,cat,train
data\processed\images_128\dog_04993_pixabay_dog_001290.jpg,dog,train
data\processed\images_128\dog_01000_flickr_dog_001117.jpg,dog,train
data\processed\images_128\cat_04915_pixabay_cat_004570.jpg,cat,train
data\processed\images_128\cat_01742_pixabay_cat_001126.jpg,cat,train
data\processed\images_128\cat_00883_pixabay_cat_000171.jpg,cat,train
data\processed\images_128\dog_00083_flickr_dog_000091.jpg,dog,train
data\processed\images_128\cat_02145_pixabay_cat_001560.jpg,cat,train
data\processed\images_128\dog_04510_pixabay_dog_003810.jpg,dog,train
data\processed\images_128\cat_01855_pixabay_cat_001246.jpg,cat,train
data\processed\images_128\cat_04476_pixabay_cat_004091.jpg,cat,train
data\processed\images_128\cat_00712_flickr_cat_000800.jpg,cat,train
data\processed\images_128\dog_00591_flickr_dog_000655.jpg,dog,train
data\processed\images_128\dog_01976_pixabay_dog_001023.jpg,dog,train
data\processed\images_128\cat_00600_flickr_cat_000678.jpg,cat,train
data\processed\images_128\cat_00458_flickr_cat_000511.jpg,cat,train
data\processed\images_128\dog_01388_pixabay_dog_000366.jpg,dog,train
data\processed\images_128\dog_04982_pixabay_dog_001171.jpg,dog,train
data\processed\images_128\cat_03501_pixabay_cat_003029.jpg,cat,train
data\processed\images_128\dog_02384_pixabay_dog_001476.jpg,dog,train
data\processed\images_128\dog_02570_pixabay_dog_001678.jpg,dog,train
data\processed\images_128\cat_01412_pixabay_cat_000758.jpg,cat,train
data\processed\images_128\cat_02325_pixabay_cat_001756.jpg,cat,train
data\processed\images_128\dog_04206_pixabay_dog_003474.jpg,dog,train
data\processed\images_128\dog_00257_flickr_dog_000286.jpg,dog,train
data\processed\images_128\cat_02503_pixabay_cat_001940.jpg,cat,train
data\processed\images_128\dog_02481_pixabay_dog_001585.jpg,dog,train
data\processed\images_128\cat_00153_flickr_cat_000168.jpg,cat,train
data\processed\images_128\cat_01712_pixabay_cat_001092.jpg,cat,train
data\processed\images_128\dog_00039_flickr_dog_000041.jpg,dog,train
data\processed\images_128\dog_02670_pixabay_dog_001783.jpg,dog,train
data\processed\images_128\cat_02952_pixabay_cat_002430.jpg,cat,train
data\processed\images_128\cat_04631_pixabay_cat_004261.jpg,cat,train
data\processed\images_128\dog_04705_pixabay_dog_004023.jpg,dog,train
data\processed\images_128\cat_03414_pixabay_cat_002935.jpg,cat,train
data\processed\images_128\dog_04433_pixabay_dog_003724.jpg,dog,train
data\processed\images_128\cat_01198_pixabay_cat_000519.jpg,cat,train
data\processed\images_128\cat_04534_pixabay_cat_004153.jpg,cat,train
data\processed\images_128\dog_01639_pixabay_dog_000656.jpg,dog,train
data\processed\images_128\dog_03737_pixabay_dog_002960.jpg,dog,train
data\processed\images_128\cat_00409_flickr_cat_000461.jpg,cat,train
data\processed\images_128\dog_03768_pixabay_dog_002992.jpg,dog,train
data\processed\images_128\cat_02988_pixabay_cat_002474.jpg,cat,train
data\processed\images_128\cat_02141_pixabay_cat_001556.jpg,cat,train
data\processed\images_128\cat_01173_pixabay_cat_000489.jpg,cat,train
data\processed\images_128\cat_02517_pixabay_cat_001955.jpg,cat,train
data\processed\images_128\cat_05529_pixabay_cat_003440.jpg,cat,train
data\processed\images_128\dog_03352_pixabay_dog_002533.jpg,dog,train
data\processed\images_128\cat_05270_pixabay_cat_000302.jpg,cat,train
data\processed\images_128\dog_02584_pixabay_dog_001694.jpg,dog,train
data\processed\images_128\dog_03177_pixabay_dog_002344.jpg,dog,train
data\processed\images_128\cat_00622_flickr_cat_000701.jpg,cat,train
data\processed\images_128\dog_01286_pixabay_dog_000248.jpg,dog,train
data\processed\images_128\cat_05027_pixabay_cat_004698.jpg,cat,train
data\processed\images_128\cat_00355_flickr_cat_000402.jpg,cat,train
data\processed\images_128\dog_01721_pixabay_dog_000746.jpg,dog,train
data\processed\images_128\dog_04242_pixabay_dog_003516.jpg,dog,train
data\processed\images_128\dog_00608_flickr_dog_000674.jpg,dog,train
data\processed\images_128\dog_03513_pixabay_dog_002710.jpg,dog,train
data\processed\images_128\cat_04581_pixabay_cat_004207.jpg,cat,train
data\processed\images_128\dog_04939_pixabay_dog_000715.jpg,dog,train
data\processed\images_128\cat_03332_pixabay_cat_002842.jpg,cat,train
data\processed\images_128\cat_03819_pixabay_cat_003373.jpg,cat,train
data\processed\images_128\cat_03987_pixabay_cat_003555.jpg,cat,train
data\processed\images_128\cat_05515_pixabay_cat_003212.jpg,cat,train
data\processed\images_128\cat_01938_pixabay_cat_001335.jpg,cat,train
data\processed\images_128\dog_03639_pixabay_dog_002850.jpg,dog,train
data\processed\images_128\dog_00280_flickr_dog_000310.jpg,dog,train
data\processed\images_128\cat_03738_pixabay_cat_003285.jpg,cat,train
data\processed\images_128\cat_02123_pixabay_cat_001538.jpg,cat,train
data\processed\images_128\cat_04615_pixabay_cat_004244.jpg,cat,train
data\processed\images_128\cat_04033_pixabay_cat_003607.jpg,cat,train
data\processed\images_128\cat_05224_flickr_cat_000635.jpg,cat,train
data\processed\images_128\cat_01365_pixabay_cat_000704.jpg,cat,train
data\processed\images_128\dog_03398_pixabay_dog_002584.jpg,dog,train
data\processed\images_128\dog_01824_pixabay_dog_000861.jpg,dog,train
data\processed\images_128\dog_02833_pixabay_dog_001963.jpg,dog,train
data\processed\images_128\cat_03037_pixabay_cat_002525.jpg,cat,train
data\processed\images_128\cat_00684_flickr_cat_000772.jpg,cat,train
data\processed\images_128\dog_00192_flickr_dog_000213.jpg,dog,train
data\processed\images_128\cat_02855_pixabay_cat_002327.jpg,cat,train
data\processed\images_128\cat_04755_pixabay_cat_004394.jpg,cat,train
data\processed\images_128\dog_05135_pixabay_dog_002897.jpg,dog,train
data\processed\images_128\cat_02289_pixabay_cat_001717.jpg,cat,train
data\processed\images_128\dog_03341_pixabay_dog_002521.jpg,dog,train
data\processed\images_128\cat_02894_pixabay_cat_002369.jpg,cat,train
data\processed\images_128\dog_00100_flickr_dog_000110.jpg,dog,train
data\processed\images_128\cat_02468_pixabay_cat_001903.jpg,cat,train
data\processed\images_128\dog_01692_pixabay_dog_000711.jpg,dog,train
data\processed\images_128\dog_02083_pixabay_dog_001143.jpg,dog,train
data\processed\images_128\dog_02070_pixabay_dog_001130.jpg,dog,train
data\processed\images_128\dog_00345_flickr_dog_000381.jpg,dog,train
data\processed\images_128\dog_01945_pixabay_dog_000991.jpg,dog,train
data\processed\images_128\cat_00114_flickr_cat_000125.jpg,cat,train
data\processed\images_128\cat_03492_pixabay_cat_003020.jpg,cat,train
data\processed\images_128\cat_05434_pixabay_cat_002232.jpg,cat,train
data\processed\images_128\cat_01850_pixabay_cat_001241.jpg,cat,train
data\processed\images_128\dog_03013_pixabay_dog_002164.jpg,dog,train
data\processed\images_128\cat_02748_pixabay_cat_002210.jpg,cat,train
data\processed\images_128\cat_04848_pixabay_cat_004495.jpg,cat,train
data\processed\images_128\dog_01106_pixabay_dog_000050.jpg,dog,train
data\processed\images_128\cat_04362_pixabay_cat_003969.jpg,cat,train
data\processed\images_128\dog_05223_pixabay_dog_003922.jpg,dog,train
data\processed\images_128\dog_02576_pixabay_dog_001684.jpg,dog,train
data\processed\images_128\dog_05089_pixabay_dog_002390.jpg,dog,train
data\processed\images_128\cat_00977_pixabay_cat_000272.jpg,cat,train
data\processed\images_128\cat_00337_flickr_cat_000383.jpg,cat,train
data\processed\images_128\cat_03322_pixabay_cat_002830.jpg,cat,train
data\processed\images_128\dog_02939_pixabay_dog_002080.jpg,dog,train
data\processed\images_128\cat_03157_pixabay_cat_002651.jpg,cat,train
data\processed\images_128\dog_03198_pixabay_dog_002367.jpg,dog,train
data\processed\images_128\dog_02964_pixabay_dog_002105.jpg,dog,train
data\processed\images_128\cat_01273_pixabay_cat_000601.jpg,cat,train
data\processed\images_128\cat_01904_pixabay_cat_001299.jpg,cat,train
data\processed\images_128\dog_01451_pixabay_dog_000435.jpg,dog,train
data\processed\images_128\cat_01852_pixabay_cat_001243.jpg,cat,train
data\processed\images_128\cat_00231_flickr_cat_000264.jpg,cat,train
data\processed\images_128\cat_00944_pixabay_cat_000237.jpg,cat,train
data\processed\images_128\cat_01619_pixabay_cat_000991.jpg,cat,train
data\processed\images_128\cat_00487_flickr_cat_000547.jpg,cat,train
data\processed\images_128\cat_05187_flickr_cat_000292.jpg,cat,train
data\processed\images_128\cat_02213_pixabay_cat_001633.jpg,cat,train
data\processed\images_128\dog_05169_pixabay_dog_003334.jpg,dog,train
data\processed\images_128\dog_03030_pixabay_dog_002182.jpg,dog,train
data\processed\images_128\cat_05412_pixabay_cat_001996.jpg,cat,train
data\processed\images_128\dog_01933_pixabay_dog_000978.jpg,dog,train
data\processed\images_128\cat_02660_pixabay_cat_002109.jpg,cat,train
data\processed\images_128\dog_03371_pixabay_dog_002554.jpg,dog,train
data\processed\images_128\cat_05397_pixabay_cat_001690.jpg,cat,train
data\processed\images_128\cat_04215_pixabay_cat_003808.jpg,cat,train
data\processed\images_128\dog_03588_pixabay_dog_002794.jpg,dog,train
data\processed\images_128\dog_03467_pixabay_dog_002660.jpg,dog,train
data\processed\images_128\dog_01432_pixabay_dog_000416.jpg,dog,train
data\processed\images_128\cat_03372_pixabay_cat_002888.jpg,cat,train
data\processed\images_128\cat_02351_pixabay_cat_001782.jpg,cat,train
data\processed\images_128\dog_02839_pixabay_dog_001970.jpg,dog,train
data\processed\images_128\dog_02808_pixabay_dog_001937.jpg,dog,train
data\processed\images_128\cat_04339_pixabay_cat_003945.jpg,cat,train
data\processed\images_128\cat_04492_pixabay_cat_004110.jpg,cat,train
data\processed\images_128\cat_02509_pixabay_cat_001946.jpg,cat,train
data\processed\images_128\cat_00595_flickr_cat_000672.jpg,cat,train
data\processed\images_128\cat_04187_pixabay_cat_003778.jpg,cat,train
data\processed\images_128\dog_04583_pixabay_dog_003884.jpg,dog,train
data\processed\images_128\dog_03477_pixabay_dog_002671.jpg,dog,train
data\processed\images_128\dog_03875_pixabay_dog_003106.jpg,dog,train
data\processed\images_128\cat_00335_flickr_cat_000381.jpg,cat,train
data\processed\images_128\cat_01184_pixabay_cat_000502.jpg,cat,train
data\processed\images_128\dog_00579_flickr_dog_000641.jpg,dog,train
data\processed\images_128\cat_04944_pixabay_cat_004605.jpg,cat,train
data\processed\images_128\dog_03296_pixabay_dog_002473.jpg,dog,train
data\processed\images_128\cat_04279_pixabay_cat_003877.jpg,cat,train
data\processed\images_128\cat_03982_pixabay_cat_003550.jpg,cat,train
data\processed\images_128\cat_00863_pixabay_cat_000148.jpg,cat,train
data\processed\images_128\cat_02016_pixabay_cat_001422.jpg,cat,train
data\processed\images_128\dog_00671_flickr_dog_000746.jpg,dog,train
data\processed\images_128\dog_01204_pixabay_dog_000156.jpg,dog,train
data\processed\images_128\dog_03792_pixabay_dog_003018.jpg,dog,train
data\processed\images_128\cat_03150_pixabay_cat_002643.jpg,cat,train
data\processed\images_128\dog_02707_pixabay_dog_001824.jpg,dog,train
data\processed\images_128\dog_01085_pixabay_dog_000026.jpg,dog,train
data\processed\images_128\cat_03248_pixabay_cat_002751.jpg,cat,train
data\processed\images_128\cat_00868_pixabay_cat_000154.jpg,cat,train
data\processed\images_128\dog_04785_flickr_dog_000553.jpg,dog,train
data\processed\images_128\cat_02445_pixabay_cat_001879.jpg,cat,train
data\processed\images_128\dog_00696_flickr_dog_000773.jpg,dog,train
data\processed\images_128\dog_04974_pixabay_dog_001082.jpg,dog,train
data\processed\images_128\dog_02367_pixabay_dog_001458.jpg,dog,train
data\processed\images_128\cat_01935_pixabay_cat_001332.jpg,cat,train
data\processed\images_128\dog_01813_pixabay_dog_000850.jpg,dog,train
data\processed\images_128\cat_01325_pixabay_cat_000659.jpg,cat,train
data\processed\images_128\dog_01856_pixabay_dog_000895.jpg,dog,train
data\processed\images_128\cat_04417_pixabay_cat_004028.jpg,cat,train
data\processed\images_128\dog_02561_pixabay_dog_001669.jpg,dog,train
data\processed\images_128\cat_02622_pixabay_cat_002068.jpg,cat,train
data\processed\images_128\cat_04985_pixabay_cat_004650.jpg,cat,train
data\processed\images_128\dog_02749_pixabay_dog_001869.jpg,dog,train
data\processed\images_128\dog_01075_pixabay_dog_000015.jpg,dog,train
data\processed\images_128\cat_05355_pixabay_cat_001143.jpg,cat,train
data\processed\images_128\cat_04722_pixabay_cat_004359.jpg,cat,train
data\processed\images_128\cat_04856_pixabay_cat_004503.jpg,cat,train
data\processed\images_128\dog_01525_pixabay_dog_000528.jpg,dog,train
data\processed\images_128\dog_02711_pixabay_dog_001828.jpg,dog,train
data\processed\images_128\dog_02544_pixabay_dog_001650.jpg,dog,train
data\processed\images_128\cat_04370_pixabay_cat_003978.jpg,cat,train
data\processed\images_128\cat_00012_flickr_cat_000017.jpg,cat,train
data\processed\images_128\dog_05222_pixabay_dog_003914.jpg,dog,train
data\processed\images_128\dog_04339_pixabay_dog_003621.jpg,dog,train
data\processed\images_128\dog_04882_pixabay_dog_000271.jpg,dog,train
data\processed\images_128\cat_00826_pixabay_cat_000107.jpg,cat,train
data\processed\images_128\cat_05253_pixabay_cat_000117.jpg,cat,train
data\processed\images_128\dog_00678_flickr_dog_000753.jpg,dog,train
data\processed\images_128\cat_01878_pixabay_cat_001270.jpg,cat,train
data\processed\images_128\dog_03247_pixabay_dog_002420.jpg,dog,train
data\processed\images_128\cat_01070_pixabay_cat_000377.jpg,cat,train
data\processed\images_128\dog_01356_pixabay_dog_000329.jpg,dog,train
data\processed\images_128\cat_02801_pixabay_cat_002268.jpg,cat,train
data\processed\images_128\cat_05222_flickr_cat_000628.jpg,cat,train
data\processed\images_128\cat_02403_pixabay_cat_001836.jpg,cat,train
data\processed\images_128\dog_05079_pixabay_dog_002297.jpg,dog,train
data\processed\images_128\dog_01152_pixabay_dog_000099.jpg,dog,train
data\processed\images_128\dog_02595_pixabay_dog_001707.jpg,dog,train
data\processed\images_128\cat_04626_pixabay_cat_004255.jpg,cat,train
data\processed\images_128\dog_00400_flickr_dog_000438.jpg,dog,train
data\processed\images_128\dog_02228_pixabay_dog_001304.jpg,dog,train
data\processed\images_128\dog_04045_pixabay_dog_003291.jpg,dog,train
data\processed\images_128\cat_04184_pixabay_cat_003775.jpg,cat,train
data\processed\images_128\cat_05102_pixabay_cat_004776.jpg,cat,train
data\processed\images_128\cat_03254_pixabay_cat_002757.jpg,cat,train
data\processed\images_128\dog_02999_pixabay_dog_002145.jpg,dog,train
data\processed\images_128\cat_05404_pixabay_cat_001860.jpg,cat,train
data\processed\images_128\cat_03827_pixabay_cat_003381.jpg,cat,train
data\processed\images_128\dog_01740_pixabay_dog_000766.jpg,dog,train
data\processed\images_128\cat_05271_pixabay_cat_000314.jpg,cat,train
data\processed\images_128\cat_01968_pixabay_cat_001370.jpg,cat,train
data\processed\images_128\cat_05314_pixabay_cat_000751.jpg,cat,train
data\processed\images_128\cat_00659_flickr_cat_000740.jpg,cat,train
data\processed\images_128\dog_02079_pixabay_dog_001139.jpg,dog,train
data\processed\images_128\dog_05229_pixabay_dog_003980.jpg,dog,train
data\processed\images_128\dog_04565_pixabay_dog_003866.jpg,dog,train
data\processed\images_128\cat_04007_pixabay_cat_003579.jpg,cat,train
data\processed\images_128\dog_01974_pixabay_dog_001021.jpg,dog,train
data\processed\images_128\cat_05485_pixabay_cat_002873.jpg,cat,train
data\processed\images_128\cat_00334_flickr_cat_000380.jpg,cat,train
data\processed\images_128\cat_01980_pixabay_cat_001383.jpg,cat,train
data\processed\images_128\dog_04991_pixabay_dog_001236.jpg,dog,train
data\processed\images_128\cat_03570_pixabay_cat_003103.jpg,cat,train
data\processed\images_128\cat_02036_pixabay_cat_001443.jpg,cat,train
data\processed\images_128\cat_01919_pixabay_cat_001315.jpg,cat,train
data\processed\images_128\dog_00363_flickr_dog_000400.jpg,dog,train
data\processed\images_128\cat_04846_pixabay_cat_004493.jpg,cat,train
data\processed\images_128\cat_02159_pixabay_cat_001575.jpg,cat,train
data\processed\images_128\dog_03605_pixabay_dog_002813.jpg,dog,train
data\processed\images_128\dog_02734_pixabay_dog_001852.jpg,dog,train
data\processed\images_128\dog_01038_flickr_dog_001157.jpg,dog,train
data\processed\images_128\cat_01976_pixabay_cat_001379.jpg,cat,train
data\processed\images_128\cat_02075_pixabay_cat_001488.jpg,cat,train
data\processed\images_128\dog_01140_pixabay_dog_000087.jpg,dog,train
data\processed\images_128\dog_00686_flickr_dog_000762.jpg,dog,train
data\processed\images_128\dog_00068_flickr_dog_000075.jpg,dog,train
data\processed\images_128\dog_03291_pixabay_dog_002468.jpg,dog,train
data\processed\images_128\cat_01578_pixabay_cat_000945.jpg,cat,train
data\processed\images_128\dog_00437_flickr_dog_000479.jpg,dog,train
data\processed\images_128\dog_03271_pixabay_dog_002446.jpg,dog,train
data\processed\images_128\dog_00970_flickr_dog_001084.jpg,dog,train
data\processed\images_128\cat_03181_pixabay_cat_002677.jpg,cat,train
data\processed\images_128\cat_04422_pixabay_cat_004034.jpg,cat,train
data\processed\images_128\cat_03252_pixabay_cat_002755.jpg,cat,train
data\processed\images_128\dog_03647_pixabay_dog_002860.jpg,dog,train
data\processed\images_128\dog_04272_pixabay_dog_003551.jpg,dog,train
data\processed\images_128\cat_04954_pixabay_cat_004615.jpg,cat,train
data\processed\images_128\dog_02875_pixabay_dog_002009.jpg,dog,train
data\processed\images_128\cat_00917_pixabay_cat_000209.jpg,cat,train
data\processed\images_128\cat_02960_pixabay_cat_002440.jpg,cat,train
data\processed\images_128\cat_03168_pixabay_cat_002664.jpg,cat,train
data\processed\images_128\cat_00671_flickr_cat_000755.jpg,cat,train
data\processed\images_128\dog_00241_flickr_dog_000270.jpg,dog,train
data\processed\images_128\cat_04793_pixabay_cat_004436.jpg,cat,train
data\processed\images_128\dog_02953_pixabay_dog_002094.jpg,dog,train
data\processed\images_128\dog_00761_flickr_dog_000852.jpg,dog,train
data\processed\images_128\dog_00429_flickr_dog_000471.jpg,dog,train
data\processed\images_128\cat_01881_pixabay_cat_001274.jpg,cat,train
data\processed\images_128\dog_01735_pixabay_dog_000760.jpg,dog,train
data\processed\images_128\dog_02004_pixabay_dog_001055.jpg,dog,train
data\processed\images_128\dog_04855_flickr_dog_001122.jpg,dog,train
data\processed\images_128\dog_03561_pixabay_dog_002761.jpg,dog,train
data\processed\images_128\cat_00967_pixabay_cat_000262.jpg,cat,train
data\processed\images_128\cat_03118_pixabay_cat_002610.jpg,cat,train
data\processed\images_128\dog_00573_flickr_dog_000634.jpg,dog,train
data\processed\images_128\dog_01054_flickr_dog_001174.jpg,dog,train
data\processed\images_128\cat_05378_pixabay_cat_001455.jpg,cat,train
data\processed\images_128\dog_02413_pixabay_dog_001507.jpg,dog,train
data\processed\images_128\dog_02827_pixabay_dog_001956.jpg,dog,train
data\processed\images_128\dog_02168_pixabay_dog_001241.jpg,dog,train
data\processed\images_128\dog_01796_pixabay_dog_000830.jpg,dog,train
data\processed\images_128\cat_03810_pixabay_cat_003364.jpg,cat,train
data\processed\images_128\dog_02078_pixabay_dog_001138.jpg,dog,train
data\processed\images_128\dog_04042_pixabay_dog_003288.jpg,dog,train
data\processed\images_128\cat_04001_pixabay_cat_003572.jpg,cat,train
data\processed\images_128\dog_02385_pixabay_dog_001477.jpg,dog,train
data\processed\images_128\cat_05599_pixabay_cat_004237.jpg,cat,train
data\processed\images_128\dog_02830_pixabay_dog_001959.jpg,dog,train
data\processed\images_128\cat_03996_pixabay_cat_003566.jpg,cat,train
data\processed\images_128\dog_03047_pixabay_dog_002201.jpg,dog,train
data\processed\images_128\cat_00621_flickr_cat_000700.jpg,cat,train
data\processed\images_128\dog_01830_pixabay_dog_000867.jpg,dog,train
data\processed\images_128\cat_04612_pixabay_cat_004241.jpg,cat,train
data\processed\images_128\dog_00534_flickr_dog_000589.jpg,dog,train
data\processed\images_128\dog_01982_pixabay_dog_001030.jpg,dog,train
data\processed\images_128\dog_02914_pixabay_dog_002053.jpg,dog,train
data\processed\images_128\dog_00917_flickr_dog_001023.jpg,dog,train
data\processed\images_128\cat_00345_flickr_cat_000392.jpg,cat,train
data\processed\images_128\cat_02635_pixabay_cat_002083.jpg,cat,train
data\processed\images_128\cat_03843_pixabay_cat_003398.jpg,cat,train
data\processed\images_128\dog_00475_flickr_dog_000520.jpg,dog,train
data\processed\images_128\cat_00683_flickr_cat_000771.jpg,cat,train
data\processed\images_128\cat_01037_pixabay_cat_000341.jpg,cat,train
data\processed\images_128\cat_02504_pixabay_cat_001941.jpg,cat,train
data\processed\images_128\dog_03088_pixabay_dog_002247.jpg,dog,train
data\processed\images_128\cat_03138_pixabay_cat_002630.jpg,cat,train
data\processed\images_128\dog_01854_pixabay_dog_000893.jpg,dog,train
data\processed\images_128\cat_01845_pixabay_cat_001236.jpg,cat,train
data\processed\images_128\dog_04247_pixabay_dog_003522.jpg,dog,train
data\processed\images_128\dog_04839_flickr_dog_001002.jpg,dog,train
data\processed\images_128\cat_05365_pixabay_cat_001287.jpg,cat,train
data\processed\images_128\dog_03443_pixabay_dog_002634.jpg,dog,train
data\processed\images_128\cat_01657_pixabay_cat_001032.jpg,cat,train
data\processed\images_128\dog_03957_pixabay_dog_003196.jpg,dog,train
data\processed\images_128\dog_03079_pixabay_dog_002235.jpg,dog,train
data\processed\images_128\cat_01169_pixabay_cat_000485.jpg,cat,train
data\processed\images_128\dog_03202_pixabay_dog_002371.jpg,dog,train
data\processed\images_128\dog_02251_pixabay_dog_001327.jpg,dog,train
data\processed\images_128\cat_01488_pixabay_cat_000845.jpg,cat,train
data\processed\images_128\cat_02357_pixabay_cat_001789.jpg,cat,train
data\processed\images_128\cat_04017_pixabay_cat_003590.jpg,cat,train
data\processed\images_128\dog_00784_flickr_dog_000877.jpg,dog,train
data\processed\images_128\dog_04825_flickr_dog_000836.jpg,dog,train
data\processed\images_128\cat_00233_flickr_cat_000267.jpg,cat,train
data\processed\images_128\dog_02799_pixabay_dog_001926.jpg,dog,train
data\processed\images_128\dog_04872_pixabay_dog_000176.jpg,dog,train
data\processed\images_128\dog_02250_pixabay_dog_001326.jpg,dog,train
data\processed\images_128\cat_02257_pixabay_cat_001682.jpg,cat,train
data\processed\images_128\cat_02615_pixabay_cat_002060.jpg,cat,train
data\processed\images_128\dog_01766_pixabay_dog_000796.jpg,dog,train
data\processed\images_128\cat_04466_pixabay_cat_004081.jpg,cat,train
data\processed\images_128\dog_05022_pixabay_dog_001575.jpg,dog,train
data\processed\images_128\dog_00627_flickr_dog_000697.jpg,dog,train
data\processed\images_128\dog_00285_flickr_dog_000316.jpg,dog,train
data\processed\images_128\cat_02473_pixabay_cat_001908.jpg,cat,train
data\processed\images_128\cat_03109_pixabay_cat_002601.jpg,cat,train
data\processed\images_128\cat_04572_pixabay_cat_004198.jpg,cat,train
data\processed\images_128\cat_01966_pixabay_cat_001368.jpg,cat,train
data\processed\images_128\cat_00786_pixabay_cat_000062.jpg,cat,train
data\processed\images_128\cat_03057_pixabay_cat_002546.jpg,cat,train
data\processed\images_128\dog_04276_pixabay_dog_003556.jpg,dog,train
data\processed\images_128\dog_02042_pixabay_dog_001101.jpg,dog,train
data\processed\images_128\cat_04899_pixabay_cat_004553.jpg,cat,train
data\processed\images_128\cat_00462_flickr_cat_000516.jpg,cat,train
data\processed\images_128\dog_03496_pixabay_dog_002691.jpg,dog,train
data\processed\images_128\dog_05171_pixabay_dog_003345.jpg,dog,train
data\processed\images_128\dog_01527_pixabay_dog_000530.jpg,dog,train
data\processed\images_128\cat_03646_pixabay_cat_003184.jpg,cat,train
data\processed\images_128\dog_01005_flickr_dog_001124.jpg,dog,train
data\processed\images_128\dog_01571_pixabay_dog_000578.jpg,dog,train
data\processed\images_128\dog_04462_pixabay_dog_003758.jpg,dog,train
data\processed\images_128\dog_02148_pixabay_dog_001218.jpg,dog,train
data\processed\images_128\dog_01485_pixabay_dog_000476.jpg,dog,train
data\processed\images_128\dog_00576_flickr_dog_000637.jpg,dog,train
data\processed\images_128\cat_04128_pixabay_cat_003709.jpg,cat,train
data\processed\images_128\cat_04633_pixabay_cat_004263.jpg,cat,train
data\processed\images_128\cat_04341_pixabay_cat_003947.jpg,cat,train
data\processed\images_128\cat_01312_pixabay_cat_000645.jpg,cat,train
data\processed\images_128\cat_03440_pixabay_cat_002961.jpg,cat,train
data\processed\images_128\cat_03816_pixabay_cat_003370.jpg,cat,train
data\processed\images_128\cat_02888_pixabay_cat_002363.jpg,cat,train
data\processed\images_128\dog_01345_pixabay_dog_000315.jpg,dog,train
data\processed\images_128\cat_04561_pixabay_cat_004185.jpg,cat,train
data\processed\images_128\dog_02793_pixabay_dog_001918.jpg,dog,train
data\processed\images_128\dog_03530_pixabay_dog_002727.jpg,dog,train
data\processed\images_128\cat_00205_flickr_cat_000235.jpg,cat,train
data\processed\images_128\dog_01036_flickr_dog_001155.jpg,dog,train
data\processed\images_128\cat_00724_flickr_cat_000813.jpg,cat,train
data\processed\images_128\dog_02821_pixabay_dog_001950.jpg,dog,train
data\processed\images_128\cat_02105_pixabay_cat_001519.jpg,cat,train
data\processed\images_128\dog_00919_flickr_dog_001025.jpg,dog,train
data\processed\images_128\cat_01642_pixabay_cat_001015.jpg,cat,train
data\processed\images_128\dog_00259_flickr_dog_000288.jpg,dog,train
data\processed\images_128\dog_03302_pixabay_dog_002479.jpg,dog,train
data\processed\images_128\dog_03501_pixabay_dog_002696.jpg,dog,train
data\processed\images_128\cat_01842_pixabay_cat_001233.jpg,cat,train
data\processed\images_128\cat_01213_pixabay_cat_000536.jpg,cat,train
data\processed\images_128\cat_05068_pixabay_cat_004739.jpg,cat,train
data\processed\images_128\dog_01366_pixabay_dog_000342.jpg,dog,train
data\processed\images_128\dog_03799_pixabay_dog_003025.jpg,dog,train
data\processed\images_128\dog_00288_flickr_dog_000320.jpg,dog,train
data\processed\images_128\dog_03765_pixabay_dog_002989.jpg,dog,train
data\processed\images_128\cat_01570_pixabay_cat_000937.jpg,cat,train
data\processed\images_128\dog_00184_flickr_dog_000203.jpg,dog,train
data\processed\images_128\cat_00328_flickr_cat_000373.jpg,cat,train
data\processed\images_128\cat_03019_pixabay_cat_002506.jpg,cat,train
data\processed\images_128\dog_01233_pixabay_dog_000189.jpg,dog,train
data\processed\images_128\cat_00152_flickr_cat_000167.jpg,cat,train
data\processed\images_128\dog_05148_pixabay_dog_003095.jpg,dog,train
data\processed\images_128\cat_00846_pixabay_cat_000130.jpg,cat,train
data\processed\images_128\dog_04849_flickr_dog_001071.jpg,dog,train
data\processed\images_128\dog_02761_pixabay_dog_001882.jpg,dog,train
data\processed\images_128\cat_04962_pixabay_cat_004624.jpg,cat,train
data\processed\images_128\dog_02606_pixabay_dog_001718.jpg,dog,train
data\processed\images_128\dog_04876_pixabay_dog_000206.jpg,dog,train
data\processed\images_128\dog_04455_pixabay_dog_003750.jpg,dog,train
data\processed\images_128\cat_00232_flickr_cat_000266.jpg,cat,train
data\processed\images_128\dog_05004_pixabay_dog_001381.jpg,dog,train
data\processed\images_128\cat_05228_flickr_cat_000676.jpg,cat,train
data\processed\images_128\cat_00313_flickr_cat_000356.jpg,cat,train
data\processed\images_128\cat_02564_pixabay_cat_002007.jpg,cat,train
data\processed\images_128\dog_00090_flickr_dog_000099.jpg,dog,train
data\processed\images_128\cat_04901_pixabay_cat_004555.jpg,cat,train
data\processed\images_128\dog_01783_pixabay_dog_000814.jpg,dog,train
data\processed\images_128\dog_04685_pixabay_dog_003999.jpg,dog,train
data\processed\images_128\cat_03655_pixabay_cat_003194.jpg,cat,train
data\processed\images_128\cat_04667_pixabay_cat_004298.jpg,cat,train
data\processed\images_128\dog_04325_pixabay_dog_003607.jpg,dog,train
data\processed\images_128\dog_03064_pixabay_dog_002218.jpg,dog,train
data\processed\images_128\cat_04768_pixabay_cat_004407.jpg,cat,train
data\processed\images_128\cat_00082_flickr_cat_000090.jpg,cat,train
data\processed\images_128\dog_00870_flickr_dog_000969.jpg,dog,train
data\processed\images_128\dog_04502_pixabay_dog_003802.jpg,dog,train
data\processed\images_128\cat_04956_pixabay_cat_004618.jpg,cat,train
data\processed\images_128\cat_05439_pixabay_cat_002298.jpg,cat,train
data\processed\images_128\cat_03612_pixabay_cat_003148.jpg,cat,train
data\processed\images_128\dog_03629_pixabay_dog_002838.jpg,dog,train
data\processed\images_128\cat_00464_flickr_cat_000518.jpg,cat,train
data\processed\images_128\dog_01281_pixabay_dog_000243.jpg,dog,train
data\processed\images_128\cat_03222_pixabay_cat_002723.jpg,cat,train
data\processed\images_128\dog_03093_pixabay_dog_002252.jpg,dog,train
data\processed\images_128\dog_03155_pixabay_dog_002320.jpg,dog,train
data\processed\images_128\dog_01020_flickr_dog_001139.jpg,dog,train
data\processed\images_128\cat_02359_pixabay_cat_001791.jpg,cat,train
data\processed\images_128\cat_01598_pixabay_cat_000965.jpg,cat,train
data\processed\images_128\dog_04867_pixabay_dog_000121.jpg,dog,train
data\processed\images_128\cat_03648_pixabay_cat_003186.jpg,cat,train
data\processed\images_128\cat_03124_pixabay_cat_002616.jpg,cat,train
data\processed\images_128\dog_04863_pixabay_dog_000061.jpg,dog,train
data\processed\images_128\dog_00659_flickr_dog_000733.jpg,dog,train
data\processed\images_128\cat_01450_pixabay_cat_000798.jpg,cat,train
data\processed\images_128\dog_04719_pixabay_dog_004037.jpg,dog,train
data\processed\images_128\cat_02992_pixabay_cat_002478.jpg,cat,train
data\processed\images_128\dog_02122_pixabay_dog_001186.jpg,dog,train
data\processed\images_128\cat_04111_pixabay_cat_003690.jpg,cat,train
data\processed\images_128\dog_03645_pixabay_dog_002858.jpg,dog,train
data\processed\images_128\dog_02682_pixabay_dog_001795.jpg,dog,train
data\processed\images_128\cat_00519_flickr_cat_000584.jpg,cat,train
data\processed\images_128\dog_00444_flickr_dog_000486.jpg,dog,train
data\processed\images_128\cat_05053_pixabay_cat_004724.jpg,cat,train
data\processed\images_128\dog_03349_pixabay_dog_002530.jpg,dog,train
data\processed\images_128\cat_05604_pixabay_cat_004334.jpg,cat,train
data\processed\images_128\cat_00142_flickr_cat_000155.jpg,cat,train
data\processed\images_128\dog_00533_flickr_dog_000588.jpg,dog,train
data\processed\images_128\cat_01741_pixabay_cat_001125.jpg,cat,train
data\processed\images_128\cat_03932_pixabay_cat_003496.jpg,cat,train
data\processed\images_128\cat_04152_pixabay_cat_003737.jpg,cat,train
data\processed\images_128\dog_04760_flickr_dog_000224.jpg,dog,train
data\processed\images_128\cat_05390_pixabay_cat_001632.jpg,cat,train
data\processed\images_128\cat_02179_pixabay_cat_001595.jpg,cat,train
data\processed\images_128\cat_02690_pixabay_cat_002145.jpg,cat,train
data\processed\images_128\dog_03390_pixabay_dog_002576.jpg,dog,train
data\processed\images_128\dog_03402_pixabay_dog_002589.jpg,dog,train
data\processed\images_128\dog_04351_pixabay_dog_003633.jpg,dog,train
data\processed\images_128\dog_00055_flickr_dog_000062.jpg,dog,train
data\processed\images_128\cat_04650_pixabay_cat_004280.jpg,cat,train
data\processed\images_128\dog_01012_flickr_dog_001131.jpg,dog,train
data\processed\images_128\cat_02192_pixabay_cat_001610.jpg,cat,train
data\processed\images_128\dog_02271_pixabay_dog_001348.jpg,dog,train
data\processed\images_128\dog_03217_pixabay_dog_002387.jpg,dog,train
data\processed\images_128\dog_02387_pixabay_dog_001479.jpg,dog,train
data\processed\images_128\dog_04862_pixabay_dog_000045.jpg,dog,train
data\processed\images_128\cat_05005_pixabay_cat_004674.jpg,cat,train
data\processed\images_128\dog_01023_flickr_dog_001142.jpg,dog,train
data\processed\images_128\dog_01446_pixabay_dog_000430.jpg,dog,train
data\processed\images_128\dog_03682_pixabay_dog_002899.jpg,dog,train
data\processed\images_128\cat_04982_pixabay_cat_004647.jpg,cat,train
data\processed\images_128\dog_03503_pixabay_dog_002698.jpg,dog,train
data\processed\images_128\cat_03312_pixabay_cat_002819.jpg,cat,train
data\processed\images_128\cat_05292_pixabay_cat_000531.jpg,cat,train
data\processed\images_128\dog_04438_pixabay_dog_003731.jpg,dog,train
data\processed\images_128\dog_00416_flickr_dog_000456.jpg,dog,train
data\processed\images_128\cat_01161_pixabay_cat_000477.jpg,cat,train
data\processed\images_128\cat_02959_pixabay_cat_002439.jpg,cat,train
data\processed\images_128\cat_02643_pixabay_cat_002092.jpg,cat,train
data\processed\images_128\cat_01587_pixabay_cat_000954.jpg,cat,train
data\processed\images_128\cat_00298_flickr_cat_000338.jpg,cat,train
data\processed\images_128\cat_00035_flickr_cat_000040.jpg,cat,train
data\processed\images_128\cat_04153_pixabay_cat_003738.jpg,cat,train
data\processed\images_128\dog_01489_pixabay_dog_000481.jpg,dog,train
data\processed\images_128\cat_03291_pixabay_cat_002796.jpg,cat,train
data\processed\images_128\dog_02514_pixabay_dog_001619.jpg,dog,train
data\processed\images_128\dog_05161_pixabay_dog_003250.jpg,dog,train
data\processed\images_128\dog_02294_pixabay_dog_001379.jpg,dog,train
data\processed\images_128\dog_03730_pixabay_dog_002951.jpg,dog,train
data\processed\images_128\cat_00934_pixabay_cat_000226.jpg,cat,train
data\processed\images_128\cat_04240_pixabay_cat_003835.jpg,cat,train
data\processed\images_128\dog_04977_pixabay_dog_001098.jpg,dog,train
data\processed\images_128\cat_04263_pixabay_cat_003860.jpg,cat,train
data\processed\images_128\cat_04070_pixabay_cat_003647.jpg,cat,train
data\processed\images_128\dog_02815_pixabay_dog_001944.jpg,dog,train
data\processed\images_128\dog_02264_pixabay_dog_001340.jpg,dog,train
data\processed\images_128\cat_05139_pixabay_cat_004819.jpg,cat,train
data\processed\images_128\cat_01343_pixabay_cat_000680.jpg,cat,train
data\processed\images_128\cat_03241_pixabay_cat_002743.jpg,cat,train
data\processed\images_128\dog_03244_pixabay_dog_002416.jpg,dog,train
data\processed\images_128\dog_02565_pixabay_dog_001673.jpg,dog,train
data\processed\images_128\dog_00439_flickr_dog_000481.jpg,dog,train
data\processed\images_128\dog_00909_flickr_dog_001014.jpg,dog,train
data\processed\images_128\cat_04418_pixabay_cat_004030.jpg,cat,train
data\processed\images_128\dog_00788_flickr_dog_000881.jpg,dog,train
data\processed\images_128\dog_03599_pixabay_dog_002807.jpg,dog,train
data\processed\images_128\dog_01867_pixabay_dog_000906.jpg,dog,train
data\processed\images_128\dog_04319_pixabay_dog_003601.jpg,dog,train
data\processed\images_128\cat_02245_pixabay_cat_001669.jpg,cat,train
data\processed\images_128\dog_02725_pixabay_dog_001843.jpg,dog,train
data\processed\images_128\cat_00147_flickr_cat_000160.jpg,cat,train
data\processed\images_128\cat_04543_pixabay_cat_004162.jpg,cat,train
data\processed\images_128\cat_01769_pixabay_cat_001155.jpg,cat,train
data\processed\images_128\cat_01258_pixabay_cat_000585.jpg,cat,train
data\processed\images_128\cat_01377_pixabay_cat_000717.jpg,cat,train
data\processed\images_128\cat_00678_flickr_cat_000764.jpg,cat,train
data\processed\images_128\dog_02880_pixabay_dog_002014.jpg,dog,train
data\processed\images_128\cat_00537_flickr_cat_000605.jpg,cat,train
data\processed\images_128\cat_03261_pixabay_cat_002764.jpg,cat,train
data\processed\images_128\cat_03477_pixabay_cat_003004.jpg,cat,train
data\processed\images_128\cat_00966_pixabay_cat_000261.jpg,cat,train
data\processed\images_128\cat_01469_pixabay_cat_000820.jpg,cat,train
data\processed\images_128\cat_02048_pixabay_cat_001456.jpg,cat,train
data\processed\images_128\dog_02026_pixabay_dog_001080.jpg,dog,train
data\processed\images_128\cat_01875_pixabay_cat_001266.jpg,cat,train
data\processed\images_128\cat_02376_pixabay_cat_001808.jpg,cat,train
data\processed\images_128\dog_01431_pixabay_dog_000415.jpg,dog,train
data\processed\images_128\dog_01567_pixabay_dog_000574.jpg,dog,train
data\processed\images_128\cat_02267_pixabay_cat_001694.jpg,cat,train
data\processed\images_128\dog_00842_flickr_dog_000938.jpg,dog,train
data\processed\images_128\dog_01506_pixabay_dog_000506.jpg,dog,train
data\processed\images_128\cat_02915_pixabay_cat_002391.jpg,cat,train
data\processed\images_128\cat_00573_flickr_cat_000648.jpg,cat,train
data\processed\images_128\cat_03923_pixabay_cat_003487.jpg,cat,train
data\processed\images_128\dog_00162_flickr_dog_000179.jpg,dog,train
data\processed\images_128\dog_03422_pixabay_dog_002611.jpg,dog,train
data\processed\images_128\dog_03736_pixabay_dog_002959.jpg,dog,train
data\processed\images_128\cat_05319_pixabay_cat_000801.jpg,cat,train
data\processed\images_128\cat_04860_pixabay_cat_004508.jpg,cat,train
data\processed\images_128\cat_04927_pixabay_cat_004582.jpg,cat,train
data\processed\images_128\dog_01680_pixabay_dog_000699.jpg,dog,train
data\processed\images_128\dog_04115_pixabay_dog_003371.jpg,dog,train
data\processed\images_128\dog_00958_flickr_dog_001070.jpg,dog,train
data\processed\images_128\dog_01188_pixabay_dog_000138.jpg,dog,train
data\processed\images_128\cat_04778_pixabay_cat_004418.jpg,cat,train
data\processed\images_128\cat_05473_pixabay_cat_002749.jpg,cat,train
data\processed\images_128\dog_03813_pixabay_dog_003039.jpg,dog,train
data\processed\images_128\dog_02369_pixabay_dog_001460.jpg,dog,train
data\processed\images_128\cat_04373_pixabay_cat_003981.jpg,cat,train
data\processed\images_128\cat_03754_pixabay_cat_003301.jpg,cat,train
data\processed\images_128\dog_04161_pixabay_dog_003425.jpg,dog,train
data\processed\images_128\dog_03697_pixabay_dog_002916.jpg,dog,train
data\processed\images_128\cat_00442_flickr_cat_000494.jpg,cat,train
data\processed\images_128\dog_01077_pixabay_dog_000018.jpg,dog,train
data\processed\images_128\dog_00536_flickr_dog_000591.jpg,dog,train
data\processed\images_128\cat_04733_pixabay_cat_004370.jpg,cat,train
data\processed\images_128\dog_03445_pixabay_dog_002636.jpg,dog,train
data\processed\images_128\dog_00032_flickr_dog_000034.jpg,dog,train
data\processed\images_128\dog_01467_pixabay_dog_000456.jpg,dog,train
data\processed\images_128\dog_00712_flickr_dog_000793.jpg,dog,train
data\processed\images_128\cat_01847_pixabay_cat_001238.jpg,cat,train
data\processed\images_128\cat_03142_pixabay_cat_002634.jpg,cat,train
data\processed\images_128\cat_05084_pixabay_cat_004755.jpg,cat,train
data\processed\images_128\cat_00982_pixabay_cat_000278.jpg,cat,train
data\processed\images_128\cat_00946_pixabay_cat_000239.jpg,cat,train
data\processed\images_128\cat_01097_pixabay_cat_000408.jpg,cat,train
data\processed\images_128\cat_03521_pixabay_cat_003053.jpg,cat,train
data\processed\images_128\dog_02755_pixabay_dog_001875.jpg,dog,train
data\processed\images_128\cat_03474_pixabay_cat_003001.jpg,cat,train
data\processed\images_128\cat_05462_pixabay_cat_002582.jpg,cat,train
data\processed\images_128\dog_00385_flickr_dog_000422.jpg,dog,train
data\processed\images_128\dog_00089_flickr_dog_000098.jpg,dog,train
data\processed\images_128\dog_02899_pixabay_dog_002037.jpg,dog,train
data\processed\images_128\dog_02434_pixabay_dog_001531.jpg,dog,train
data\processed\images_128\dog_04456_pixabay_dog_003752.jpg,dog,train
data\processed\images_128\dog_00794_flickr_dog_000887.jpg,dog,train
data\processed\images_128\cat_02020_pixabay_cat_001426.jpg,cat,train
data\processed\images_128\dog_03149_pixabay_dog_002312.jpg,dog,train
data\processed\images_128\cat_02354_pixabay_cat_001785.jpg,cat,train
data\processed\images_128\dog_03954_pixabay_dog_003193.jpg,dog,train
data\processed\images_128\cat_02928_pixabay_cat_002405.jpg,cat,train
data\processed\images_128\dog_03676_pixabay_dog_002891.jpg,dog,train
data\processed\images_128\cat_01150_pixabay_cat_000465.jpg,cat,train
data\processed\images_128\cat_04464_pixabay_cat_004079.jpg,cat,train
data\processed\images_128\dog_03299_pixabay_dog_002476.jpg,dog,train
data\processed\images_128\cat_02741_pixabay_cat_002202.jpg,cat,train
data\processed\images_128\dog_05048_pixabay_dog_001962.jpg,dog,train
data\processed\images_128\cat_03508_pixabay_cat_003037.jpg,cat,train
data\processed\images_128\cat_01869_pixabay_cat_001260.jpg,cat,train
data\processed\images_128\dog_04393_pixabay_dog_003680.jpg,dog,train
data\processed\images_128\cat_00325_flickr_cat_000369.jpg,cat,train
data\processed\images_128\cat_05011_pixabay_cat_004680.jpg,cat,train
data\processed\images_128\dog_04110_pixabay_dog_003365.jpg,dog,train
data\processed\images_128\cat_04449_pixabay_cat_004064.jpg,cat,train
data\processed\images_128\cat_03016_pixabay_cat_002503.jpg,cat,train
data\processed\images_128\cat_00430_flickr_cat_000482.jpg,cat,train
data\processed\images_128\dog_04768_flickr_dog_000317.jpg,dog,train
data\processed\images_128\dog_05061_pixabay_dog_002119.jpg,dog,train
data\processed\images_128\cat_01192_pixabay_cat_000511.jpg,cat,train
data\processed\images_128\dog_04764_flickr_dog_000254.jpg,dog,train
data\processed\images_128\cat_02787_pixabay_cat_002252.jpg,cat,train
data\processed\images_128\dog_04153_pixabay_dog_003416.jpg,dog,train
data\processed\images_128\cat_05556_pixabay_cat_003742.jpg,cat,train
data\processed\images_128\cat_04559_pixabay_cat_004183.jpg,cat,train
data\processed\images_128\cat_01955_pixabay_cat_001354.jpg,cat,train
data\processed\images_128\cat_02724_pixabay_cat_002182.jpg,cat,train
data\processed\images_128\cat_00314_flickr_cat_000357.jpg,cat,train
data\processed\images_128\cat_01316_pixabay_cat_000649.jpg,cat,train
data\processed\images_128\cat_03562_pixabay_cat_003095.jpg,cat,train
data\processed\images_128\dog_01599_pixabay_dog_000610.jpg,dog,train
data\processed\images_128\dog_04734_pixabay_dog_004052.jpg,dog,train
data\processed\images_128\dog_02829_pixabay_dog_001958.jpg,dog,train
data\processed\images_128\cat_05425_pixabay_cat_002140.jpg,cat,train
data\processed\images_128\cat_03946_pixabay_cat_003511.jpg,cat,train
data\processed\images_128\dog_00291_flickr_dog_000323.jpg,dog,train
data\processed\images_128\cat_01853_pixabay_cat_001244.jpg,cat,train
data\processed\images_128\dog_05124_pixabay_dog_002792.jpg,dog,train
data\processed\images_128\cat_01116_pixabay_cat_000428.jpg,cat,train
data\processed\images_128\cat_02255_pixabay_cat_001680.jpg,cat,train
data\processed\images_128\dog_00813_flickr_dog_000907.jpg,dog,train
data\processed\images_128\cat_02576_pixabay_cat_002020.jpg,cat,train
data\processed\images_128\dog_02201_pixabay_dog_001275.jpg,dog,train
data\processed\images_128\cat_01655_pixabay_cat_001030.jpg,cat,train
data\processed\images_128\cat_04759_pixabay_cat_004398.jpg,cat,train
data\processed\images_128\cat_05503_pixabay_cat_003079.jpg,cat,train
data\processed\images_128\dog_02870_pixabay_dog_002004.jpg,dog,train
data\processed\images_128\cat_01380_pixabay_cat_000720.jpg,cat,train
data\processed\images_128\cat_00888_pixabay_cat_000176.jpg,cat,train
data\processed\images_128\dog_02495_pixabay_dog_001599.jpg,dog,train
data\processed\images_128\cat_03073_pixabay_cat_002564.jpg,cat,train
data\processed\images_128\dog_03315_pixabay_dog_002493.jpg,dog,train
data\processed\images_128\cat_04685_pixabay_cat_004318.jpg,cat,train
data\processed\images_128\cat_03722_pixabay_cat_003269.jpg,cat,train
data\processed\images_128\dog_02318_pixabay_dog_001405.jpg,dog,train
data\processed\images_128\cat_01055_pixabay_cat_000362.jpg,cat,train
data\processed\images_128\dog_02198_pixabay_dog_001272.jpg,dog,train
data\processed\images_128\cat_05344_pixabay_cat_001018.jpg,cat,train
data\processed\images_128\cat_03451_pixabay_cat_002972.jpg,cat,train
data\processed\images_128\cat_04219_pixabay_cat_003813.jpg,cat,train
data\processed\images_128\cat_02096_pixabay_cat_001510.jpg,cat,train
data\processed\images_128\dog_02291_pixabay_dog_001376.jpg,dog,train
data\processed\images_128\dog_04956_pixabay_dog_000875.jpg,dog,train
data\processed\images_128\cat_01344_pixabay_cat_000681.jpg,cat,train
data\processed\images_128\dog_03121_pixabay_dog_002281.jpg,dog,train
data\processed\images_128\cat_05565_pixabay_cat_003820.jpg,cat,train
data\processed\images_128\dog_02806_pixabay_dog_001935.jpg,dog,train
data\processed\images_128\cat_01724_pixabay_cat_001108.jpg,cat,train
data\processed\images_128\dog_01231_pixabay_dog_000187.jpg,dog,train
data\processed\images_128\cat_01644_pixabay_cat_001017.jpg,cat,train
data\processed\images_128\dog_04995_pixabay_dog_001341.jpg,dog,train
data\processed\images_128\dog_00769_flickr_dog_000862.jpg,dog,train
data\processed\images_128\cat_02720_pixabay_cat_002178.jpg,cat,train
data\processed\images_128\cat_00695_flickr_cat_000783.jpg,cat,train
data\processed\images_128\cat_00000_flickr_cat_000002.jpg,cat,train
data\processed\images_128\dog_02946_pixabay_dog_002087.jpg,dog,train
data\processed\images_128\cat_01848_pixabay_cat_001239.jpg,cat,train
data\processed\images_128\cat_02788_pixabay_cat_002253.jpg,cat,train
data\processed\images_128\dog_03738_pixabay_dog_002961.jpg,dog,train
data\processed\images_128\cat_04178_pixabay_cat_003768.jpg,cat,train
data\processed\images_128\cat_05396_pixabay_cat_001687.jpg,cat,train
data\processed\images_128\cat_02426_pixabay_cat_001859.jpg,cat,train
data\processed\images_128\cat_03865_pixabay_cat_003422.jpg,cat,train
data\processed\images_128\cat_05050_pixabay_cat_004721.jpg,cat,train
data\processed\images_128\dog_03909_pixabay_dog_003143.jpg,dog,train
data\processed\images_128\cat_04681_pixabay_cat_004314.jpg,cat,train
data\processed\images_128\cat_00218_flickr_cat_000250.jpg,cat,train
data\processed\images_128\dog_00672_flickr_dog_000747.jpg,dog,train
data\processed\images_128\cat_04350_pixabay_cat_003956.jpg,cat,train
data\processed\images_128\cat_04425_pixabay_cat_004037.jpg,cat,train
data\processed\images_128\cat_04401_pixabay_cat_004010.jpg,cat,train
data\processed\images_128\dog_00578_flickr_dog_000639.jpg,dog,train
data\processed\images_128\cat_01761_pixabay_cat_001147.jpg,cat,train
data\processed\images_128\dog_00422_flickr_dog_000462.jpg,dog,train
data\processed\images_128\cat_02067_pixabay_cat_001480.jpg,cat,train
data\processed\images_128\cat_05418_pixabay_cat_002081.jpg,cat,train
data\processed\images_128\cat_05064_pixabay_cat_004735.jpg,cat,train
data\processed\images_128\dog_03947_pixabay_dog_003183.jpg,dog,train
data\processed\images_128\dog_04781_flickr_dog_000495.jpg,dog,train
data\processed\images_128\cat_03726_pixabay_cat_003273.jpg,cat,train
data\processed\images_128\cat_02707_pixabay_cat_002165.jpg,cat,train
data\processed\images_128\dog_02836_pixabay_dog_001967.jpg,dog,train
data\processed\images_128\dog_03171_pixabay_dog_002338.jpg,dog,train
data\processed\images_128\cat_00980_pixabay_cat_000275.jpg,cat,train
data\processed\images_128\dog_01113_pixabay_dog_000057.jpg,dog,train
data\processed\images_128\cat_00235_flickr_cat_000269.jpg,cat,train
data\processed\images_128\dog_02766_pixabay_dog_001887.jpg,dog,train
data\processed\images_128\cat_00294_flickr_cat_000334.jpg,cat,train
data\processed\images_128\cat_03609_pixabay_cat_003145.jpg,cat,train
data\processed\images_128\dog_01738_pixabay_dog_000763.jpg,dog,train
data\processed\images_128\dog_02610_pixabay_dog_001722.jpg,dog,train
data\processed\images_128\dog_00631_flickr_dog_000701.jpg,dog,train
data\processed\images_128\cat_02113_pixabay_cat_001527.jpg,cat,train
data\processed\images_128\dog_03276_pixabay_dog_002452.jpg,dog,train
data\processed\images_128\dog_01882_pixabay_dog_000923.jpg,dog,train
data\processed\images_128\dog_01406_pixabay_dog_000386.jpg,dog,train
data\processed\images_128\cat_05216_flickr_cat_000585.jpg,cat,train
data\processed\images_128\dog_00988_flickr_dog_001105.jpg,dog,train
data\processed\images_128\dog_00040_flickr_dog_000042.jpg,dog,train
data\processed\images_128\cat_02394_pixabay_cat_001827.jpg,cat,train
data\processed\images_128\cat_05205_flickr_cat_000522.jpg,cat,train
data\processed\images_128\cat_03963_pixabay_cat_003531.jpg,cat,train
data\processed\images_128\cat_02911_pixabay_cat_002387.jpg,cat,train
data\processed\images_128\dog_02673_pixabay_dog_001786.jpg,dog,train
data\processed\images_128\cat_01294_pixabay_cat_000624.jpg,cat,train
data\processed\images_128\cat_05041_pixabay_cat_004712.jpg,cat,train
data\processed\images_128\dog_02894_pixabay_dog_002029.jpg,dog,train
data\processed\images_128\dog_03455_pixabay_dog_002646.jpg,dog,train
data\processed\images_128\dog_02797_pixabay_dog_001923.jpg,dog,train
data\processed\images_128\dog_01462_pixabay_dog_000447.jpg,dog,train
data\processed\images_128\cat_01332_pixabay_cat_000669.jpg,cat,train
data\processed\images_128\cat_02234_pixabay_cat_001657.jpg,cat,train
data\processed\images_128\dog_02160_pixabay_dog_001230.jpg,dog,train
data\processed\images_128\dog_04077_pixabay_dog_003327.jpg,dog,train
data\processed\images_128\dog_00106_flickr_dog_000118.jpg,dog,train
data\processed\images_128\cat_02528_pixabay_cat_001966.jpg,cat,train
data\processed\images_128\dog_04104_pixabay_dog_003359.jpg,dog,train
data\processed\images_128\dog_00062_flickr_dog_000069.jpg,dog,train
data\processed\images_128\dog_03397_pixabay_dog_002583.jpg,dog,train
data\processed\images_128\cat_02703_pixabay_cat_002161.jpg,cat,train
data\processed\images_128\cat_03425_pixabay_cat_002946.jpg,cat,train
data\processed\images_128\cat_03039_pixabay_cat_002527.jpg,cat,train
data\processed\images_128\dog_01359_pixabay_dog_000333.jpg,dog,train
data\processed\images_128\cat_01882_pixabay_cat_001275.jpg,cat,train
data\processed\images_128\dog_04590_pixabay_dog_003893.jpg,dog,train
data\processed\images_128\dog_01985_pixabay_dog_001034.jpg,dog,train
data\processed\images_128\dog_04215_pixabay_dog_003485.jpg,dog,train
data\processed\images_128\cat_02206_pixabay_cat_001625.jpg,cat,train
data\processed\images_128\cat_00436_flickr_cat_000488.jpg,cat,train
data\processed\images_128\cat_01388_pixabay_cat_000728.jpg,cat,train
data\processed\images_128\cat_01631_pixabay_cat_001004.jpg,cat,train
data\processed\images_128\dog_02663_pixabay_dog_001776.jpg,dog,train
data\processed\images_128\dog_01363_pixabay_dog_000337.jpg,dog,train
data\processed\images_128\dog_03559_pixabay_dog_002759.jpg,dog,train
data\processed\images_128\dog_00817_flickr_dog_000911.jpg,dog,train
data\processed\images_128\cat_00838_pixabay_cat_000121.jpg,cat,train
data\processed\images_128\cat_05465_pixabay_cat_002661.jpg,cat,train
data\processed\images_128\cat_03623_pixabay_cat_003160.jpg,cat,train
data\processed\images_128\cat_02279_pixabay_cat_001707.jpg,cat,train
data\processed\images_128\dog_02335_pixabay_dog_001422.jpg,dog,train
data\processed\images_128\cat_03859_pixabay_cat_003415.jpg,cat,train
data\processed\images_128\dog_00284_flickr_dog_000315.jpg,dog,train
data\processed\images_128\cat_03692_pixabay_cat_003238.jpg,cat,train
data\processed\images_128\dog_03471_pixabay_dog_002664.jpg,dog,train
data\processed\images_128\dog_02283_pixabay_dog_001365.jpg,dog,train
data\processed\images_128\cat_02491_pixabay_cat_001927.jpg,cat,train
data\processed\images_128\dog_01403_pixabay_dog_000383.jpg,dog,train
data\processed\images_128\cat_02732_pixabay_cat_002191.jpg,cat,train
data\processed\images_128\cat_05063_pixabay_cat_004734.jpg,cat,train
data\processed\images_128\cat_00694_flickr_cat_000782.jpg,cat,train
data\processed\images_128\dog_00456_flickr_dog_000501.jpg,dog,train
data\processed\images_128\cat_01421_pixabay_cat_000768.jpg,cat,train
data\processed\images_128\cat_01298_pixabay_cat_000628.jpg,cat,train
data\processed\images_128\dog_03327_pixabay_dog_002505.jpg,dog,train
data\processed\images_128\dog_04909_pixabay_dog_000473.jpg,dog,train
data\processed\images_128\dog_01790_pixabay_dog_000823.jpg,dog,train
data\processed\images_128\cat_01992_pixabay_cat_001397.jpg,cat,train
data\processed\images_128\dog_00152_flickr_dog_000167.jpg,dog,train
data\processed\images_128\dog_02859_pixabay_dog_001993.jpg,dog,train
data\processed\images_128\dog_01802_pixabay_dog_000836.jpg,dog,train
data\processed\images_128\dog_00222_flickr_dog_000248.jpg,dog,train
data\processed\images_128\dog_01045_flickr_dog_001164.jpg,dog,train
data\processed\images_128\cat_02061_pixabay_cat_001473.jpg,cat,train
data\processed\images_128\dog_03266_pixabay_dog_002440.jpg,dog,train
data\processed\images_128\cat_01589_pixabay_cat_000956.jpg,cat,train
data\processed\images_128\cat_05210_flickr_cat_000536.jpg,cat,train
data\processed\images_128\cat_03724_pixabay_cat_003271.jpg,cat,train
data\processed\images_128\dog_05114_pixabay_dog_002699.jpg,dog,train
data\processed\images_128\cat_00446_flickr_cat_000499.jpg,cat,train
data\processed\images_128\cat_02839_pixabay_cat_002309.jpg,cat,train
data\processed\images_128\dog_03673_pixabay_dog_002888.jpg,dog,train
data\processed\images_128\dog_03316_pixabay_dog_002494.jpg,dog,train
data\processed\images_128\cat_03596_pixabay_cat_003131.jpg,cat,train
data\processed\images_128\dog_04791_flickr_dog_000580.jpg,dog,train
data\processed\images_128\dog_00395_flickr_dog_000433.jpg,dog,train
data\processed\images_128\cat_00273_flickr_cat_000310.jpg,cat,train
data\processed\images_128\cat_00377_flickr_cat_000426.jpg,cat,train
data\processed\images_128\dog_00681_flickr_dog_000756.jpg,dog,train
data\processed\images_128\cat_04676_pixabay_cat_004308.jpg,cat,train
data\processed\images_128\dog_03109_pixabay_dog_002268.jpg,dog,train
data\processed\images_128\dog_04790_flickr_dog_000576.jpg,dog,train
data\processed\images_128\dog_00195_flickr_dog_000218.jpg,dog,train
data\processed\images_128\dog_00657_flickr_dog_000731.jpg,dog,train
data\processed\images_128\dog_04729_pixabay_dog_004047.jpg,dog,train
data\processed\images_128\cat_02444_pixabay_cat_001878.jpg,cat,train
data\processed\images_128\cat_00889_pixabay_cat_000177.jpg,cat,train
data\processed\images_128\cat_04134_pixabay_cat_003716.jpg,cat,train
data\processed\images_128\cat_05019_pixabay_cat_004689.jpg,cat,train
data\processed\images_128\cat_05280_pixabay_cat_000392.jpg,cat,train
data\processed\images_128\dog_03858_pixabay_dog_003086.jpg,dog,train
data\processed\images_128\dog_04944_pixabay_dog_000764.jpg,dog,train
data\processed\images_128\cat_04919_pixabay_cat_004574.jpg,cat,train
data\processed\images_128\dog_03971_pixabay_dog_003211.jpg,dog,train
data\processed\images_128\dog_01526_pixabay_dog_000529.jpg,dog,train
data\processed\images_128\dog_02115_pixabay_dog_001179.jpg,dog,train
data\processed\images_128\dog_04763_flickr_dog_000252.jpg,dog,train
data\processed\images_128\dog_04702_pixabay_dog_004020.jpg,dog,train
data\processed\images_128\dog_00013_flickr_dog_000015.jpg,dog,train
data\processed\images_128\dog_00322_flickr_dog_000356.jpg,dog,train
data\processed\images_128\cat_02484_pixabay_cat_001920.jpg,cat,train
data\processed\images_128\cat_04099_pixabay_cat_003676.jpg,cat,train
data\processed\images_128\dog_00178_flickr_dog_000196.jpg,dog,train
data\processed\images_128\cat_05422_pixabay_cat_002129.jpg,cat,train
data\processed\images_128\dog_04752_flickr_dog_000174.jpg,dog,train
data\processed\images_128\dog_00145_flickr_dog_000159.jpg,dog,train
data\processed\images_128\dog_02665_pixabay_dog_001778.jpg,dog,train
data\processed\images_128\dog_04879_pixabay_dog_000239.jpg,dog,train
data\processed\images_128\cat_04441_pixabay_cat_004055.jpg,cat,train
data\processed\images_128\dog_02282_pixabay_dog_001364.jpg,dog,train
data\processed\images_128\dog_03696_pixabay_dog_002915.jpg,dog,train
data\processed\images_128\cat_02084_pixabay_cat_001497.jpg,cat,train
data\processed\images_128\dog_05205_pixabay_dog_003672.jpg,dog,train
data\processed\images_128\cat_02427_pixabay_cat_001861.jpg,cat,train
data\processed\images_128\dog_04235_pixabay_dog_003509.jpg,dog,train
data\processed\images_128\cat_03671_pixabay_cat_003216.jpg,cat,train
data\processed\images_128\dog_02214_pixabay_dog_001288.jpg,dog,train
data\processed\images_128\cat_00382_flickr_cat_000431.jpg,cat,train
data\processed\images_128\dog_00675_flickr_dog_000750.jpg,dog,train
data\processed\images_128\dog_04946_pixabay_dog_000790.jpg,dog,train
data\processed\images_128\dog_00589_flickr_dog_000652.jpg,dog,train
data\processed\images_128\cat_02189_pixabay_cat_001606.jpg,cat,train
data\processed\images_128\dog_02058_pixabay_dog_001117.jpg,dog,train
data\processed\images_128\cat_03694_pixabay_cat_003240.jpg,cat,train
data\processed\images_128\cat_05190_flickr_cat_000320.jpg,cat,train
data\processed\images_128\cat_01740_pixabay_cat_001124.jpg,cat,train
data\processed\images_128\dog_02564_pixabay_dog_001672.jpg,dog,train
data\processed\images_128\cat_02516_pixabay_cat_001954.jpg,cat,train
data\processed\images_128\dog_00973_flickr_dog_001088.jpg,dog,train
data\processed\images_128\dog_04811_flickr_dog_000737.jpg,dog,train
data\processed\images_128\cat_03304_pixabay_cat_002811.jpg,cat,train
data\processed\images_128\cat_04630_pixabay_cat_004260.jpg,cat,train
data\processed\images_128\cat_04938_pixabay_cat_004597.jpg,cat,train
data\processed\images_128\cat_04550_pixabay_cat_004172.jpg,cat,train
data\processed\images_128\dog_04886_pixabay_dog_000301.jpg,dog,train
data\processed\images_128\dog_03767_pixabay_dog_002991.jpg,dog,train
data\processed\images_128\cat_02799_pixabay_cat_002265.jpg,cat,train
data\processed\images_128\cat_03320_pixabay_cat_002828.jpg,cat,train
data\processed\images_128\cat_04501_pixabay_cat_004119.jpg,cat,train
data\processed\images_128\cat_04673_pixabay_cat_004305.jpg,cat,train
data\processed\images_128\dog_02429_pixabay_dog_001525.jpg,dog,train
data\processed\images_128\dog_01097_pixabay_dog_000038.jpg,dog,train
data\processed\images_128\dog_04740_flickr_dog_000045.jpg,dog,train
data\processed\images_128\dog_02817_pixabay_dog_001946.jpg,dog,train
data\processed\images_128\cat_02400_pixabay_cat_001833.jpg,cat,train
data\processed\images_128\cat_04412_pixabay_cat_004023.jpg,cat,train
data\processed\images_128\cat_00597_flickr_cat_000674.jpg,cat,train
data\processed\images_128\dog_00679_flickr_dog_000754.jpg,dog,train
data\processed\images_128\dog_03604_pixabay_dog_002812.jpg,dog,train
data\processed\images_128\dog_05181_pixabay_dog_003410.jpg,dog,train
data\processed\images_128\dog_03286_pixabay_dog_002463.jpg,dog,train
data\processed\images_128\cat_00420_flickr_cat_000472.jpg,cat,train
data\processed\images_128\dog_02695_pixabay_dog_001811.jpg,dog,train
data\processed\images_128\dog_04313_pixabay_dog_003595.jpg,dog,train
data\processed\images_128\dog_00953_flickr_dog_001064.jpg,dog,train
data\processed\images_128\dog_01754_pixabay_dog_000781.jpg,dog,train
data\processed\images_128\cat_02667_pixabay_cat_002116.jpg,cat,train
data\processed\images_128\cat_04844_pixabay_cat_004491.jpg,cat,train
data\processed\images_128\dog_02259_pixabay_dog_001335.jpg,dog,train
data\processed\images_128\dog_00027_flickr_dog_000029.jpg,dog,train
data\processed\images_128\dog_02035_pixabay_dog_001093.jpg,dog,train
data\processed\images_128\dog_00830_flickr_dog_000925.jpg,dog,train
data\processed\images_128\dog_02990_pixabay_dog_002135.jpg,dog,train
data\processed\images_128\dog_04547_pixabay_dog_003847.jpg,dog,train
data\processed\images_128\dog_03143_pixabay_dog_002305.jpg,dog,train
data\processed\images_128\cat_03814_pixabay_cat_003368.jpg,cat,train
data\processed\images_128\dog_02416_pixabay_dog_001510.jpg,dog,train
data\processed\images_128\dog_00453_flickr_dog_000498.jpg,dog,train
data\processed\images_128\dog_01353_pixabay_dog_000325.jpg,dog,train
data\processed\images_128\dog_00810_flickr_dog_000904.jpg,dog,train
data\processed\images_128\cat_03663_pixabay_cat_003205.jpg,cat,train
data\processed\images_128\dog_04885_pixabay_dog_000298.jpg,dog,train
data\processed\images_128\dog_01919_pixabay_dog_000963.jpg,dog,train
data\processed\images_128\dog_01724_pixabay_dog_000749.jpg,dog,train
data\processed\images_128\dog_02213_pixabay_dog_001287.jpg,dog,train
data\processed\images_128\dog_02298_pixabay_dog_001385.jpg,dog,train
data\processed\images_128\dog_05156_pixabay_dog_003190.jpg,dog,train
data\processed\images_128\cat_00979_pixabay_cat_000274.jpg,cat,train
data\processed\images_128\dog_02173_pixabay_dog_001247.jpg,dog,train
data\processed\images_128\cat_02419_pixabay_cat_001852.jpg,cat,train
data\processed\images_128\cat_01567_pixabay_cat_000933.jpg,cat,train
data\processed\images_128\dog_01822_pixabay_dog_000859.jpg,dog,train
data\processed\images_128\cat_03785_pixabay_cat_003333.jpg,cat,train
data\processed\images_128\dog_05238_pixabay_dog_004058.jpg,dog,train
data\processed\images_128\cat_01638_pixabay_cat_001011.jpg,cat,train
data\processed\images_128\dog_01870_pixabay_dog_000909.jpg,dog,train
data\processed\images_128\cat_01166_pixabay_cat_000482.jpg,cat,train
data\processed\images_128\cat_04824_pixabay_cat_004468.jpg,cat,train
data\processed\images_128\dog_04103_pixabay_dog_003358.jpg,dog,train
data\processed\images_128\dog_02543_pixabay_dog_001649.jpg,dog,train
data\processed\images_128\dog_04962_pixabay_dog_000956.jpg,dog,train
data\processed\images_128\cat_02580_pixabay_cat_002024.jpg,cat,train
data\processed\images_128\dog_04739_flickr_dog_000043.jpg,dog,train
data\processed\images_128\cat_04312_pixabay_cat_003916.jpg,cat,train
data\processed\images_128\dog_05042_pixabay_dog_001911.jpg,dog,train
data\processed\images_128\dog_00858_flickr_dog_000956.jpg,dog,train
data\processed\images_128\cat_02092_pixabay_cat_001506.jpg,cat,train
data\processed\images_128\dog_00828_flickr_dog_000923.jpg,dog,train
data\processed\images_128\cat_00726_flickr_cat_000817.jpg,cat,train
data\processed\images_128\dog_01780_pixabay_dog_000811.jpg,dog,train
data\processed\images_128\cat_02308_pixabay_cat_001739.jpg,cat,train
data\processed\images_128\dog_04989_pixabay_dog_001231.jpg,dog,train
data\processed\images_128\dog_02600_pixabay_dog_001712.jpg,dog,train
data\processed\images_128\cat_03246_pixabay_cat_002748.jpg,cat,train
data\processed\images_128\dog_03552_pixabay_dog_002751.jpg,dog,train
data\processed\images_128\cat_03915_pixabay_cat_003477.jpg,cat,train
data\processed\images_128\cat_04955_pixabay_cat_004617.jpg,cat,train
data\processed\images_128\cat_03703_pixabay_cat_003249.jpg,cat,train
data\processed\images_128\cat_04421_pixabay_cat_004033.jpg,cat,train
data\processed\images_128\dog_04797_flickr_dog_000629.jpg,dog,train
data\processed\images_128\cat_01551_pixabay_cat_000916.jpg,cat,train
data\processed\images_128\cat_01433_pixabay_cat_000780.jpg,cat,train
data\processed\images_128\dog_04732_pixabay_dog_004050.jpg,dog,train
data\processed\images_128\cat_03257_pixabay_cat_002760.jpg,cat,train
data\processed\images_128\dog_01858_pixabay_dog_000897.jpg,dog,train
data\processed\images_128\cat_03970_pixabay_cat_003538.jpg,cat,train
data\processed\images_128\cat_05254_pixabay_cat_000126.jpg,cat,train
data\processed\images_128\dog_04420_pixabay_dog_003708.jpg,dog,train
data\processed\images_128\dog_01617_pixabay_dog_000631.jpg,dog,train
data\processed\images_128\dog_03408_pixabay_dog_002595.jpg,dog,train
data\processed\images_128\cat_03146_pixabay_cat_002638.jpg,cat,train
data\processed\images_128\dog_03684_pixabay_dog_002902.jpg,dog,train
data\processed\images_128\dog_03495_pixabay_dog_002690.jpg,dog,train
data\processed\images_128\dog_04911_pixabay_dog_000482.jpg,dog,train
data\processed\images_128\dog_00872_flickr_dog_000971.jpg,dog,train
data\processed\images_128\dog_04250_pixabay_dog_003525.jpg,dog,train
data\processed\images_128\dog_04238_pixabay_dog_003512.jpg,dog,train
data\processed\images_128\dog_00315_flickr_dog_000349.jpg,dog,train
data\processed\images_128\cat_02638_pixabay_cat_002086.jpg,cat,train
data\processed\images_128\dog_00023_flickr_dog_000025.jpg,dog,train
data\processed\images_128\dog_00149_flickr_dog_000164.jpg,dog,train
data\processed\images_128\dog_03687_pixabay_dog_002905.jpg,dog,train
data\processed\images_128\dog_01073_pixabay_dog_000013.jpg,dog,train
data\processed\images_128\cat_03937_pixabay_cat_003501.jpg,cat,train
data\processed\images_128\cat_00282_flickr_cat_000322.jpg,cat,train
data\processed\images_128\cat_04351_pixabay_cat_003957.jpg,cat,train
data\processed\images_128\cat_00131_flickr_cat_000143.jpg,cat,train
data\processed\images_128\dog_05034_pixabay_dog_001806.jpg,dog,train
data\processed\images_128\cat_05511_pixabay_cat_003201.jpg,cat,train
data\processed\images_128\cat_05633_pixabay_cat_004625.jpg,cat,train
data\processed\images_128\cat_04783_pixabay_cat_004425.jpg,cat,train
data\processed\images_128\dog_02694_pixabay_dog_001810.jpg,dog,train
data\processed\images_128\dog_02117_pixabay_dog_001181.jpg,dog,train
data\processed\images_128\cat_05297_pixabay_cat_000582.jpg,cat,train
data\processed\images_128\cat_03974_pixabay_cat_003542.jpg,cat,train
data\processed\images_128\cat_03008_pixabay_cat_002495.jpg,cat,train
data\processed\images_128\cat_00397_flickr_cat_000449.jpg,cat,train
data\processed\images_128\cat_00668_flickr_cat_000752.jpg,cat,train
data\processed\images_128\cat_01511_pixabay_cat_000871.jpg,cat,train
data\processed\images_128\dog_04074_pixabay_dog_003324.jpg,dog,train
data\processed\images_128\cat_04568_pixabay_cat_004194.jpg,cat,train
data\processed\images_128\cat_05249_pixabay_cat_000081.jpg,cat,train
data\processed\images_128\dog_00278_flickr_dog_000308.jpg,dog,train
data\processed\images_128\dog_00046_flickr_dog_000050.jpg,dog,train
data\processed\images_128\cat_05307_pixabay_cat_000668.jpg,cat,train
data\processed\images_128\dog_02958_pixabay_dog_002099.jpg,dog,train
data\processed\images_128\dog_05188_pixabay_dog_003480.jpg,dog,train
data\processed\images_128\dog_03540_pixabay_dog_002737.jpg,dog,train
data\processed\images_128\cat_03336_pixabay_cat_002846.jpg,cat,train
data\processed\images_128\dog_01129_pixabay_dog_000074.jpg,dog,train
data\processed\images_128\dog_03880_pixabay_dog_003111.jpg,dog,train
data\processed\images_128\cat_04662_pixabay_cat_004292.jpg,cat,train
data\processed\images_128\dog_03723_pixabay_dog_002943.jpg,dog,train
data\processed\images_128\dog_01266_pixabay_dog_000224.jpg,dog,train
data\processed\images_128\cat_03299_pixabay_cat_002805.jpg,cat,train
data\processed\images_128\dog_05176_pixabay_dog_003376.jpg,dog,train
data\processed\images_128\cat_00169_flickr_cat_000193.jpg,cat,train
data\processed\images_128\cat_03591_pixabay_cat_003125.jpg,cat,train
data\processed\images_128\dog_01826_pixabay_dog_000863.jpg,dog,train
data\processed\images_128\cat_04766_pixabay_cat_004405.jpg,cat,train
data\processed\images_128\dog_05150_pixabay_dog_003122.jpg,dog,train
data\processed\images_128\dog_00080_flickr_dog_000088.jpg,dog,train
data\processed\images_128\cat_04538_pixabay_cat_004157.jpg,cat,train
data\processed\images_128\cat_03576_pixabay_cat_003109.jpg,cat,train
data\processed\images_128\cat_01760_pixabay_cat_001146.jpg,cat,train
data\processed\images_128\cat_01051_pixabay_cat_000358.jpg,cat,train
data\processed\images_128\cat_02663_pixabay_cat_002112.jpg,cat,train
data\processed\images_128\dog_05145_pixabay_dog_003068.jpg,dog,train
data\processed\images_128\cat_02727_pixabay_cat_002186.jpg,cat,train
data\processed\images_128\cat_01800_pixabay_cat_001187.jpg,cat,train
data\processed\images_128\dog_03907_pixabay_dog_003141.jpg,dog,train
data\processed\images_128\cat_01480_pixabay_cat_000834.jpg,cat,train
data\processed\images_128\cat_00639_flickr_cat_000720.jpg,cat,train
data\processed\images_128\cat_03061_pixabay_cat_002550.jpg,cat,train
data\processed\images_128\cat_05516_pixabay_cat_003218.jpg,cat,train
data\processed\images_128\dog_04800_flickr_dog_000654.jpg,dog,train
data\processed\images_128\cat_02038_pixabay_cat_001445.jpg,cat,train
data\processed\images_128\dog_00435_flickr_dog_000477.jpg,dog,train
data\processed\images_128\cat_03130_pixabay_cat_002622.jpg,cat,train
data\processed\images_128\cat_04594_pixabay_cat_004221.jpg,cat,train
data\processed\images_128\cat_04576_pixabay_cat_004202.jpg,cat,train
data\processed\images_128\dog_02709_pixabay_dog_001826.jpg,dog,train
data\processed\images_128\dog_04803_flickr_dog_000675.jpg,dog,train
data\processed\images_128\dog_04229_pixabay_dog_003501.jpg,dog,train
data\processed\images_128\cat_04752_pixabay_cat_004391.jpg,cat,train
data\processed\images_128\dog_00875_flickr_dog_000975.jpg,dog,train
data\processed\images_128\dog_02916_pixabay_dog_002055.jpg,dog,train
data\processed\images_128\dog_00276_flickr_dog_000306.jpg,dog,train
data\processed\images_128\dog_00751_flickr_dog_000840.jpg,dog,train
data\processed\images_128\cat_01513_pixabay_cat_000873.jpg,cat,train
data\processed\images_128\dog_01894_pixabay_dog_000936.jpg,dog,train
data\processed\images_128\cat_01026_pixabay_cat_000329.jpg,cat,train
data\processed\images_128\cat_01178_pixabay_cat_000496.jpg,cat,train
data\processed\images_128\dog_04342_pixabay_dog_003624.jpg,dog,train
data\processed\images_128\dog_01572_pixabay_dog_000579.jpg,dog,train
data\processed\images_128\dog_01930_pixabay_dog_000975.jpg,dog,train
data\processed\images_128\cat_04335_pixabay_cat_003941.jpg,cat,train
data\processed\images_128\dog_04301_pixabay_dog_003582.jpg,dog,train
data\processed\images_128\cat_01413_pixabay_cat_000759.jpg,cat,train
data\processed\images_128\dog_01217_pixabay_dog_000170.jpg,dog,train
data\processed\images_128\dog_03654_pixabay_dog_002868.jpg,dog,train
data\processed\images_128\cat_00641_flickr_cat_000722.jpg,cat,train
data\processed\images_128\dog_01764_pixabay_dog_000793.jpg,dog,train
data\processed\images_128\cat_05621_pixabay_cat_004520.jpg,cat,train
data\processed\images_128\cat_04554_pixabay_cat_004176.jpg,cat,train
data\processed\images_128\dog_00504_flickr_dog_000552.jpg,dog,train
data\processed\images_128\dog_04615_pixabay_dog_003919.jpg,dog,train
data\processed\images_128\dog_03180_pixabay_dog_002347.jpg,dog,train
data\processed\images_128\cat_03259_pixabay_cat_002762.jpg,cat,train
data\processed\images_128\dog_01907_pixabay_dog_000950.jpg,dog,train
data\processed\images_128\dog_03839_pixabay_dog_003065.jpg,dog,train
data\processed\images_128\cat_05559_pixabay_cat_003753.jpg,cat,train
data\processed\images_128\cat_04067_pixabay_cat_003644.jpg,cat,train
data\processed\images_128\dog_01850_pixabay_dog_000888.jpg,dog,train
data\processed\images_128\dog_05209_pixabay_dog_003720.jpg,dog,train
data\processed\images_128\cat_02026_pixabay_cat_001432.jpg,cat,train
data\processed\images_128\cat_01498_pixabay_cat_000856.jpg,cat,train
data\processed\images_128\dog_02593_pixabay_dog_001704.jpg,dog,train
data\processed\images_128\cat_04892_pixabay_cat_004545.jpg,cat,train
data\processed\images_128\dog_04417_pixabay_dog_003705.jpg,dog,train
data\processed\images_128\dog_04081_pixabay_dog_003331.jpg,dog,train
data\processed\images_128\cat_00620_flickr_cat_000699.jpg,cat,train
data\processed\images_128\cat_05117_pixabay_cat_004795.jpg,cat,train
data\processed\images_128\cat_00625_flickr_cat_000704.jpg,cat,train
data\processed\images_128\dog_02464_pixabay_dog_001563.jpg,dog,train
data\processed\images_128\dog_02386_pixabay_dog_001478.jpg,dog,train
data\processed\images_128\dog_01889_pixabay_dog_000930.jpg,dog,train
data\processed\images_128\cat_02317_pixabay_cat_001748.jpg,cat,train
data\processed\images_128\dog_00303_flickr_dog_000337.jpg,dog,train
data\processed\images_128\cat_00370_flickr_cat_000417.jpg,cat,train
data\processed\images_128\cat_00790_pixabay_cat_000066.jpg,cat,train
data\processed\images_128\cat_05594_pixabay_cat_004179.jpg,cat,train
data\processed\images_128\dog_03818_pixabay_dog_003044.jpg,dog,train
data\processed\images_128\dog_00361_flickr_dog_000398.jpg,dog,train
data\processed\images_128\cat_01751_pixabay_cat_001135.jpg,cat,train
data\processed\images_128\cat_00781_pixabay_cat_000057.jpg,cat,train
data\processed\images_128\dog_01264_pixabay_dog_000222.jpg,dog,train
data\processed\images_128\cat_02893_pixabay_cat_002368.jpg,cat,train
data\processed\images_128\dog_02997_pixabay_dog_002142.jpg,dog,train
data\processed\images_128\cat_05036_pixabay_cat_004707.jpg,cat,train
data\processed\images_128\cat_03082_pixabay_cat_002573.jpg,cat,train
data\processed\images_128\dog_02557_pixabay_dog_001665.jpg,dog,train
data\processed\images_128\dog_03778_pixabay_dog_003002.jpg,dog,train
data\processed\images_128\cat_00876_pixabay_cat_000162.jpg,cat,train
data\processed\images_128\cat_02227_pixabay_cat_001649.jpg,cat,train
data\processed\images_128\dog_02941_pixabay_dog_002082.jpg,dog,train
data\processed\images_128\cat_01014_pixabay_cat_000316.jpg,cat,train
data\processed\images_128\cat_03908_pixabay_cat_003469.jpg,cat,train
data\processed\images_128\cat_00905_pixabay_cat_000196.jpg,cat,train
data\processed\images_128\cat_01135_pixabay_cat_000449.jpg,cat,train
data\processed\images_128\dog_01832_pixabay_dog_000869.jpg,dog,train
data\processed\images_128\dog_00349_flickr_dog_000386.jpg,dog,train
data\processed\images_128\dog_00609_flickr_dog_000676.jpg,dog,train
data\processed\images_128\cat_03352_pixabay_cat_002864.jpg,cat,train
data\processed\images_128\dog_04047_pixabay_dog_003294.jpg,dog,train
data\processed\images_128\dog_00292_flickr_dog_000324.jpg,dog,train
data\processed\images_128\dog_02729_pixabay_dog_001847.jpg,dog,train
data\processed\images_128\dog_03416_pixabay_dog_002604.jpg,dog,train
data\processed\images_128\cat_01928_pixabay_cat_001325.jpg,cat,train
data\processed\images_128\dog_04649_pixabay_dog_003958.jpg,dog,train
data\processed\images_128\cat_02472_pixabay_cat_001907.jpg,cat,train
data\processed\images_128\cat_02876_pixabay_cat_002351.jpg,cat,train
data\processed\images_128\dog_04131_pixabay_dog_003391.jpg,dog,train
data\processed\images_128\cat_05181_flickr_cat_000236.jpg,cat,train
data\processed\images_128\cat_01374_pixabay_cat_000714.jpg,cat,train
data\processed\images_128\cat_01396_pixabay_cat_000738.jpg,cat,train
data\processed\images_128\dog_05007_pixabay_dog_001443.jpg,dog,train
data\processed\images_128\dog_03950_pixabay_dog_003187.jpg,dog,train
data\processed\images_128\dog_00990_flickr_dog_001107.jpg,dog,train
data\processed\images_128\dog_00850_flickr_dog_000947.jpg,dog,train
data\processed\images_128\cat_02646_pixabay_cat_002095.jpg,cat,train
data\processed\images_128\dog_03004_pixabay_dog_002153.jpg,dog,train
data\processed\images_128\cat_00761_pixabay_cat_000034.jpg,cat,train
data\processed\images_128\dog_02096_pixabay_dog_001159.jpg,dog,train
data\processed\images_128\dog_03386_pixabay_dog_002572.jpg,dog,train
data\processed\images_128\cat_01734_pixabay_cat_001118.jpg,cat,train
data\processed\images_128\dog_03998_pixabay_dog_003240.jpg,dog,train
data\processed\images_128\dog_00221_flickr_dog_000247.jpg,dog,train
data\processed\images_128\dog_01795_pixabay_dog_000829.jpg,dog,train
data\processed\images_128\cat_02568_pixabay_cat_002012.jpg,cat,train
data\processed\images_128\cat_05226_flickr_cat_000653.jpg,cat,train
data\processed\images_128\dog_02586_pixabay_dog_001696.jpg,dog,train
data\processed\images_128\dog_05151_pixabay_dog_003123.jpg,dog,train
data\processed\images_128\cat_03262_pixabay_cat_002765.jpg,cat,train
data\processed\images_128\dog_00180_flickr_dog_000199.jpg,dog,train
data\processed\images_128\cat_02578_pixabay_cat_002022.jpg,cat,train
data\processed\images_128\cat_04939_pixabay_cat_004598.jpg,cat,train
data\processed\images_128\dog_01516_pixabay_dog_000518.jpg,dog,train
data\processed\images_128\dog_01685_pixabay_dog_000704.jpg,dog,train
data\processed\images_128\cat_00243_flickr_cat_000277.jpg,cat,train
data\processed\images_128\dog_00929_flickr_dog_001035.jpg,dog,train
data\processed\images_128\dog_04177_pixabay_dog_003441.jpg,dog,train
data\processed\images_128\dog_05208_pixabay_dog_003710.jpg,dog,train
data\processed\images_128\dog_00993_flickr_dog_001110.jpg,dog,train
data\processed\images_128\dog_01416_pixabay_dog_000398.jpg,dog,train
data\processed\images_128\cat_01953_pixabay_cat_001352.jpg,cat,train
data\processed\images_128\dog_01428_pixabay_dog_000412.jpg,dog,train
data\processed\images_128\cat_05625_pixabay_cat_004562.jpg,cat,train
data\processed\images_128\cat_04589_pixabay_cat_004215.jpg,cat,train
data\processed\images_128\dog_00605_flickr_dog_000670.jpg,dog,train
data\processed\images_128\dog_01325_pixabay_dog_000291.jpg,dog,train
data\processed\images_128\cat_05061_pixabay_cat_004732.jpg,cat,train
data\processed\images_128\cat_03009_pixabay_cat_002496.jpg,cat,train
data\processed\images_128\dog_01271_pixabay_dog_000230.jpg,dog,train
data\processed\images_128\cat_04389_pixabay_cat_003998.jpg,cat,train
data\processed\images_128\cat_05209_flickr_cat_000535.jpg,cat,train
data\processed\images_128\dog_02131_pixabay_dog_001198.jpg,dog,train
data\processed\images_128\cat_04346_pixabay_cat_003952.jpg,cat,train
data\processed\images_128\cat_02177_pixabay_cat_001593.jpg,cat,train
data\processed\images_128\cat_01190_pixabay_cat_000509.jpg,cat,train
data\processed\images_128\dog_01570_pixabay_dog_000577.jpg,dog,train
data\processed\images_128\cat_02673_pixabay_cat_002123.jpg,cat,train
data\processed\images_128\cat_01141_pixabay_cat_000455.jpg,cat,train
data\processed\images_128\cat_00115_flickr_cat_000126.jpg,cat,train
data\processed\images_128\dog_03994_pixabay_dog_003236.jpg,dog,train
data\processed\images_128\dog_03050_pixabay_dog_002204.jpg,dog,train
data\processed\images_128\cat_01491_pixabay_cat_000849.jpg,cat,train
data\processed\images_128\cat_02833_pixabay_cat_002302.jpg,cat,train
data\processed\images_128\cat_00308_flickr_cat_000349.jpg,cat,train
data\processed\images_128\cat_01795_pixabay_cat_001182.jpg,cat,train
data\processed\images_128\dog_03454_pixabay_dog_002645.jpg,dog,train
data\processed\images_128\dog_04375_pixabay_dog_003659.jpg,dog,train
data\processed\images_128\dog_00992_flickr_dog_001109.jpg,dog,train
data\processed\images_128\dog_04166_pixabay_dog_003430.jpg,dog,train
data\processed\images_128\dog_04499_pixabay_dog_003799.jpg,dog,train
data\processed\images_128\dog_01312_pixabay_dog_000276.jpg,dog,train
data\processed\images_128\dog_00242_flickr_dog_000271.jpg,dog,train
data\processed\images_128\dog_04548_pixabay_dog_003848.jpg,dog,train
data\processed\images_128\cat_01664_pixabay_cat_001039.jpg,cat,train
data\processed\images_128\dog_04213_pixabay_dog_003483.jpg,dog,train
data\processed\images_128\dog_03583_pixabay_dog_002788.jpg,dog,train
data\processed\images_128\dog_03249_pixabay_dog_002422.jpg,dog,train
data\processed\images_128\dog_02642_pixabay_dog_001755.jpg,dog,train
data\processed\images_128\dog_00524_flickr_dog_000578.jpg,dog,train
data\processed\images_128\cat_00510_flickr_cat_000574.jpg,cat,train
data\processed\images_128\dog_02574_pixabay_dog_001682.jpg,dog,train
data\processed\images_128\dog_00015_flickr_dog_000017.jpg,dog,train
data\processed\images_128\cat_03673_pixabay_cat_003219.jpg,cat,train
data\processed\images_128\dog_00735_flickr_dog_000820.jpg,dog,train
data\processed\images_128\cat_05326_pixabay_cat_000842.jpg,cat,train
data\processed\images_128\dog_01221_pixabay_dog_000174.jpg,dog,train
data\processed\images_128\cat_02609_pixabay_cat_002054.jpg,cat,train
data\processed\images_128\dog_00151_flickr_dog_000166.jpg,dog,train
data\processed\images_128\cat_04483_pixabay_cat_004099.jpg,cat,train
data\processed\images_128\cat_00744_pixabay_cat_000017.jpg,cat,train
data\processed\images_128\cat_01468_pixabay_cat_000819.jpg,cat,train
data\processed\images_128\dog_02419_pixabay_dog_001513.jpg,dog,train
data\processed\images_128\cat_03729_pixabay_cat_003276.jpg,cat,train
data\processed\images_128\dog_03614_pixabay_dog_002822.jpg,dog,train
data\processed\images_128\dog_01136_pixabay_dog_000082.jpg,dog,train
data\processed\images_128\cat_05379_pixabay_cat_001457.jpg,cat,train
data\processed\images_128\cat_02825_pixabay_cat_002293.jpg,cat,train
data\processed\images_128\cat_02430_pixabay_cat_001864.jpg,cat,train
data\processed\images_128\cat_01292_pixabay_cat_000621.jpg,cat,train
data\processed\images_128\dog_02399_pixabay_dog_001491.jpg,dog,train
data\processed\images_128\cat_04075_pixabay_cat_003652.jpg,cat,train
data\processed\images_128\dog_04833_flickr_dog_000946.jpg,dog,train
data\processed\images_128\cat_04393_pixabay_cat_004002.jpg,cat,train
data\processed\images_128\cat_00362_flickr_cat_000409.jpg,cat,train
data\processed\images_128\dog_02013_pixabay_dog_001065.jpg,dog,train
data\processed\images_128\cat_01803_pixabay_cat_001190.jpg,cat,train
data\processed\images_128\dog_03691_pixabay_dog_002910.jpg,dog,train
data\processed\images_128\cat_04363_pixabay_cat_003970.jpg,cat,train
data\processed\images_128\dog_02433_pixabay_dog_001529.jpg,dog,train
data\processed\images_128\dog_01859_pixabay_dog_000898.jpg,dog,train
data\processed\images_128\cat_00706_flickr_cat_000794.jpg,cat,train
data\processed\images_128\dog_02227_pixabay_dog_001303.jpg,dog,train
data\processed\images_128\cat_03443_pixabay_cat_002964.jpg,cat,train
data\processed\images_128\cat_03701_pixabay_cat_003247.jpg,cat,train
data\processed\images_128\cat_05287_pixabay_cat_000491.jpg,cat,train
data\processed\images_128\dog_01472_pixabay_dog_000461.jpg,dog,train
data\processed\images_128\cat_00616_flickr_cat_000695.jpg,cat,train
data\processed\images_128\cat_04056_pixabay_cat_003633.jpg,cat,train
data\processed\images_128\cat_02185_pixabay_cat_001602.jpg,cat,train
data\processed\images_128\dog_01405_pixabay_dog_000385.jpg,dog,train
data\processed\images_128\dog_01615_pixabay_dog_000629.jpg,dog,train
data\processed\images_128\dog_03516_pixabay_dog_002713.jpg,dog,train
data\processed\images_128\dog_02790_pixabay_dog_001915.jpg,dog,train
data\processed\images_128\cat_03060_pixabay_cat_002549.jpg,cat,train
data\processed\images_128\cat_01502_pixabay_cat_000860.jpg,cat,train
data\processed\images_128\dog_02917_pixabay_dog_002056.jpg,dog,train
data\processed\images_128\dog_01083_pixabay_dog_000024.jpg,dog,train
data\processed\images_128\cat_01044_pixabay_cat_000349.jpg,cat,train
data\processed\images_128\cat_01934_pixabay_cat_001331.jpg,cat,train
data\processed\images_128\dog_04398_pixabay_dog_003685.jpg,dog,train
data\processed\images_128\cat_00499_flickr_cat_000562.jpg,cat,train
data\processed\images_128\dog_02932_pixabay_dog_002073.jpg,dog,train
data\processed\images_128\dog_00886_flickr_dog_000986.jpg,dog,train
data\processed\images_128\cat_05088_pixabay_cat_004760.jpg,cat,train
data\processed\images_128\cat_00073_flickr_cat_000081.jpg,cat,train
data\processed\images_128\dog_04810_flickr_dog_000720.jpg,dog,train
data\processed\images_128\cat_01303_pixabay_cat_000634.jpg,cat,train
data\processed\images_128\cat_01849_pixabay_cat_001240.jpg,cat,train
data\processed\images_128\dog_04736_pixabay_dog_004054.jpg,dog,train
data\processed\images_128\cat_03486_pixabay_cat_003013.jpg,cat,train
data\processed\images_128\dog_01168_pixabay_dog_000116.jpg,dog,train
data\processed\images_128\dog_00554_flickr_dog_000611.jpg,dog,train
data\processed\images_128\dog_02521_pixabay_dog_001626.jpg,dog,train
data\processed\images_128\dog_04938_pixabay_dog_000713.jpg,dog,train
data\processed\images_128\dog_01816_pixabay_dog_000853.jpg,dog,train
data\processed\images_128\cat_01016_pixabay_cat_000318.jpg,cat,train
data\processed\images_128\cat_05630_pixabay_cat_004601.jpg,cat,train
data\processed\images_128\dog_01701_pixabay_dog_000722.jpg,dog,train
data\processed\images_128\cat_01601_pixabay_cat_000969.jpg,cat,train
data\processed\images_128\cat_01179_pixabay_cat_000497.jpg,cat,train
data\processed\images_128\cat_01643_pixabay_cat_001016.jpg,cat,train
data\processed\images_128\dog_02480_pixabay_dog_001584.jpg,dog,train
data\processed\images_128\cat_01539_pixabay_cat_000904.jpg,cat,train
data\processed\images_128\dog_04044_pixabay_dog_003290.jpg,dog,train
data\processed\images_128\cat_03984_pixabay_cat_003552.jpg,cat,train
data\processed\images_128\dog_02975_pixabay_dog_002117.jpg,dog,train
data\processed\images_128\dog_01210_pixabay_dog_000162.jpg,dog,train
data\processed\images_128\cat_03435_pixabay_cat_002956.jpg,cat,train
data\processed\images_128\dog_02011_pixabay_dog_001063.jpg,dog,train
data\processed\images_128\dog_05062_pixabay_dog_002122.jpg,dog,train
data\processed\images_128\cat_03709_pixabay_cat_003256.jpg,cat,train
data\processed\images_128\cat_02842_pixabay_cat_002313.jpg,cat,train
data\processed\images_128\dog_01430_pixabay_dog_000414.jpg,dog,train
data\processed\images_128\dog_00054_flickr_dog_000061.jpg,dog,train
data\processed\images_128\dog_00695_flickr_dog_000771.jpg,dog,train
data\processed\images_128\cat_01943_pixabay_cat_001340.jpg,cat,train
data\processed\images_128\dog_01288_pixabay_dog_000250.jpg,dog,train
data\processed\images_128\dog_00746_flickr_dog_000833.jpg,dog,train
data\processed\images_128\cat_00111_flickr_cat_000121.jpg,cat,train
data\processed\images_128\cat_02380_pixabay_cat_001813.jpg,cat,train
data\processed\images_128\cat_01011_pixabay_cat_000311.jpg,cat,train
data\processed\images_128\dog_00036_flickr_dog_000038.jpg,dog,train
data\processed\images_128\cat_05029_pixabay_cat_004700.jpg,cat,train
data\processed\images_128\cat_00226_flickr_cat_000259.jpg,cat,train
data\processed\images_128\cat_02856_pixabay_cat_002328.jpg,cat,train
data\processed\images_128\cat_03533_pixabay_cat_003065.jpg,cat,train
data\processed\images_128\dog_01553_pixabay_dog_000558.jpg,dog,train
data\processed\images_128\cat_04552_pixabay_cat_004174.jpg,cat,train
data\processed\images_128\dog_04259_pixabay_dog_003536.jpg,dog,train
data\processed\images_128\dog_04396_pixabay_dog_003683.jpg,dog,train
data\processed\images_128\dog_04221_pixabay_dog_003492.jpg,dog,train
data\processed\images_128\cat_02307_pixabay_cat_001738.jpg,cat,train
data\processed\images_128\cat_00419_flickr_cat_000471.jpg,cat,train
data\processed\images_128\dog_01110_pixabay_dog_000054.jpg,dog,train
data\processed\images_128\dog_03808_pixabay_dog_003034.jpg,dog,train
data\processed\images_128\dog_03384_pixabay_dog_002570.jpg,dog,train
data\processed\images_128\cat_04300_pixabay_cat_003902.jpg,cat,train
data\processed\images_128\cat_02406_pixabay_cat_001839.jpg,cat,train
data\processed\images_128\cat_02976_pixabay_cat_002458.jpg,cat,train
data\processed\images_128\cat_05388_pixabay_cat_001607.jpg,cat,train
data\processed\images_128\cat_03225_pixabay_cat_002727.jpg,cat,train
data\processed\images_128\dog_02560_pixabay_dog_001668.jpg,dog,train
data\processed\images_128\dog_04463_pixabay_dog_003759.jpg,dog,train
data\processed\images_128\dog_01216_pixabay_dog_000169.jpg,dog,train
data\processed\images_128\dog_04258_pixabay_dog_003534.jpg,dog,train
data\processed\images_128\dog_04255_pixabay_dog_003531.jpg,dog,train
data\processed\images_128\cat_03828_pixabay_cat_003382.jpg,cat,train
data\processed\images_128\cat_00803_pixabay_cat_000082.jpg,cat,train
data\processed\images_128\cat_05613_pixabay_cat_004434.jpg,cat,train
data\processed\images_128\dog_02273_pixabay_dog_001351.jpg,dog,train
data\processed\images_128\dog_03926_pixabay_dog_003161.jpg,dog,train
data\processed\images_128\cat_03631_pixabay_cat_003169.jpg,cat,train
data\processed\images_128\dog_03066_pixabay_dog_002220.jpg,dog,train
data\processed\images_128\cat_04771_pixabay_cat_004410.jpg,cat,train
data\processed\images_128\cat_02895_pixabay_cat_002370.jpg,cat,train
data\processed\images_128\cat_01663_pixabay_cat_001038.jpg,cat,train
data\processed\images_128\dog_02826_pixabay_dog_001955.jpg,dog,train
data\processed\images_128\dog_00655_flickr_dog_000729.jpg,dog,train
data\processed\images_128\dog_02351_pixabay_dog_001439.jpg,dog,train
data\processed\images_128\dog_01389_pixabay_dog_000367.jpg,dog,train
data\processed\images_128\dog_03425_pixabay_dog_002614.jpg,dog,train
data\processed\images_128\dog_01592_pixabay_dog_000602.jpg,dog,train
data\processed\images_128\dog_04544_pixabay_dog_003844.jpg,dog,train
data\processed\images_128\dog_00388_flickr_dog_000426.jpg,dog,train
data\processed\images_128\dog_05088_pixabay_dog_002383.jpg,dog,train
data\processed\images_128\cat_03386_pixabay_cat_002903.jpg,cat,train
data\processed\images_128\cat_02691_pixabay_cat_002146.jpg,cat,train
data\processed\images_128\cat_01614_pixabay_cat_000983.jpg,cat,train
data\processed\images_128\cat_00548_flickr_cat_000619.jpg,cat,train
data\processed\images_128\dog_02647_pixabay_dog_001760.jpg,dog,train
data\processed\images_128\dog_02140_pixabay_dog_001209.jpg,dog,train
data\processed\images_128\dog_01883_pixabay_dog_000924.jpg,dog,train
data\processed\images_128\cat_02500_pixabay_cat_001936.jpg,cat,train
data\processed\images_128\cat_05360_pixabay_cat_001205.jpg,cat,train
data\processed\images_128\cat_03022_pixabay_cat_002509.jpg,cat,train
data\processed\images_128\cat_03640_pixabay_cat_003178.jpg,cat,train
data\processed\images_128\dog_04071_pixabay_dog_003320.jpg,dog,train
data\processed\images_128\cat_02636_pixabay_cat_002084.jpg,cat,train
data\processed\images_128\dog_01623_pixabay_dog_000637.jpg,dog,train
data\processed\images_128\dog_00563_flickr_dog_000621.jpg,dog,train
data\processed\images_128\dog_03689_pixabay_dog_002907.jpg,dog,train
data\processed\images_128\dog_01504_pixabay_dog_000503.jpg,dog,train
data\processed\images_128\dog_02795_pixabay_dog_001921.jpg,dog,train
data\processed\images_128\dog_00894_flickr_dog_000994.jpg,dog,train
data\processed\images_128\dog_01673_pixabay_dog_000692.jpg,dog,train
data\processed\images_128\cat_05009_pixabay_cat_004678.jpg,cat,train
data\processed\images_128\cat_00742_pixabay_cat_000015.jpg,cat,train
data\processed\images_128\cat_03065_pixabay_cat_002555.jpg,cat,train
data\processed\images_128\cat_00594_flickr_cat_000671.jpg,cat,train
data\processed\images_128\dog_00977_flickr_dog_001092.jpg,dog,train
data\processed\images_128\cat_02781_pixabay_cat_002246.jpg,cat,train
data\processed\images_128\dog_04038_pixabay_dog_003284.jpg,dog,train
data\processed\images_128\dog_02886_pixabay_dog_002021.jpg,dog,train
data\processed\images_128\dog_03898_pixabay_dog_003131.jpg,dog,train
data\processed\images_128\cat_04306_pixabay_cat_003908.jpg,cat,train
data\processed\images_128\dog_00874_flickr_dog_000974.jpg,dog,train
data\processed\images_128\dog_04597_pixabay_dog_003900.jpg,dog,train
data\processed\images_128\cat_00504_flickr_cat_000567.jpg,cat,train
data\processed\images_128\dog_01937_pixabay_dog_000983.jpg,dog,train
data\processed\images_128\cat_01981_pixabay_cat_001384.jpg,cat,train
data\processed\images_128\cat_01884_pixabay_cat_001277.jpg,cat,train
data\processed\images_128\cat_00547_flickr_cat_000618.jpg,cat,train
data\processed\images_128\cat_01620_pixabay_cat_000992.jpg,cat,train
data\processed\images_128\cat_05285_pixabay_cat_000459.jpg,cat,train
data\processed\images_128\cat_00072_flickr_cat_000079.jpg,cat,train
data\processed\images_128\dog_03106_pixabay_dog_002265.jpg,dog,train
data\processed\images_128\cat_00396_flickr_cat_000448.jpg,cat,train
data\processed\images_128\dog_00484_flickr_dog_000530.jpg,dog,train
data\processed\images_128\cat_01843_pixabay_cat_001234.jpg,cat,train
data\processed\images_128\cat_00096_flickr_cat_000105.jpg,cat,train
data\processed\images_128\cat_01426_pixabay_cat_000773.jpg,cat,train
data\processed\images_128\cat_05031_pixabay_cat_004702.jpg,cat,train
data\processed\images_128\dog_04496_pixabay_dog_003796.jpg,dog,train
data\processed\images_128\cat_03678_pixabay_cat_003224.jpg,cat,train
data\processed\images_128\cat_00046_flickr_cat_000051.jpg,cat,train
data\processed\images_128\dog_04146_pixabay_dog_003408.jpg,dog,train
data\processed\images_128\dog_01124_pixabay_dog_000069.jpg,dog,train
data\processed\images_128\dog_04750_flickr_dog_000157.jpg,dog,train
data\processed\images_128\cat_05496_pixabay_cat_002997.jpg,cat,train
data\processed\images_128\dog_02823_pixabay_dog_001952.jpg,dog,train
data\processed\images_128\dog_01141_pixabay_dog_000088.jpg,dog,train
data\processed\images_128\cat_04765_pixabay_cat_004404.jpg,cat,train
data\processed\images_128\dog_03484_pixabay_dog_002678.jpg,dog,train
data\processed\images_128\dog_03256_pixabay_dog_002430.jpg,dog,train
data\processed\images_128\dog_03037_pixabay_dog_002189.jpg,dog,train
data\processed\images_128\dog_03237_pixabay_dog_002409.jpg,dog,train
data\processed\images_128\dog_04175_pixabay_dog_003439.jpg,dog,train
data\processed\images_128\dog_00629_flickr_dog_000699.jpg,dog,train
data\processed\images_128\cat_04732_pixabay_cat_004369.jpg,cat,train
data\processed\images_128\cat_02933_pixabay_cat_002411.jpg,cat,train
data\processed\images_128\dog_02800_pixabay_dog_001927.jpg,dog,train
data\processed\images_128\dog_04287_pixabay_dog_003567.jpg,dog,train
data\processed\images_128\cat_03805_pixabay_cat_003354.jpg,cat,train
data\processed\images_128\cat_02078_pixabay_cat_001491.jpg,cat,train
data\processed\images_128\dog_02900_pixabay_dog_002038.jpg,dog,train
data\processed\images_128\dog_01798_pixabay_dog_000832.jpg,dog,train
data\processed\images_128\dog_01575_pixabay_dog_000583.jpg,dog,train
data\processed\images_128\cat_02027_pixabay_cat_001433.jpg,cat,train
data\processed\images_128\cat_00701_flickr_cat_000789.jpg,cat,train
data\processed\images_128\cat_00922_pixabay_cat_000214.jpg,cat,train
data\processed\images_128\cat_05384_pixabay_cat_001503.jpg,cat,train
data\processed\images_128\cat_01078_pixabay_cat_000386.jpg,cat,train
data\processed\images_128\cat_03839_pixabay_cat_003394.jpg,cat,train
data\processed\images_128\cat_03032_pixabay_cat_002520.jpg,cat,train
data\processed\images_128\dog_01379_pixabay_dog_000356.jpg,dog,train
data\processed\images_128\cat_04535_pixabay_cat_004154.jpg,cat,train
data\processed\images_128\dog_04901_pixabay_dog_000409.jpg,dog,train
data\processed\images_128\dog_04014_pixabay_dog_003258.jpg,dog,train
data\processed\images_128\cat_04427_pixabay_cat_004040.jpg,cat,train
data\processed\images_128\dog_05133_pixabay_dog_002877.jpg,dog,train
data\processed\images_128\cat_02094_pixabay_cat_001508.jpg,cat,train
data\processed\images_128\dog_01547_pixabay_dog_000552.jpg,dog,train
data\processed\images_128\dog_02700_pixabay_dog_001817.jpg,dog,train
data\processed\images_128\cat_00099_flickr_cat_000109.jpg,cat,train
data\processed\images_128\dog_00526_flickr_dog_000581.jpg,dog,train
data\processed\images_128\cat_00245_flickr_cat_000279.jpg,cat,train
data\processed\images_128\cat_05167_flickr_cat_000175.jpg,cat,train
data\processed\images_128\cat_00942_pixabay_cat_000235.jpg,cat,train
data\processed\images_128\cat_01696_pixabay_cat_001073.jpg,cat,train
data\processed\images_128\cat_01899_pixabay_cat_001294.jpg,cat,train
data\processed\images_128\cat_00804_pixabay_cat_000083.jpg,cat,train
data\processed\images_128\dog_03935_pixabay_dog_003171.jpg,dog,train
data\processed\images_128\cat_04157_pixabay_cat_003744.jpg,cat,train
data\processed\images_128\dog_04101_pixabay_dog_003356.jpg,dog,train
data\processed\images_128\cat_05111_pixabay_cat_004788.jpg,cat,train
data\processed\images_128\cat_00229_flickr_cat_000262.jpg,cat,train
data\processed\images_128\cat_04433_pixabay_cat_004047.jpg,cat,train
data\processed\images_128\cat_03931_pixabay_cat_003495.jpg,cat,train
data\processed\images_128\cat_03595_pixabay_cat_003129.jpg,cat,train
data\processed\images_128\dog_00058_flickr_dog_000065.jpg,dog,train
data\processed\images_128\dog_05102_pixabay_dog_002556.jpg,dog,train
data\processed\images_128\cat_04599_pixabay_cat_004226.jpg,cat,train
data\processed\images_128\cat_01155_pixabay_cat_000471.jpg,cat,train
data\processed\images_128\dog_02310_pixabay_dog_001397.jpg,dog,train
data\processed\images_128\cat_01112_pixabay_cat_000424.jpg,cat,train
data\processed\images_128\dog_02987_pixabay_dog_002132.jpg,dog,train
data\processed\images_128\cat_03058_pixabay_cat_002547.jpg,cat,train
data\processed\images_128\cat_01725_pixabay_cat_001109.jpg,cat,train
data\processed\images_128\cat_00424_flickr_cat_000476.jpg,cat,train
data\processed\images_128\dog_00581_flickr_dog_000644.jpg,dog,train
data\processed\images_128\cat_02107_pixabay_cat_001521.jpg,cat,train
data\processed\images_128\cat_03799_pixabay_cat_003348.jpg,cat,train
data\processed\images_128\dog_00076_flickr_dog_000084.jpg,dog,train
data\processed\images_128\dog_04567_pixabay_dog_003868.jpg,dog,train
data\processed\images_128\dog_01258_pixabay_dog_000216.jpg,dog,train
data\processed\images_128\dog_00809_flickr_dog_000903.jpg,dog,train
data\processed\images_128\dog_02601_pixabay_dog_001713.jpg,dog,train
data\processed\images_128\cat_04446_pixabay_cat_004060.jpg,cat,train
data\processed\images_128\cat_03176_pixabay_cat_002672.jpg,cat,train
data\processed\images_128\cat_02382_pixabay_cat_001815.jpg,cat,train
data\processed\images_128\dog_00021_flickr_dog_000023.jpg,dog,train
data\processed\images_128\cat_01933_pixabay_cat_001330.jpg,cat,train
data\processed\images_128\cat_05201_flickr_cat_000441.jpg,cat,train
data\processed\images_128\cat_04829_pixabay_cat_004473.jpg,cat,train
data\processed\images_128\dog_01412_pixabay_dog_000392.jpg,dog,train
data\processed\images_128\cat_00433_flickr_cat_000485.jpg,cat,train
data\processed\images_128\cat_01326_pixabay_cat_000660.jpg,cat,train
data\processed\images_128\cat_01058_pixabay_cat_000365.jpg,cat,train
data\processed\images_128\cat_03715_pixabay_cat_003262.jpg,cat,train
data\processed\images_128\dog_00752_flickr_dog_000841.jpg,dog,train
data\processed\images_128\dog_03861_pixabay_dog_003089.jpg,dog,train
data\processed\images_128\dog_00173_flickr_dog_000190.jpg,dog,train
data\processed\images_128\cat_02672_pixabay_cat_002122.jpg,cat,train
data\processed\images_128\dog_01960_pixabay_dog_001006.jpg,dog,train
data\processed\images_128\cat_05441_pixabay_cat_002310.jpg,cat,train
data\processed\images_128\cat_01105_pixabay_cat_000416.jpg,cat,train
data\processed\images_128\dog_02974_pixabay_dog_002116.jpg,dog,train
data\processed\images_128\dog_00124_flickr_dog_000136.jpg,dog,train
data\processed\images_128\dog_03720_pixabay_dog_002940.jpg,dog,train
data\processed\images_128\cat_04513_pixabay_cat_004131.jpg,cat,train
data\processed\images_128\cat_00988_pixabay_cat_000284.jpg,cat,train
data\processed\images_128\dog_00764_flickr_dog_000857.jpg,dog,train
data\processed\images_128\cat_00303_flickr_cat_000344.jpg,cat,train
data\processed\images_128\cat_02069_pixabay_cat_001482.jpg,cat,train
data\processed\images_128\cat_01971_pixabay_cat_001374.jpg,cat,train
data\processed\images_128\cat_03677_pixabay_cat_003223.jpg,cat,train
data\processed\images_128\dog_00360_flickr_dog_000397.jpg,dog,train
data\processed\images_128\dog_01583_pixabay_dog_000591.jpg,dog,train
data\processed\images_128\dog_01574_pixabay_dog_000581.jpg,dog,train
data\processed\images_128\dog_01581_pixabay_dog_000589.jpg,dog,train
data\processed\images_128\cat_04119_pixabay_cat_003698.jpg,cat,train
data\processed\images_128\cat_02760_pixabay_cat_002223.jpg,cat,train
data\processed\images_128\cat_01253_pixabay_cat_000579.jpg,cat,train
data\processed\images_128\dog_05153_pixabay_dog_003149.jpg,dog,train
data\processed\images_128\cat_02514_pixabay_cat_001952.jpg,cat,train
data\processed\images_128\dog_05191_pixabay_dog_003502.jpg,dog,train
data\processed\images_128\dog_01239_pixabay_dog_000195.jpg,dog,train
data\processed\images_128\cat_02226_pixabay_cat_001648.jpg,cat,train
data\processed\images_128\dog_03569_pixabay_dog_002770.jpg,dog,train
data\processed\images_128\dog_00413_flickr_dog_000451.jpg,dog,train
data\processed\images_128\dog_05167_pixabay_dog_003309.jpg,dog,train
data\processed\images_128\dog_00230_flickr_dog_000259.jpg,dog,train
data\processed\images_128\cat_04952_pixabay_cat_004613.jpg,cat,train
data\processed\images_128\cat_05454_pixabay_cat_002464.jpg,cat,train
data\processed\images_128\cat_00471_flickr_cat_000527.jpg,cat,train
data\processed\images_128\cat_00083_flickr_cat_000091.jpg,cat,train
data\processed\images_128\cat_03426_pixabay_cat_002947.jpg,cat,train
data\processed\images_128\cat_03148_pixabay_cat_002641.jpg,cat,train
data\processed\images_128\cat_05097_pixabay_cat_004771.jpg,cat,train
data\processed\images_128\dog_02186_pixabay_dog_001260.jpg,dog,train
data\processed\images_128\dog_01284_pixabay_dog_000246.jpg,dog,train
data\processed\images_128\dog_04999_pixabay_dog_001358.jpg,dog,train
data\processed\images_128\dog_01072_pixabay_dog_000012.jpg,dog,train
data\processed\images_128\cat_04297_pixabay_cat_003898.jpg,cat,train
data\processed\images_128\cat_00029_flickr_cat_000034.jpg,cat,train
data\processed\images_128\cat_00576_flickr_cat_000651.jpg,cat,train
data\processed\images_128\dog_03915_pixabay_dog_003150.jpg,dog,train
data\processed\images_128\cat_00008_flickr_cat_000012.jpg,cat,train
data\processed\images_128\cat_05600_pixabay_cat_004256.jpg,cat,train
data\processed\images_128\dog_04107_pixabay_dog_003362.jpg,dog,train
data\processed\images_128\cat_00543_flickr_cat_000613.jpg,cat,train
data\processed\images_128\dog_03521_pixabay_dog_002718.jpg,dog,train
data\processed\images_128\dog_01722_pixabay_dog_000747.jpg,dog,train
data\processed\images_128\dog_02200_pixabay_dog_001274.jpg,dog,train
data\processed\images_128\dog_02442_pixabay_dog_001540.jpg,dog,train
data\processed\images_128\dog_03284_pixabay_dog_002461.jpg,dog,train
data\processed\images_128\dog_02064_pixabay_dog_001124.jpg,dog,train
data\processed\images_128\cat_02274_pixabay_cat_001702.jpg,cat,train
data\processed\images_128\dog_03572_pixabay_dog_002773.jpg,dog,train
data\processed\images_128\dog_02159_pixabay_dog_001229.jpg,dog,train
data\processed\images_128\cat_01133_pixabay_cat_000447.jpg,cat,train
data\processed\images_128\dog_01433_pixabay_dog_000417.jpg,dog,train
data\processed\images_128\cat_03721_pixabay_cat_003268.jpg,cat,train
data\processed\images_128\dog_01165_pixabay_dog_000112.jpg,dog,train
data\processed\images_128\dog_03254_pixabay_dog_002428.jpg,dog,train
data\processed\images_128\cat_01880_pixabay_cat_001273.jpg,cat,train
data\processed\images_128\cat_01894_pixabay_cat_001289.jpg,cat,train
data\processed\images_128\dog_00458_flickr_dog_000503.jpg,dog,train
data\processed\images_128\cat_03453_pixabay_cat_002975.jpg,cat,train
data\processed\images_128\cat_04674_pixabay_cat_004306.jpg,cat,train
data\processed\images_128\dog_00633_flickr_dog_000703.jpg,dog,train
data\processed\images_128\dog_01863_pixabay_dog_000902.jpg,dog,train
data\processed\images_128\dog_00235_flickr_dog_000264.jpg,dog,train
data\processed\images_128\cat_04832_pixabay_cat_004476.jpg,cat,train
data\processed\images_128\cat_01126_pixabay_cat_000438.jpg,cat,train
data\processed\images_128\dog_00074_flickr_dog_000082.jpg,dog,train
data\processed\images_128\dog_04020_pixabay_dog_003266.jpg,dog,train
data\processed\images_128\dog_01019_flickr_dog_001138.jpg,dog,train
data\processed\images_128\cat_01612_pixabay_cat_000981.jpg,cat,train
data\processed\images_128\cat_03829_pixabay_cat_003383.jpg,cat,train
data\processed\images_128\dog_00365_flickr_dog_000402.jpg,dog,train
data\processed\images_128\dog_02303_pixabay_dog_001390.jpg,dog,train
data\processed\images_128\cat_00051_flickr_cat_000057.jpg,cat,train
data\processed\images_128\dog_03010_pixabay_dog_002161.jpg,dog,train
data\processed\images_128\dog_01753_pixabay_dog_000780.jpg,dog,train
data\processed\images_128\cat_00973_pixabay_cat_000268.jpg,cat,train
data\processed\images_128\cat_01818_pixabay_cat_001208.jpg,cat,train
data\processed\images_128\cat_01164_pixabay_cat_000480.jpg,cat,train
data\processed\images_128\cat_00050_flickr_cat_000055.jpg,cat,train
data\processed\images_128\dog_04283_pixabay_dog_003563.jpg,dog,train
data\processed\images_128\dog_03652_pixabay_dog_002866.jpg,dog,train
data\processed\images_128\cat_05527_pixabay_cat_003417.jpg,cat,train
data\processed\images_128\dog_01731_pixabay_dog_000756.jpg,dog,train
data\processed\images_128\cat_02098_pixabay_cat_001512.jpg,cat,train
data\processed\images_128\dog_03260_pixabay_dog_002434.jpg,dog,train
data\processed\images_128\dog_03456_pixabay_dog_002648.jpg,dog,train
data\processed\images_128\dog_04254_pixabay_dog_003530.jpg,dog,train
data\processed\images_128\dog_01364_pixabay_dog_000339.jpg,dog,train
data\processed\images_128\cat_04098_pixabay_cat_003675.jpg,cat,train
data\processed\images_128\cat_03616_pixabay_cat_003153.jpg,cat,train
data\processed\images_128\cat_01114_pixabay_cat_000426.jpg,cat,train
data\processed\images_128\cat_00178_flickr_cat_000202.jpg,cat,train
data\processed\images_128\dog_01404_pixabay_dog_000384.jpg,dog,train
data\processed\images_128\dog_05072_pixabay_dog_002199.jpg,dog,train
data\processed\images_128\dog_04105_pixabay_dog_003360.jpg,dog,train
data\processed\images_128\cat_01727_pixabay_cat_001111.jpg,cat,train
data\processed\images_128\cat_05605_pixabay_cat_004337.jpg,cat,train
data\processed\images_128\dog_00531_flickr_dog_000586.jpg,dog,train
data\processed\images_128\cat_04383_pixabay_cat_003992.jpg,cat,train
data\processed\images_128\cat_03825_pixabay_cat_003379.jpg,cat,train
data\processed\images_128\cat_03661_pixabay_cat_003202.jpg,cat,train
data\processed\images_128\cat_00550_flickr_cat_000621.jpg,cat,train
data\processed\images_128\cat_00122_flickr_cat_000133.jpg,cat,train
data\processed\images_128\cat_02601_pixabay_cat_002046.jpg,cat,train
data\processed\images_128\dog_03701_pixabay_dog_002920.jpg,dog,train
data\processed\images_128\dog_01922_pixabay_dog_000966.jpg,dog,train
data\processed\images_128\cat_05583_pixabay_cat_004039.jpg,cat,train
data\processed\images_128\dog_03125_pixabay_dog_002285.jpg,dog,train
data\processed\images_128\dog_02209_pixabay_dog_001283.jpg,dog,train
data\processed\images_128\cat_00963_pixabay_cat_000258.jpg,cat,train
data\processed\images_128\dog_04454_pixabay_dog_003749.jpg,dog,train
data\processed\images_128\dog_00493_flickr_dog_000540.jpg,dog,train
data\processed\images_128\cat_01004_pixabay_cat_000304.jpg,cat,train
data\processed\images_128\cat_02077_pixabay_cat_001490.jpg,cat,train
data\processed\images_128\dog_03307_pixabay_dog_002484.jpg,dog,train
data\processed\images_128\dog_03487_pixabay_dog_002682.jpg,dog,train
data\processed\images_128\cat_02947_pixabay_cat_002425.jpg,cat,train
data\processed\images_128\cat_02256_pixabay_cat_001681.jpg,cat,train
data\processed\images_128\cat_03190_pixabay_cat_002687.jpg,cat,train
data\processed\images_128\cat_04262_pixabay_cat_003859.jpg,cat,train
data\processed\images_128\dog_02553_pixabay_dog_001661.jpg,dog,train
data\processed\images_128\cat_00674_flickr_cat_000758.jpg,cat,train
data\processed\images_128\cat_02908_pixabay_cat_002384.jpg,cat,train
data\processed\images_128\dog_04672_pixabay_dog_003983.jpg,dog,train
data\processed\images_128\dog_00684_flickr_dog_000760.jpg,dog,train
data\processed\images_128\dog_00873_flickr_dog_000973.jpg,dog,train
data\processed\images_128\dog_00008_flickr_dog_000010.jpg,dog,train
data\processed\images_128\dog_02476_pixabay_dog_001580.jpg,dog,train
data\processed\images_128\dog_02636_pixabay_dog_001749.jpg,dog,train
data\processed\images_128\dog_04361_pixabay_dog_003644.jpg,dog,train
data\processed\images_128\cat_03580_pixabay_cat_003113.jpg,cat,train
data\processed\images_128\dog_01610_pixabay_dog_000624.jpg,dog,train
data\processed\images_128\dog_02352_pixabay_dog_001440.jpg,dog,train
data\processed\images_128\cat_01512_pixabay_cat_000872.jpg,cat,train
data\processed\images_128\dog_03439_pixabay_dog_002630.jpg,dog,train
data\processed\images_128\dog_00118_flickr_dog_000130.jpg,dog,train
data\processed\images_128\dog_00489_flickr_dog_000535.jpg,dog,train
data\processed\images_128\dog_04414_pixabay_dog_003701.jpg,dog,train
data\processed\images_128\dog_03115_pixabay_dog_002274.jpg,dog,train
data\processed\images_128\cat_00024_flickr_cat_000029.jpg,cat,train
data\processed\images_128\dog_03843_pixabay_dog_003071.jpg,dog,train
data\processed\images_128\cat_03462_pixabay_cat_002984.jpg,cat,train
data\processed\images_128\cat_02782_pixabay_cat_002247.jpg,cat,train
data\processed\images_128\cat_05169_flickr_cat_000177.jpg,cat,train
data\processed\images_128\cat_00310_flickr_cat_000353.jpg,cat,train
data\processed\images_128\cat_03976_pixabay_cat_003544.jpg,cat,train
data\processed\images_128\dog_00506_flickr_dog_000555.jpg,dog,train
data\processed\images_128\cat_01459_pixabay_cat_000809.jpg,cat,train
data\processed\images_128\dog_03616_pixabay_dog_002824.jpg,dog,train
data\processed\images_128\cat_05303_pixabay_cat_000637.jpg,cat,train
data\processed\images_128\cat_03528_pixabay_cat_003060.jpg,cat,train
data\processed\images_128\cat_01705_pixabay_cat_001085.jpg,cat,train
data\processed\images_128\dog_03553_pixabay_dog_002752.jpg,dog,train
data\processed\images_128\cat_00498_flickr_cat_000561.jpg,cat,train
data\processed\images_128\dog_02679_pixabay_dog_001792.jpg,dog,train
data\processed\images_128\dog_01934_pixabay_dog_000979.jpg,dog,train
data\processed\images_128\cat_01921_pixabay_cat_001317.jpg,cat,train
data\processed\images_128\dog_05216_pixabay_dog_003767.jpg,dog,train
data\processed\images_128\cat_01604_pixabay_cat_000972.jpg,cat,train
data\processed\images_128\cat_03340_pixabay_cat_002850.jpg,cat,train
data\processed\images_128\cat_00356_flickr_cat_000403.jpg,cat,train
data\processed\images_128\dog_00976_flickr_dog_001091.jpg,dog,train
data\processed\images_128\cat_05480_pixabay_cat_002839.jpg,cat,train
data\processed\images_128\cat_01898_pixabay_cat_001293.jpg,cat,train
data\processed\images_128\cat_03602_pixabay_cat_003138.jpg,cat,train
data\processed\images_128\cat_00849_pixabay_cat_000133.jpg,cat,train
data\processed\images_128\dog_03975_pixabay_dog_003215.jpg,dog,train
data\processed\images_128\dog_03943_pixabay_dog_003179.jpg,dog,train
data\processed\images_128\cat_03668_pixabay_cat_003213.jpg,cat,train
data\processed\images_128\dog_03924_pixabay_dog_003159.jpg,dog,train
data\processed\images_128\cat_01665_pixabay_cat_001041.jpg,cat,train
data\processed\images_128\dog_01659_pixabay_dog_000677.jpg,dog,train
data\processed\images_128\cat_02086_pixabay_cat_001499.jpg,cat,train
data\processed\images_128\dog_01185_pixabay_dog_000134.jpg,dog,train
data\processed\images_128\cat_03749_pixabay_cat_003296.jpg,cat,train
data\processed\images_128\dog_04231_pixabay_dog_003504.jpg,dog,train
data\processed\images_128\dog_03773_pixabay_dog_002997.jpg,dog,train
data\processed\images_128\cat_04266_pixabay_cat_003863.jpg,cat,train
data\processed\images_128\cat_03654_pixabay_cat_003193.jpg,cat,train
data\processed\images_128\cat_03001_pixabay_cat_002487.jpg,cat,train
data\processed\images_128\cat_03467_pixabay_cat_002992.jpg,cat,train
data\processed\images_128\dog_02362_pixabay_dog_001453.jpg,dog,train
data\processed\images_128\cat_02846_pixabay_cat_002318.jpg,cat,train
data\processed\images_128\dog_02925_pixabay_dog_002064.jpg,dog,train
data\processed\images_128\dog_02937_pixabay_dog_002078.jpg,dog,train
data\processed\images_128\dog_04483_pixabay_dog_003783.jpg,dog,train
data\processed\images_128\cat_01757_pixabay_cat_001141.jpg,cat,train
data\processed\images_128\dog_00287_flickr_dog_000319.jpg,dog,train
data\processed\images_128\dog_01619_pixabay_dog_000633.jpg,dog,train
data\processed\images_128\dog_04571_pixabay_dog_003872.jpg,dog,train
data\processed\images_128\dog_03188_pixabay_dog_002355.jpg,dog,train
data\processed\images_128\cat_00066_flickr_cat_000072.jpg,cat,train
data\processed\images_128\cat_01027_pixabay_cat_000330.jpg,cat,train
data\processed\images_128\dog_05215_pixabay_dog_003766.jpg,dog,train
data\processed\images_128\dog_03751_pixabay_dog_002974.jpg,dog,train
data\processed\images_128\dog_02249_pixabay_dog_001325.jpg,dog,train
data\processed\images_128\cat_01518_pixabay_cat_000879.jpg,cat,train
data\processed\images_128\cat_02121_pixabay_cat_001535.jpg,cat,train
data\processed\images_128\dog_04001_pixabay_dog_003243.jpg,dog,train
data\processed\images_128\dog_01644_pixabay_dog_000661.jpg,dog,train
data\processed\images_128\dog_03255_pixabay_dog_002429.jpg,dog,train
data\processed\images_128\cat_04638_pixabay_cat_004268.jpg,cat,train
data\processed\images_128\dog_02275_pixabay_dog_001354.jpg,dog,train
data\processed\images_128\dog_04239_pixabay_dog_003513.jpg,dog,train
data\processed\images_128\cat_05103_pixabay_cat_004777.jpg,cat,train
data\processed\images_128\cat_04838_pixabay_cat_004485.jpg,cat,train
data\processed\images_128\dog_01328_pixabay_dog_000294.jpg,dog,train
data\processed\images_128\cat_05247_pixabay_cat_000070.jpg,cat,train
data\processed\images_128\dog_01834_pixabay_dog_000871.jpg,dog,train
data\processed\images_128\cat_04419_pixabay_cat_004031.jpg,cat,train
data\processed\images_128\cat_02019_pixabay_cat_001425.jpg,cat,train
data\processed\images_128\cat_05309_pixabay_cat_000700.jpg,cat,train
data\processed\images_128\dog_03154_pixabay_dog_002319.jpg,dog,train
data\processed\images_128\dog_04132_pixabay_dog_003392.jpg,dog,train
data\processed\images_128\dog_01650_pixabay_dog_000667.jpg,dog,train
data\processed\images_128\dog_01564_pixabay_dog_000571.jpg,dog,train
data\processed\images_128\dog_01944_pixabay_dog_000990.jpg,dog,train
data\processed\images_128\cat_02757_pixabay_cat_002220.jpg,cat,train
data\processed\images_128\cat_05039_pixabay_cat_004710.jpg,cat,train
data\processed\images_128\cat_00267_flickr_cat_000304.jpg,cat,train
data\processed\images_128\cat_05636_pixabay_cat_004652.jpg,cat,train
data\processed\images_128\dog_02656_pixabay_dog_001769.jpg,dog,train
data\processed\images_128\dog_02533_pixabay_dog_001638.jpg,dog,train
data\processed\images_128\cat_01271_pixabay_cat_000599.jpg,cat,train
data\processed\images_128\cat_03588_pixabay_cat_003122.jpg,cat,train
data\processed\images_128\cat_03026_pixabay_cat_002514.jpg,cat,train
data\processed\images_128\dog_02960_pixabay_dog_002101.jpg,dog,train
data\processed\images_128\dog_00215_flickr_dog_000239.jpg,dog,train
data\processed\images_128\cat_03129_pixabay_cat_002621.jpg,cat,train
data\processed\images_128\dog_00262_flickr_dog_000291.jpg,dog,train
data\processed\images_128\cat_05076_pixabay_cat_004747.jpg,cat,train
data\processed\images_128\cat_01110_pixabay_cat_000422.jpg,cat,train
data\processed\images_128\dog_02539_pixabay_dog_001644.jpg,dog,train
data\processed\images_128\dog_04692_pixabay_dog_004009.jpg,dog,train
data\processed\images_128\dog_04338_pixabay_dog_003620.jpg,dog,train
data\processed\images_128\cat_02941_pixabay_cat_002419.jpg,cat,train
data\processed\images_128\dog_04205_pixabay_dog_003473.jpg,dog,train
data\processed\images_128\dog_00117_flickr_dog_000129.jpg,dog,train
data\processed\images_128\cat_00832_pixabay_cat_000114.jpg,cat,train
data\processed\images_128\cat_02287_pixabay_cat_001715.jpg,cat,train
data\processed\images_128\cat_01796_pixabay_cat_001183.jpg,cat,train
data\processed\images_128\cat_01065_pixabay_cat_000372.jpg,cat,train
data\processed\images_128\dog_02010_pixabay_dog_001062.jpg,dog,train
data\processed\images_128\dog_02649_pixabay_dog_001762.jpg,dog,train
data\processed\images_128\dog_01999_pixabay_dog_001050.jpg,dog,train
data\processed\images_128\cat_04815_pixabay_cat_004458.jpg,cat,train
data\processed\images_128\dog_01101_pixabay_dog_000043.jpg,dog,train
data\processed\images_128\dog_00455_flickr_dog_000500.jpg,dog,train
data\processed\images_128\dog_02608_pixabay_dog_001720.jpg,dog,train
data\processed\images_128\dog_01872_pixabay_dog_000912.jpg,dog,train
data\processed\images_128\dog_01812_pixabay_dog_000849.jpg,dog,train
data\processed\images_128\dog_02991_pixabay_dog_002136.jpg,dog,train
data\processed\images_128\cat_00203_flickr_cat_000231.jpg,cat,train
data\processed\images_128\cat_04798_pixabay_cat_004441.jpg,cat,train
data\processed\images_128\cat_00608_flickr_cat_000686.jpg,cat,train
data\processed\images_128\cat_03522_pixabay_cat_003054.jpg,cat,train
data\processed\images_128\dog_04027_pixabay_dog_003273.jpg,dog,train
data\processed\images_128\dog_02090_pixabay_dog_001151.jpg,dog,train
data\processed\images_128\cat_04802_pixabay_cat_004445.jpg,cat,train
data\processed\images_128\cat_02536_pixabay_cat_001975.jpg,cat,train
data\processed\images_128\cat_01220_pixabay_cat_000545.jpg,cat,train
data\processed\images_128\dog_03019_pixabay_dog_002170.jpg,dog,train
data\processed\images_128\dog_00247_flickr_dog_000276.jpg,dog,train
data\processed\images_128\cat_03620_pixabay_cat_003157.jpg,cat,train
data\processed\images_128\cat_05008_pixabay_cat_004677.jpg,cat,train
data\processed\images_128\dog_01508_pixabay_dog_000510.jpg,dog,train
data\processed\images_128\dog_04112_pixabay_dog_003368.jpg,dog,train
data\processed\images_128\cat_03651_pixabay_cat_003190.jpg,cat,train
data\processed\images_128\dog_03406_pixabay_dog_002593.jpg,dog,train
data\processed\images_128\dog_01458_pixabay_dog_000443.jpg,dog,train
data\processed\images_128\cat_02073_pixabay_cat_001486.jpg,cat,train
data\processed\images_128\cat_04735_pixabay_cat_004372.jpg,cat,train
data\processed\images_128\cat_04811_pixabay_cat_004454.jpg,cat,train
data\processed\images_128\dog_01024_flickr_dog_001143.jpg,dog,train
data\processed\images_128\cat_04078_pixabay_cat_003655.jpg,cat,train
data\processed\images_128\dog_03388_pixabay_dog_002574.jpg,dog,train
data\processed\images_128\dog_00168_flickr_dog_000185.jpg,dog,train
data\processed\images_128\cat_00123_flickr_cat_000134.jpg,cat,train
data\processed\images_128\cat_05168_flickr_cat_000176.jpg,cat,train
data\processed\images_128\dog_02242_pixabay_dog_001318.jpg,dog,train
data\processed\images_128\cat_04946_pixabay_cat_004607.jpg,cat,train
data\processed\images_128\cat_01157_pixabay_cat_000473.jpg,cat,train
data\processed\images_128\cat_05638_pixabay_cat_004662.jpg,cat,train
data\processed\images_128\cat_03756_pixabay_cat_003303.jpg,cat,train
data\processed\images_128\dog_00254_flickr_dog_000283.jpg,dog,train
data\processed\images_128\dog_04135_pixabay_dog_003395.jpg,dog,train
data\processed\images_128\dog_03869_pixabay_dog_003099.jpg,dog,train
data\processed\images_128\cat_02240_pixabay_cat_001663.jpg,cat,train
data\processed\images_128\dog_02927_pixabay_dog_002067.jpg,dog,train
data\processed\images_128\dog_00340_flickr_dog_000375.jpg,dog,train
data\processed\images_128\cat_02211_pixabay_cat_001630.jpg,cat,train
data\processed\images_128\cat_02697_pixabay_cat_002153.jpg,cat,train
data\processed\images_128\cat_01500_pixabay_cat_000858.jpg,cat,train
data\processed\images_128\cat_02328_pixabay_cat_001759.jpg,cat,train
data\processed\images_128\cat_00137_flickr_cat_000149.jpg,cat,train
data\processed\images_128\cat_03122_pixabay_cat_002614.jpg,cat,train
data\processed\images_128\dog_02268_pixabay_dog_001345.jpg,dog,train
data\processed\images_128\cat_00149_flickr_cat_000163.jpg,cat,train
data\processed\images_128\dog_02177_pixabay_dog_001251.jpg,dog,train
data\processed\images_128\dog_01486_pixabay_dog_000477.jpg,dog,train
data\processed\images_128\dog_00824_flickr_dog_000919.jpg,dog,train
data\processed\images_128\dog_01811_pixabay_dog_000847.jpg,dog,train
data\processed\images_128\dog_00424_flickr_dog_000464.jpg,dog,train
data\processed\images_128\dog_04587_pixabay_dog_003889.jpg,dog,train
data\processed\images_128\cat_02003_pixabay_cat_001409.jpg,cat,train
data\processed\images_128\dog_00328_flickr_dog_000362.jpg,dog,train
data\processed\images_128\cat_01345_pixabay_cat_000682.jpg,cat,train
data\processed\images_128\dog_04155_pixabay_dog_003418.jpg,dog,train
data\processed\images_128\dog_03658_pixabay_dog_002872.jpg,dog,train
data\processed\images_128\cat_04053_pixabay_cat_003630.jpg,cat,train
data\processed\images_128\cat_01891_pixabay_cat_001284.jpg,cat,train
data\processed\images_128\dog_01951_pixabay_dog_000997.jpg,dog,train
data\processed\images_128\dog_01530_pixabay_dog_000533.jpg,dog,train
data\processed\images_128\cat_01276_pixabay_cat_000604.jpg,cat,train
data\processed\images_128\cat_05530_pixabay_cat_003455.jpg,cat,train
data\processed\images_128\cat_03645_pixabay_cat_003183.jpg,cat,train
data\processed\images_128\cat_02524_pixabay_cat_001962.jpg,cat,train
data\processed\images_128\cat_05141_pixabay_cat_004821.jpg,cat,train
data\processed\images_128\cat_03676_pixabay_cat_003222.jpg,cat,train
data\processed\images_128\cat_03284_pixabay_cat_002789.jpg,cat,train
data\processed\images_128\dog_03360_pixabay_dog_002541.jpg,dog,train
data\processed\images_128\cat_05021_pixabay_cat_004691.jpg,cat,train
data\processed\images_128\dog_01941_pixabay_dog_000987.jpg,dog,train
data\processed\images_128\cat_02115_pixabay_cat_001529.jpg,cat,train
data\processed\images_128\dog_02261_pixabay_dog_001337.jpg,dog,train
data\processed\images_128\dog_05128_pixabay_dog_002839.jpg,dog,train
data\processed\images_128\cat_01391_pixabay_cat_000732.jpg,cat,train
data\processed\images_128\cat_00875_pixabay_cat_000161.jpg,cat,train
data\processed\images_128\cat_00590_flickr_cat_000667.jpg,cat,train
data\processed\images_128\dog_03789_pixabay_dog_003015.jpg,dog,train
data\processed\images_128\cat_05245_pixabay_cat_000040.jpg,cat,train
data\processed\images_128\dog_01397_pixabay_dog_000376.jpg,dog,train
data\processed\images_128\cat_02844_pixabay_cat_002315.jpg,cat,train
data\processed\images_128\cat_00858_pixabay_cat_000142.jpg,cat,train
data\processed\images_128\cat_05325_pixabay_cat_000840.jpg,cat,train
data\processed\images_128\cat_01963_pixabay_cat_001363.jpg,cat,train
data\processed\images_128\cat_02980_pixabay_cat_002463.jpg,cat,train
data\processed\images_128\dog_00045_flickr_dog_000049.jpg,dog,train
data\processed\images_128\dog_04524_pixabay_dog_003824.jpg,dog,train
data\processed\images_128\dog_02840_pixabay_dog_001972.jpg,dog,train
data\processed\images_128\dog_00542_flickr_dog_000598.jpg,dog,train
data\processed\images_128\dog_03287_pixabay_dog_002464.jpg,dog,train
data\processed\images_128\cat_03765_pixabay_cat_003312.jpg,cat,train
data\processed\images_128\cat_03220_pixabay_cat_002721.jpg,cat,train
data\processed\images_128\dog_02112_pixabay_dog_001176.jpg,dog,train
data\processed\images_128\cat_00490_flickr_cat_000550.jpg,cat,train
data\processed\images_128\dog_05106_pixabay_dog_002597.jpg,dog,train
data\processed\images_128\dog_03549_pixabay_dog_002748.jpg,dog,train
data\processed\images_128\cat_05423_pixabay_cat_002133.jpg,cat,train
data\processed\images_128\cat_02008_pixabay_cat_001414.jpg,cat,train
data\processed\images_128\dog_04762_flickr_dog_000246.jpg,dog,train
data\processed\images_128\dog_02123_pixabay_dog_001187.jpg,dog,train
data\processed\images_128\dog_03142_pixabay_dog_002303.jpg,dog,train
data\processed\images_128\dog_02054_pixabay_dog_001113.jpg,dog,train
data\processed\images_128\dog_02046_pixabay_dog_001105.jpg,dog,train
data\processed\images_128\cat_00827_pixabay_cat_000109.jpg,cat,train
data\processed\images_128\cat_04586_pixabay_cat_004212.jpg,cat,train
data\processed\images_128\dog_02347_pixabay_dog_001435.jpg,dog,train
data\processed\images_128\dog_02458_pixabay_dog_001556.jpg,dog,train
data\processed\images_128\cat_01485_pixabay_cat_000839.jpg,cat,train
data\processed\images_128\cat_03326_pixabay_cat_002835.jpg,cat,train
data\processed\images_128\cat_03158_pixabay_cat_002652.jpg,cat,train
data\processed\images_128\dog_01090_pixabay_dog_000031.jpg,dog,train
data\processed\images_128\cat_00772_pixabay_cat_000047.jpg,cat,train
data\processed\images_128\cat_02520_pixabay_cat_001958.jpg,cat,train
data\processed\images_128\cat_01736_pixabay_cat_001120.jpg,cat,train
data\processed\images_128\dog_01880_pixabay_dog_000921.jpg,dog,train
data\processed\images_128\cat_01127_pixabay_cat_000439.jpg,cat,train
data\processed\images_128\dog_04201_pixabay_dog_003469.jpg,dog,train
data\processed\images_128\dog_04733_pixabay_dog_004051.jpg,dog,train
data\processed\images_128\dog_05125_pixabay_dog_002799.jpg,dog,train
data\processed\images_128\cat_02717_pixabay_cat_002175.jpg,cat,train
data\processed\images_128\cat_00696_flickr_cat_000784.jpg,cat,train
data\processed\images_128\dog_01663_pixabay_dog_000681.jpg,dog,train
data\processed\images_128\dog_00857_flickr_dog_000955.jpg,dog,train
data\processed\images_128\cat_00087_flickr_cat_000095.jpg,cat,train
data\processed\images_128\cat_04787_pixabay_cat_004429.jpg,cat,train
data\processed\images_128\cat_01623_pixabay_cat_000995.jpg,cat,train
data\processed\images_128\dog_01434_pixabay_dog_000418.jpg,dog,train
data\processed\images_128\dog_02328_pixabay_dog_001415.jpg,dog,train
data\processed\images_128\dog_04410_pixabay_dog_003697.jpg,dog,train
data\processed\images_128\cat_03985_pixabay_cat_003553.jpg,cat,train
data\processed\images_128\dog_02478_pixabay_dog_001582.jpg,dog,train
data\processed\images_128\dog_03182_pixabay_dog_002349.jpg,dog,train
data\processed\images_128\dog_01479_pixabay_dog_000468.jpg,dog,train
data\processed\images_128\cat_04115_pixabay_cat_003694.jpg,cat,train
data\processed\images_128\cat_03887_pixabay_cat_003446.jpg,cat,train
data\processed\images_128\cat_04743_pixabay_cat_004382.jpg,cat,train
data\processed\images_128\cat_04871_pixabay_cat_004522.jpg,cat,train
data\processed\images_128\dog_03309_pixabay_dog_002486.jpg,dog,train
data\processed\images_128\dog_03068_pixabay_dog_002222.jpg,dog,train
data\processed\images_128\cat_01692_pixabay_cat_001069.jpg,cat,train
data\processed\images_128\cat_01208_pixabay_cat_000529.jpg,cat,train
data\processed\images_128\cat_02633_pixabay_cat_002080.jpg,cat,train
data\processed\images_128\cat_00224_flickr_cat_000257.jpg,cat,train
data\processed\images_128\dog_01400_pixabay_dog_000379.jpg,dog,train
data\processed\images_128\cat_05363_pixabay_cat_001272.jpg,cat,train
data\processed\images_128\cat_01460_pixabay_cat_000810.jpg,cat,train
data\processed\images_128\dog_03361_pixabay_dog_002542.jpg,dog,train
data\processed\images_128\dog_03852_pixabay_dog_003080.jpg,dog,train
data\processed\images_128\cat_00421_flickr_cat_000473.jpg,cat,train
data\processed\images_128\dog_01807_pixabay_dog_000842.jpg,dog,train
data\processed\images_128\cat_01930_pixabay_cat_001327.jpg,cat,train
data\processed\images_128\dog_03613_pixabay_dog_002821.jpg,dog,train
data\processed\images_128\dog_03319_pixabay_dog_002497.jpg,dog,train
data\processed\images_128\dog_01842_pixabay_dog_000880.jpg,dog,train
data\processed\images_128\dog_02219_pixabay_dog_001294.jpg,dog,train
data\processed\images_128\cat_04025_pixabay_cat_003599.jpg,cat,train
data\processed\images_128\dog_04321_pixabay_dog_003603.jpg,dog,train
data\processed\images_128\dog_03831_pixabay_dog_003057.jpg,dog,train
data\processed\images_128\cat_02629_pixabay_cat_002076.jpg,cat,train
data\processed\images_128\dog_00516_flickr_dog_000566.jpg,dog,train
data\processed\images_128\cat_01905_pixabay_cat_001300.jpg,cat,train
data\processed\images_128\cat_04610_pixabay_cat_004239.jpg,cat,train
data\processed\images_128\dog_00814_flickr_dog_000908.jpg,dog,train
data\processed\images_128\cat_03479_pixabay_cat_003006.jpg,cat,train
data\processed\images_128\dog_01981_pixabay_dog_001029.jpg,dog,train
data\processed\images_128\cat_04893_pixabay_cat_004546.jpg,cat,train
data\processed\images_128\cat_05387_pixabay_cat_001599.jpg,cat,train
data\processed\images_128\dog_01818_pixabay_dog_000855.jpg,dog,train
data\processed\images_128\dog_03636_pixabay_dog_002847.jpg,dog,train
data\processed\images_128\cat_00175_flickr_cat_000199.jpg,cat,train
data\processed\images_128\cat_03184_pixabay_cat_002680.jpg,cat,train
data\processed\images_128\cat_00021_flickr_cat_000026.jpg,cat,train
data\processed\images_128\cat_03308_pixabay_cat_002815.jpg,cat,train
data\processed\images_128\cat_04500_pixabay_cat_004118.jpg,cat,train
data\processed\images_128\dog_04645_pixabay_dog_003954.jpg,dog,train
data\processed\images_128\dog_03536_pixabay_dog_002733.jpg,dog,train
data\processed\images_128\dog_00766_flickr_dog_000859.jpg,dog,train
data\processed\images_128\cat_04282_pixabay_cat_003881.jpg,cat,train
data\processed\images_128\cat_02187_pixabay_cat_001604.jpg,cat,train
data\processed\images_128\dog_00663_flickr_dog_000738.jpg,dog,train
data\processed\images_128\dog_03201_pixabay_dog_002370.jpg,dog,train
data\processed\images_128\cat_00582_flickr_cat_000659.jpg,cat,train
data\processed\images_128\cat_04845_pixabay_cat_004492.jpg,cat,train
data\processed\images_128\cat_01003_pixabay_cat_000303.jpg,cat,train
data\processed\images_128\dog_04662_pixabay_dog_003971.jpg,dog,train
data\processed\images_128\cat_01440_pixabay_cat_000787.jpg,cat,train
data\processed\images_128\dog_03268_pixabay_dog_002443.jpg,dog,train
data\processed\images_128\dog_00514_flickr_dog_000563.jpg,dog,train
data\processed\images_128\cat_00326_flickr_cat_000370.jpg,cat,train
data\processed\images_128\cat_05013_pixabay_cat_004682.jpg,cat,train
data\processed\images_128\cat_01828_pixabay_cat_001219.jpg,cat,train
data\processed\images_128\cat_04875_pixabay_cat_004526.jpg,cat,train
data\processed\images_128\cat_05569_pixabay_cat_003878.jpg,cat,train
data\processed\images_128\cat_01267_pixabay_cat_000595.jpg,cat,train
data\processed\images_128\dog_01865_pixabay_dog_000904.jpg,dog,train
data\processed\images_128\dog_05213_pixabay_dog_003747.jpg,dog,train
data\processed\images_128\cat_00813_pixabay_cat_000092.jpg,cat,train
data\processed\images_128\cat_04903_pixabay_cat_004557.jpg,cat,train
data\processed\images_128\dog_02878_pixabay_dog_002012.jpg,dog,train
data\processed\images_128\dog_02951_pixabay_dog_002092.jpg,dog,train
data\processed\images_128\cat_03436_pixabay_cat_002957.jpg,cat,train
data\processed\images_128\cat_03911_pixabay_cat_003473.jpg,cat,train
data\processed\images_128\cat_02327_pixabay_cat_001758.jpg,cat,train
data\processed\images_128\cat_01555_pixabay_cat_000920.jpg,cat,train
data\processed\images_128\cat_02032_pixabay_cat_001439.jpg,cat,train
data\processed\images_128\cat_04071_pixabay_cat_003648.jpg,cat,train
data\processed\images_128\dog_03331_pixabay_dog_002509.jpg,dog,train
data\processed\images_128\cat_04175_pixabay_cat_003765.jpg,cat,train
data\processed\images_128\dog_01419_pixabay_dog_000401.jpg,dog,train
data\processed\images_128\cat_00107_flickr_cat_000117.jpg,cat,train
data\processed\images_128\dog_02717_pixabay_dog_001834.jpg,dog,train
data\processed\images_128\dog_02710_pixabay_dog_001827.jpg,dog,train
data\processed\images_128\dog_00945_flickr_dog_001056.jpg,dog,train
data\processed\images_128\dog_01496_pixabay_dog_000492.jpg,dog,train
data\processed\images_128\cat_01995_pixabay_cat_001400.jpg,cat,train
data\processed\images_128\dog_03595_pixabay_dog_002803.jpg,dog,train
data\processed\images_128\dog_00732_flickr_dog_000817.jpg,dog,train
data\processed\images_128\cat_03732_pixabay_cat_003279.jpg,cat,train
data\processed\images_128\dog_02134_pixabay_dog_001202.jpg,dog,train
data\processed\images_128\dog_04360_pixabay_dog_003643.jpg,dog,train
data\processed\images_128\dog_05013_pixabay_dog_001522.jpg,dog,train
data\processed\images_128\dog_00728_flickr_dog_000811.jpg,dog,train
data\processed\images_128\dog_02993_pixabay_dog_002138.jpg,dog,train
data\processed\images_128\cat_03718_pixabay_cat_003265.jpg,cat,train
data\processed\images_128\dog_04181_pixabay_dog_003445.jpg,dog,train
data\processed\images_128\cat_02006_pixabay_cat_001412.jpg,cat,train
data\processed\images_128\dog_00545_flickr_dog_000601.jpg,dog,train
data\processed\images_128\dog_03214_pixabay_dog_002384.jpg,dog,train
data\processed\images_128\dog_00277_flickr_dog_000307.jpg,dog,train
data\processed\images_128\dog_04568_pixabay_dog_003869.jpg,dog,train
data\processed\images_128\dog_03417_pixabay_dog_002605.jpg,dog,train
data\processed\images_128\dog_04011_pixabay_dog_003255.jpg,dog,train
data\processed\images_128\cat_02899_pixabay_cat_002374.jpg,cat,train
data\processed\images_128\dog_02297_pixabay_dog_001384.jpg,dog,train
data\processed\images_128\dog_03399_pixabay_dog_002585.jpg,dog,train
data\processed\images_128\dog_01768_pixabay_dog_000798.jpg,dog,train
data\processed\images_128\dog_04912_pixabay_dog_000484.jpg,dog,train
data\processed\images_128\cat_03428_pixabay_cat_002949.jpg,cat,train
data\processed\images_128\cat_01156_pixabay_cat_000472.jpg,cat,train
data\processed\images_128\dog_03706_pixabay_dog_002925.jpg,dog,train
data\processed\images_128\cat_00897_pixabay_cat_000187.jpg,cat,train
data\processed\images_128\cat_03480_pixabay_cat_003007.jpg,cat,train
data\processed\images_128\cat_04385_pixabay_cat_003994.jpg,cat,train
data\processed\images_128\dog_01118_pixabay_dog_000063.jpg,dog,train
data\processed\images_128\dog_03061_pixabay_dog_002215.jpg,dog,train
data\processed\images_128\cat_02244_pixabay_cat_001668.jpg,cat,train
data\processed\images_128\cat_00422_flickr_cat_000474.jpg,cat,train
data\processed\images_128\cat_03586_pixabay_cat_003120.jpg,cat,train
data\processed\images_128\dog_04062_pixabay_dog_003311.jpg,dog,train
data\processed\images_128\cat_01032_pixabay_cat_000335.jpg,cat,train
data\processed\images_128\cat_04635_pixabay_cat_004265.jpg,cat,train
data\processed\images_128\cat_05521_pixabay_cat_003357.jpg,cat,train
data\processed\images_128\cat_04221_pixabay_cat_003815.jpg,cat,train
data\processed\images_128\cat_01385_pixabay_cat_000725.jpg,cat,train
data\processed\images_128\dog_04443_pixabay_dog_003736.jpg,dog,train
data\processed\images_128\dog_02994_pixabay_dog_002139.jpg,dog,train
data\processed\images_128\dog_03551_pixabay_dog_002750.jpg,dog,train
data\processed\images_128\dog_03381_pixabay_dog_002565.jpg,dog,train
data\processed\images_128\dog_00408_flickr_dog_000446.jpg,dog,train
data\processed\images_128\cat_04656_pixabay_cat_004286.jpg,cat,train
data\processed\images_128\cat_03897_pixabay_cat_003457.jpg,cat,train
data\processed\images_128\cat_04006_pixabay_cat_003578.jpg,cat,train
data\processed\images_128\dog_03225_pixabay_dog_002396.jpg,dog,train
data\processed\images_128\cat_03546_pixabay_cat_003078.jpg,cat,train
data\processed\images_128\cat_01729_pixabay_cat_001113.jpg,cat,train
data\processed\images_128\dog_02334_pixabay_dog_001421.jpg,dog,train
data\processed\images_128\cat_04531_pixabay_cat_004150.jpg,cat,train
data\processed\images_128\dog_04388_pixabay_dog_003675.jpg,dog,train
data\processed\images_128\dog_00646_flickr_dog_000719.jpg,dog,train
data\processed\images_128\cat_00407_flickr_cat_000459.jpg,cat,train
data\processed\images_128\dog_00007_flickr_dog_000009.jpg,dog,train
data\processed\images_128\cat_03354_pixabay_cat_002867.jpg,cat,train
data\processed\images_128\cat_01630_pixabay_cat_001002.jpg,cat,train
data\processed\images_128\cat_04972_pixabay_cat_004637.jpg,cat,train
data\processed\images_128\cat_01118_pixabay_cat_000430.jpg,cat,train
data\processed\images_128\cat_04015_pixabay_cat_003588.jpg,cat,train
data\processed\images_128\cat_01684_pixabay_cat_001061.jpg,cat,train
data\processed\images_128\dog_04297_pixabay_dog_003578.jpg,dog,train
data\processed\images_128\cat_04682_pixabay_cat_004315.jpg,cat,train
data\processed\images_128\dog_04390_pixabay_dog_003677.jpg,dog,train
data\processed\images_128\dog_03547_pixabay_dog_002746.jpg,dog,train
data\processed\images_128\cat_05083_pixabay_cat_004754.jpg,cat,train
data\processed\images_128\dog_04117_pixabay_dog_003374.jpg,dog,train
data\processed\images_128\cat_00428_flickr_cat_000480.jpg,cat,train
data\processed\images_128\dog_01293_pixabay_dog_000255.jpg,dog,train
data\processed\images_128\cat_03078_pixabay_cat_002569.jpg,cat,train
data\processed\images_128\cat_00931_pixabay_cat_000223.jpg,cat,train
data\processed\images_128\cat_00632_flickr_cat_000712.jpg,cat,train
data\processed\images_128\dog_01381_pixabay_dog_000359.jpg,dog,train
data\processed\images_128\cat_01386_pixabay_cat_000726.jpg,cat,train
data\processed\images_128\dog_00529_flickr_dog_000584.jpg,dog,train
data\processed\images_128\dog_01145_pixabay_dog_000092.jpg,dog,train
data\processed\images_128\dog_01114_pixabay_dog_000058.jpg,dog,train
data\processed\images_128\cat_03301_pixabay_cat_002808.jpg,cat,train
data\processed\images_128\dog_03097_pixabay_dog_002256.jpg,dog,train
data\processed\images_128\cat_04298_pixabay_cat_003899.jpg,cat,train
data\processed\images_128\cat_05184_flickr_cat_000265.jpg,cat,train
data\processed\images_128\cat_00817_pixabay_cat_000097.jpg,cat,train
data\processed\images_128\cat_04244_pixabay_cat_003839.jpg,cat,train
data\processed\images_128\dog_02597_pixabay_dog_001709.jpg,dog,train
data\processed\images_128\cat_01244_pixabay_cat_000569.jpg,cat,train
data\processed\images_128\cat_01752_pixabay_cat_001136.jpg,cat,train
data\processed\images_128\cat_05497_pixabay_cat_003000.jpg,cat,train
data\processed\images_128\cat_05472_pixabay_cat_002724.jpg,cat,train
data\processed\images_128\dog_02301_pixabay_dog_001388.jpg,dog,train
data\processed\images_128\dog_04534_pixabay_dog_003834.jpg,dog,train
data\processed\images_128\dog_00876_flickr_dog_000976.jpg,dog,train
data\processed\images_128\dog_01971_pixabay_dog_001018.jpg,dog,train
data\processed\images_128\cat_00445_flickr_cat_000498.jpg,cat,train
data\processed\images_128\cat_03335_pixabay_cat_002845.jpg,cat,train
data\processed\images_128\cat_00494_flickr_cat_000555.jpg,cat,train
data\processed\images_128\cat_01931_pixabay_cat_001328.jpg,cat,train
data\processed\images_128\cat_04059_pixabay_cat_003636.jpg,cat,train
data\processed\images_128\dog_03846_pixabay_dog_003074.jpg,dog,train
data\processed\images_128\cat_00361_flickr_cat_000408.jpg,cat,train
data\processed\images_128\dog_03538_pixabay_dog_002735.jpg,dog,train
data\processed\images_128\dog_00460_flickr_dog_000505.jpg,dog,train
data\processed\images_128\cat_00812_pixabay_cat_000091.jpg,cat,train
data\processed\images_128\cat_02896_pixabay_cat_002371.jpg,cat,train
data\processed\images_128\cat_05231_flickr_cat_000714.jpg,cat,train
data\processed\images_128\cat_05578_pixabay_cat_003977.jpg,cat,train
data\processed\images_128\cat_04902_pixabay_cat_004556.jpg,cat,train
data\processed\images_128\cat_04129_pixabay_cat_003710.jpg,cat,train
data\processed\images_128\cat_05052_pixabay_cat_004723.jpg,cat,train
data\processed\images_128\cat_05601_pixabay_cat_004297.jpg,cat,train
data\processed\images_128\cat_03969_pixabay_cat_003537.jpg,cat,train
data\processed\images_128\dog_01702_pixabay_dog_000725.jpg,dog,train
data\processed\images_128\dog_04298_pixabay_dog_003579.jpg,dog,train
data\processed\images_128\dog_02095_pixabay_dog_001158.jpg,dog,train
data\processed\images_128\dog_00559_flickr_dog_000616.jpg,dog,train
data\processed\images_128\cat_01592_pixabay_cat_000959.jpg,cat,train
data\processed\images_128\dog_01590_pixabay_dog_000598.jpg,dog,train
data\processed\images_128\dog_00839_flickr_dog_000935.jpg,dog,train
data\processed\images_128\dog_00107_flickr_dog_000119.jpg,dog,train
data\processed\images_128\dog_01385_pixabay_dog_000363.jpg,dog,train
data\processed\images_128\dog_03376_pixabay_dog_002560.jpg,dog,train
data\processed\images_128\cat_04317_pixabay_cat_003921.jpg,cat,train
data\processed\images_128\cat_02365_pixabay_cat_001797.jpg,cat,train
data\processed\images_128\cat_03632_pixabay_cat_003170.jpg,cat,train
data\processed\images_128\cat_03163_pixabay_cat_002657.jpg,cat,train
data\processed\images_128\cat_00913_pixabay_cat_000205.jpg,cat,train
data\processed\images_128\dog_01213_pixabay_dog_000165.jpg,dog,train
data\processed\images_128\dog_02728_pixabay_dog_001846.jpg,dog,train
data\processed\images_128\cat_04634_pixabay_cat_004264.jpg,cat,train
data\processed\images_128\cat_02320_pixabay_cat_001751.jpg,cat,train
data\processed\images_128\cat_05092_pixabay_cat_004764.jpg,cat,train
data\processed\images_128\dog_03374_pixabay_dog_002558.jpg,dog,train
data\processed\images_128\dog_03410_pixabay_dog_002598.jpg,dog,train
data\processed\images_128\dog_01112_pixabay_dog_000056.jpg,dog,train
data\processed\images_128\dog_01255_pixabay_dog_000213.jpg,dog,train
data\processed\images_128\dog_04318_pixabay_dog_003600.jpg,dog,train
data\processed\images_128\cat_04609_pixabay_cat_004238.jpg,cat,train
data\processed\images_128\dog_03725_pixabay_dog_002945.jpg,dog,train
data\processed\images_128\cat_04082_pixabay_cat_003659.jpg,cat,train
data\processed\images_128\cat_02052_pixabay_cat_001462.jpg,cat,train
data\processed\images_128\cat_02652_pixabay_cat_002101.jpg,cat,train
data\processed\images_128\dog_04039_pixabay_dog_003285.jpg,dog,train
data\processed\images_128\dog_01943_pixabay_dog_000989.jpg,dog,train
data\processed\images_128\dog_02104_pixabay_dog_001167.jpg,dog,train
data\processed\images_128\cat_00929_pixabay_cat_000221.jpg,cat,train
data\processed\images_128\dog_01322_pixabay_dog_000288.jpg,dog,train
data\processed\images_128\dog_02686_pixabay_dog_001801.jpg,dog,train
data\processed\images_128\dog_01183_pixabay_dog_000132.jpg,dog,train
data\processed\images_128\dog_02292_pixabay_dog_001377.jpg,dog,train
data\processed\images_128\dog_03827_pixabay_dog_003053.jpg,dog,train
data\processed\images_128\dog_00778_flickr_dog_000871.jpg,dog,train
data\processed\images_128\cat_03263_pixabay_cat_002766.jpg,cat,train
data\processed\images_128\cat_03399_pixabay_cat_002917.jpg,cat,train
data\processed\images_128\cat_00562_flickr_cat_000636.jpg,cat,train
data\processed\images_128\cat_03720_pixabay_cat_003267.jpg,cat,train
data\processed\images_128\dog_01927_pixabay_dog_000972.jpg,dog,train
data\processed\images_128\dog_00119_flickr_dog_000131.jpg,dog,train
data\processed\images_128\cat_01129_pixabay_cat_000443.jpg,cat,train
data\processed\images_128\dog_04966_pixabay_dog_001025.jpg,dog,train
data\processed\images_128\dog_01494_pixabay_dog_000488.jpg,dog,train
data\processed\images_128\cat_02137_pixabay_cat_001552.jpg,cat,train
data\processed\images_128\cat_00261_flickr_cat_000298.jpg,cat,train
data\processed\images_128\cat_02987_pixabay_cat_002473.jpg,cat,train
data\processed\images_128\dog_01159_pixabay_dog_000106.jpg,dog,train
data\processed\images_128\cat_04411_pixabay_cat_004022.jpg,cat,train
data\processed\images_128\cat_04861_pixabay_cat_004509.jpg,cat,train
data\processed\images_128\cat_03295_pixabay_cat_002801.jpg,cat,train
data\processed\images_128\cat_00882_pixabay_cat_000170.jpg,cat,train
data\processed\images_128\cat_01975_pixabay_cat_001378.jpg,cat,train
data\processed\images_128\dog_04470_pixabay_dog_003768.jpg,dog,train
data\processed\images_128\cat_02962_pixabay_cat_002443.jpg,cat,train
data\processed\images_128\dog_02073_pixabay_dog_001133.jpg,dog,train
data\processed\images_128\cat_00614_flickr_cat_000693.jpg,cat,train
data\processed\images_128\dog_01980_pixabay_dog_001028.jpg,dog,train
data\processed\images_128\cat_05288_pixabay_cat_000492.jpg,cat,train
data\processed\images_128\cat_00249_flickr_cat_000284.jpg,cat,train
data\processed\images_128\dog_04109_pixabay_dog_003364.jpg,dog,train
data\processed\images_128\cat_00165_flickr_cat_000188.jpg,cat,train
data\processed\images_128\dog_03587_pixabay_dog_002793.jpg,dog,train
data\processed\images_128\dog_02305_pixabay_dog_001392.jpg,dog,train
data\processed\images_128\cat_03366_pixabay_cat_002881.jpg,cat,train
data\processed\images_128\cat_00501_flickr_cat_000564.jpg,cat,train
data\processed\images_128\cat_00687_flickr_cat_000775.jpg,cat,train
data\processed\images_128\dog_01326_pixabay_dog_000292.jpg,dog,train
data\processed\images_128\dog_02279_pixabay_dog_001360.jpg,dog,train
data\processed\images_128\dog_04028_pixabay_dog_003274.jpg,dog,train
data\processed\images_128\dog_04359_pixabay_dog_003642.jpg,dog,train
data\processed\images_128\dog_02773_pixabay_dog_001894.jpg,dog,train
data\processed\images_128\dog_00181_flickr_dog_000200.jpg,dog,train
data\processed\images_128\dog_02635_pixabay_dog_001748.jpg,dog,train
data\processed\images_128\dog_01469_pixabay_dog_000458.jpg,dog,train
data\processed\images_128\dog_00593_flickr_dog_000657.jpg,dog,train
data\processed\images_128\cat_03411_pixabay_cat_002932.jpg,cat,train
data\processed\images_128\dog_03931_pixabay_dog_003167.jpg,dog,train
data\processed\images_128\cat_02348_pixabay_cat_001779.jpg,cat,train
data\processed\images_128\dog_03657_pixabay_dog_002871.jpg,dog,train
data\processed\images_128\dog_00333_flickr_dog_000367.jpg,dog,train
data\processed\images_128\cat_00198_flickr_cat_000224.jpg,cat,train
data\processed\images_128\dog_04021_pixabay_dog_003267.jpg,dog,train
data\processed\images_128\cat_02432_pixabay_cat_001866.jpg,cat,train
data\processed\images_128\cat_03089_pixabay_cat_002580.jpg,cat,train
data\processed\images_128\dog_04584_pixabay_dog_003885.jpg,dog,train
data\processed\images_128\cat_00784_pixabay_cat_000060.jpg,cat,train
data\processed\images_128\cat_02166_pixabay_cat_001582.jpg,cat,train
data\processed\images_128\cat_05400_pixabay_cat_001727.jpg,cat,train
data\processed\images_128\dog_02952_pixabay_dog_002093.jpg,dog,train
data\processed\images_128\cat_02632_pixabay_cat_002079.jpg,cat,train
data\processed\images_128\dog_00548_flickr_dog_000604.jpg,dog,train
data\processed\images_128\dog_02794_pixabay_dog_001920.jpg,dog,train
data\processed\images_128\dog_04299_pixabay_dog_003580.jpg,dog,train
data\processed\images_128\cat_03518_pixabay_cat_003050.jpg,cat,train
data\processed\images_128\dog_00093_flickr_dog_000102.jpg,dog,train
data\processed\images_128\dog_00950_flickr_dog_001061.jpg,dog,train
data\processed\images_128\dog_00918_flickr_dog_001024.jpg,dog,train
data\processed\images_128\cat_00354_flickr_cat_000401.jpg,cat,train
data\processed\images_128\dog_00480_flickr_dog_000526.jpg,dog,train
data\processed\images_128\dog_04373_pixabay_dog_003656.jpg,dog,train
data\processed\images_128\dog_01794_pixabay_dog_000828.jpg,dog,train
data\processed\images_128\cat_01942_pixabay_cat_001339.jpg,cat,train
data\processed\images_128\cat_00100_flickr_cat_000110.jpg,cat,train
data\processed\images_128\dog_04140_pixabay_dog_003401.jpg,dog,train
data\processed\images_128\dog_04085_pixabay_dog_003337.jpg,dog,train
data\processed\images_128\cat_01472_pixabay_cat_000823.jpg,cat,train
data\processed\images_128\cat_00893_pixabay_cat_000183.jpg,cat,train
data\processed\images_128\cat_01572_pixabay_cat_000939.jpg,cat,train
data\processed\images_128\cat_04163_pixabay_cat_003751.jpg,cat,train
data\processed\images_128\cat_04971_pixabay_cat_004634.jpg,cat,train
data\processed\images_128\cat_03347_pixabay_cat_002857.jpg,cat,train
data\processed\images_128\cat_02319_pixabay_cat_001750.jpg,cat,train
data\processed\images_128\cat_03171_pixabay_cat_002667.jpg,cat,train
data\processed\images_128\cat_02218_pixabay_cat_001639.jpg,cat,train
data\processed\images_128\dog_03333_pixabay_dog_002511.jpg,dog,train
data\processed\images_128\dog_00350_flickr_dog_000387.jpg,dog,train
data\processed\images_128\dog_00584_flickr_dog_000647.jpg,dog,train
data\processed\images_128\cat_05220_flickr_cat_000610.jpg,cat,train
data\processed\images_128\dog_00882_flickr_dog_000982.jpg,dog,train
data\processed\images_128\dog_03505_pixabay_dog_002702.jpg,dog,train
data\processed\images_128\dog_01987_pixabay_dog_001036.jpg,dog,train
data\processed\images_128\cat_05460_pixabay_cat_002552.jpg,cat,train
data\processed\images_128\dog_03009_pixabay_dog_002160.jpg,dog,train
data\processed\images_128\dog_00432_flickr_dog_000474.jpg,dog,train
data\processed\images_128\cat_02303_pixabay_cat_001734.jpg,cat,train
data\processed\images_128\dog_01373_pixabay_dog_000349.jpg,dog,train
data\processed\images_128\dog_03690_pixabay_dog_002908.jpg,dog,train
data\processed\images_128\dog_02355_pixabay_dog_001444.jpg,dog,train
data\processed\images_128\dog_02659_pixabay_dog_001772.jpg,dog,train
data\processed\images_128\dog_01751_pixabay_dog_000778.jpg,dog,train
data\processed\images_128\cat_01956_pixabay_cat_001355.jpg,cat,train
data\processed\images_128\dog_04403_pixabay_dog_003690.jpg,dog,train
data\processed\images_128\cat_00010_flickr_cat_000014.jpg,cat,train
data\processed\images_128\cat_04796_pixabay_cat_004439.jpg,cat,train
data\processed\images_128\dog_02215_pixabay_dog_001289.jpg,dog,train
data\processed\images_128\dog_03704_pixabay_dog_002923.jpg,dog,train
data\processed\images_128\dog_03031_pixabay_dog_002183.jpg,dog,train
data\processed\images_128\dog_00944_flickr_dog_001054.jpg,dog,train
data\processed\images_128\dog_03512_pixabay_dog_002709.jpg,dog,train
data\processed\images_128\cat_00539_flickr_cat_000607.jpg,cat,train
data\processed\images_128\dog_05073_pixabay_dog_002223.jpg,dog,train
data\processed\images_128\dog_00623_flickr_dog_000691.jpg,dog,train
data\processed\images_128\cat_02830_pixabay_cat_002299.jpg,cat,train
data\processed\images_128\dog_00895_flickr_dog_000995.jpg,dog,train
data\processed\images_128\cat_00330_flickr_cat_000375.jpg,cat,train
data\processed\images_128\cat_01394_pixabay_cat_000736.jpg,cat,train
data\processed\images_128\cat_03578_pixabay_cat_003111.jpg,cat,train
data\processed\images_128\dog_05082_pixabay_dog_002313.jpg,dog,train
data\processed\images_128\dog_00156_flickr_dog_000171.jpg,dog,train
data\processed\images_128\cat_03017_pixabay_cat_002504.jpg,cat,train
data\processed\images_128\dog_04843_flickr_dog_001038.jpg,dog,train
data\processed\images_128\cat_02878_pixabay_cat_002353.jpg,cat,train
data\processed\images_128\dog_01009_flickr_dog_001128.jpg,dog,train
data\processed\images_128\cat_00775_pixabay_cat_000050.jpg,cat,train
data\processed\images_128\cat_01779_pixabay_cat_001165.jpg,cat,train
data\processed\images_128\dog_01181_pixabay_dog_000130.jpg,dog,train
data\processed\images_128\dog_00452_flickr_dog_000497.jpg,dog,train
data\processed\images_128\dog_00164_flickr_dog_000181.jpg,dog,train
data\processed\images_128\dog_00172_flickr_dog_000189.jpg,dog,train
data\processed\images_128\dog_01531_pixabay_dog_000535.jpg,dog,train
data\processed\images_128\dog_01878_pixabay_dog_000919.jpg,dog,train
data\processed\images_128\dog_02438_pixabay_dog_001535.jpg,dog,train
data\processed\images_128\dog_00972_flickr_dog_001087.jpg,dog,train
data\processed\images_128\cat_04930_pixabay_cat_004587.jpg,cat,train
data\processed\images_128\cat_00729_flickr_cat_000820.jpg,cat,train
data\processed\images_128\cat_02572_pixabay_cat_002016.jpg,cat,train
data\processed\images_128\cat_04342_pixabay_cat_003948.jpg,cat,train
data\processed\images_128\cat_00108_flickr_cat_000118.jpg,cat,train
data\processed\images_128\dog_00834_flickr_dog_000929.jpg,dog,train
data\processed\images_128\dog_04018_pixabay_dog_003263.jpg,dog,train
data\processed\images_128\cat_03233_pixabay_cat_002735.jpg,cat,train
data\processed\images_128\dog_03779_pixabay_dog_003003.jpg,dog,train
data\processed\images_128\cat_02460_pixabay_cat_001895.jpg,cat,train
data\processed\images_128\cat_05489_pixabay_cat_002922.jpg,cat,train
data\processed\images_128\dog_00947_flickr_dog_001058.jpg,dog,train
data\processed\images_128\dog_05058_pixabay_dog_002066.jpg,dog,train
data\processed\images_128\dog_00417_flickr_dog_000457.jpg,dog,train
data\processed\images_128\cat_00196_flickr_cat_000222.jpg,cat,train
data\processed\images_128\dog_04487_pixabay_dog_003787.jpg,dog,train
data\processed\images_128\dog_04624_pixabay_dog_003929.jpg,dog,train
data\processed\images_128\cat_00184_flickr_cat_000209.jpg,cat,train
data\processed\images_128\dog_02764_pixabay_dog_001885.jpg,dog,train
data\processed\images_128\cat_03214_pixabay_cat_002715.jpg,cat,train
data\processed\images_128\cat_02642_pixabay_cat_002091.jpg,cat,train
data\processed\images_128\dog_00463_flickr_dog_000508.jpg,dog,train
data\processed\images_128\dog_04906_pixabay_dog_000454.jpg,dog,train
data\processed\images_128\dog_01901_pixabay_dog_000944.jpg,dog,train
data\processed\images_128\cat_01983_pixabay_cat_001387.jpg,cat,train
data\processed\images_128\cat_05001_pixabay_cat_004670.jpg,cat,train
data\processed\images_128\cat_01991_pixabay_cat_001396.jpg,cat,train
data\processed\images_128\cat_00495_flickr_cat_000556.jpg,cat,train
data\processed\images_128\dog_04774_flickr_dog_000425.jpg,dog,train
data\processed\images_128\dog_04927_pixabay_dog_000599.jpg,dog,train
data\processed\images_128\dog_02023_pixabay_dog_001077.jpg,dog,train
data\processed\images_128\cat_04974_pixabay_cat_004639.jpg,cat,train
data\processed\images_128\dog_00575_flickr_dog_000636.jpg,dog,train
data\processed\images_128\dog_04245_pixabay_dog_003519.jpg,dog,train
data\processed\images_128\cat_04471_pixabay_cat_004086.jpg,cat,train
data\processed\images_128\dog_00592_flickr_dog_000656.jpg,dog,train
data\processed\images_128\cat_00304_flickr_cat_000345.jpg,cat,train
data\processed\images_128\cat_04717_pixabay_cat_004353.jpg,cat,train
data\processed\images_128\cat_04474_pixabay_cat_004089.jpg,cat,train
data\processed\images_128\dog_02896_pixabay_dog_002032.jpg,dog,train
data\processed\images_128\cat_02174_pixabay_cat_001590.jpg,cat,train
data\processed\images_128\dog_00583_flickr_dog_000646.jpg,dog,train
data\processed\images_128\cat_02011_pixabay_cat_001417.jpg,cat,train
data\processed\images_128\cat_01618_pixabay_cat_000987.jpg,cat,train
data\processed\images_128\dog_03481_pixabay_dog_002675.jpg,dog,train
data\processed\images_128\dog_03334_pixabay_dog_002512.jpg,dog,train
data\processed\images_128\dog_02669_pixabay_dog_001782.jpg,dog,train
data\processed\images_128\cat_00565_flickr_cat_000640.jpg,cat,train
data\processed\images_128\cat_00191_flickr_cat_000217.jpg,cat,train
data\processed\images_128\cat_01743_pixabay_cat_001127.jpg,cat,train
data\processed\images_128\cat_05235_flickr_cat_000759.jpg,cat,train
data\processed\images_128\dog_01365_pixabay_dog_000340.jpg,dog,train
data\processed\images_128\cat_05217_flickr_cat_000592.jpg,cat,train
data\processed\images_128\cat_04239_pixabay_cat_003834.jpg,cat,train
data\processed\images_128\cat_03311_pixabay_cat_002818.jpg,cat,train
data\processed\images_128\cat_04368_pixabay_cat_003975.jpg,cat,train
data\processed\images_128\dog_03857_pixabay_dog_003085.jpg,dog,train
data\processed\images_128\cat_01346_pixabay_cat_000683.jpg,cat,train
data\processed\images_128\dog_02520_pixabay_dog_001625.jpg,dog,train
data\processed\images_128\dog_03375_pixabay_dog_002559.jpg,dog,train
data\processed\images_128\dog_04035_pixabay_dog_003281.jpg,dog,train
data\processed\images_128\dog_04467_pixabay_dog_003763.jpg,dog,train
data\processed\images_128\dog_04652_pixabay_dog_003961.jpg,dog,train
data\processed\images_128\cat_04649_pixabay_cat_004279.jpg,cat,train
data\processed\images_128\cat_00488_flickr_cat_000548.jpg,cat,train
data\processed\images_128\cat_03444_pixabay_cat_002965.jpg,cat,train
data\processed\images_128\cat_02147_pixabay_cat_001563.jpg,cat,train
data\processed\images_128\cat_05637_pixabay_cat_004655.jpg,cat,train
data\processed\images_128\cat_05342_pixabay_cat_000990.jpg,cat,train
data\processed\images_128\cat_04026_pixabay_cat_003600.jpg,cat,train
data\processed\images_128\cat_01557_pixabay_cat_000922.jpg,cat,train
data\processed\images_128\cat_00394_flickr_cat_000445.jpg,cat,train
data\processed\images_128\cat_02523_pixabay_cat_001961.jpg,cat,train
data\processed\images_128\cat_01342_pixabay_cat_000679.jpg,cat,train
data\processed\images_128\cat_01964_pixabay_cat_001364.jpg,cat,train
data\processed\images_128\cat_03998_pixabay_cat_003569.jpg,cat,train
data\processed\images_128\cat_01681_pixabay_cat_001058.jpg,cat,train
data\processed\images_128\cat_03716_pixabay_cat_003263.jpg,cat,train
data\processed\images_128\cat_03407_pixabay_cat_002926.jpg,cat,train
data\processed\images_128\cat_04983_pixabay_cat_004648.jpg,cat,train
data\processed\images_128\dog_00658_flickr_dog_000732.jpg,dog,train
data\processed\images_128\dog_02585_pixabay_dog_001695.jpg,dog,train
data\processed\images_128\cat_01580_pixabay_cat_000947.jpg,cat,train
data\processed\images_128\cat_02824_pixabay_cat_002292.jpg,cat,train
data\processed\images_128\cat_02773_pixabay_cat_002237.jpg,cat,train
data\processed\images_128\dog_04804_flickr_dog_000687.jpg,dog,train
data\processed\images_128\dog_01175_pixabay_dog_000124.jpg,dog,train
data\processed\images_128\cat_03196_pixabay_cat_002693.jpg,cat,train
data\processed\images_128\dog_04842_flickr_dog_001021.jpg,dog,train
data\processed\images_128\dog_04504_pixabay_dog_003804.jpg,dog,train
data\processed\images_128\cat_03565_pixabay_cat_003098.jpg,cat,train
data\processed\images_128\dog_01203_pixabay_dog_000155.jpg,dog,train
data\processed\images_128\dog_01285_pixabay_dog_000247.jpg,dog,train
data\processed\images_128\cat_01571_pixabay_cat_000938.jpg,cat,train
data\processed\images_128\dog_03215_pixabay_dog_002385.jpg,dog,train
data\processed\images_128\dog_04336_pixabay_dog_003618.jpg,dog,train
data\processed\images_128\cat_05492_pixabay_cat_002973.jpg,cat,train
data\processed\images_128\dog_05083_pixabay_dog_002317.jpg,dog,train
data\processed\images_128\dog_01025_flickr_dog_001144.jpg,dog,train
data\processed\images_128\cat_04052_pixabay_cat_003629.jpg,cat,train
data\processed\images_128\cat_04578_pixabay_cat_004204.jpg,cat,train
data\processed\images_128\dog_02810_pixabay_dog_001939.jpg,dog,train
data\processed\images_128\cat_03023_pixabay_cat_002511.jpg,cat,train
data\processed\images_128\cat_02931_pixabay_cat_002408.jpg,cat,train
data\processed\images_128\dog_04555_pixabay_dog_003855.jpg,dog,train
data\processed\images_128\cat_03642_pixabay_cat_003180.jpg,cat,train
data\processed\images_128\cat_04440_pixabay_cat_004054.jpg,cat,train
data\processed\images_128\dog_03694_pixabay_dog_002913.jpg,dog,train
data\processed\images_128\dog_01350_pixabay_dog_000320.jpg,dog,train
data\processed\images_128\dog_01730_pixabay_dog_000755.jpg,dog,train
data\processed\images_128\cat_00903_pixabay_cat_000194.jpg,cat,train
data\processed\images_128\cat_00999_pixabay_cat_000297.jpg,cat,train
data\processed\images_128\cat_01424_pixabay_cat_000771.jpg,cat,train
data\processed\images_128\cat_01530_pixabay_cat_000894.jpg,cat,train
data\processed\images_128\cat_05619_pixabay_cat_004510.jpg,cat,train
data\processed\images_128\dog_01843_pixabay_dog_000881.jpg,dog,train
data\processed\images_128\cat_02829_pixabay_cat_002297.jpg,cat,train
data\processed\images_128\cat_05339_pixabay_cat_000980.jpg,cat,train
data\processed\images_128\cat_04806_pixabay_cat_004449.jpg,cat,train
data\processed\images_128\cat_04280_pixabay_cat_003879.jpg,cat,train
data\processed\images_128\cat_01563_pixabay_cat_000928.jpg,cat,train
data\processed\images_128\cat_02029_pixabay_cat_001435.jpg,cat,train
data\processed\images_128\dog_05157_pixabay_dog_003192.jpg,dog,train
data\processed\images_128\cat_04089_pixabay_cat_003666.jpg,cat,train
data\processed\images_128\cat_02025_pixabay_cat_001431.jpg,cat,train
data\processed\images_128\cat_03717_pixabay_cat_003264.jpg,cat,train
data\processed\images_128\cat_04267_pixabay_cat_003864.jpg,cat,train
data\processed\images_128\dog_01423_pixabay_dog_000405.jpg,dog,train
data\processed\images_128\cat_05507_pixabay_cat_003150.jpg,cat,train
data\processed\images_128\cat_03574_pixabay_cat_003107.jpg,cat,train
data\processed\images_128\cat_02356_pixabay_cat_001788.jpg,cat,train
data\processed\images_128\dog_01193_pixabay_dog_000144.jpg,dog,train
data\processed\images_128\cat_05332_pixabay_cat_000889.jpg,cat,train
data\processed\images_128\dog_01825_pixabay_dog_000862.jpg,dog,train
data\processed\images_128\cat_02465_pixabay_cat_001900.jpg,cat,train
data\processed\images_128\cat_01999_pixabay_cat_001404.jpg,cat,train
data\processed\images_128\dog_04350_pixabay_dog_003632.jpg,dog,train
data\processed\images_128\dog_02512_pixabay_dog_001617.jpg,dog,train
data\processed\images_128\dog_03169_pixabay_dog_002336.jpg,dog,train
data\processed\images_128\dog_04994_pixabay_dog_001296.jpg,dog,train
data\processed\images_128\dog_04602_pixabay_dog_003905.jpg,dog,train
data\processed\images_128\dog_04636_pixabay_dog_003944.jpg,dog,train
data\processed\images_128\cat_03818_pixabay_cat_003372.jpg,cat,train
data\processed\images_128\cat_02106_pixabay_cat_001520.jpg,cat,train
data\processed\images_128\dog_01323_pixabay_dog_000289.jpg,dog,train
data\processed\images_128\dog_01577_pixabay_dog_000585.jpg,dog,train
data\processed\images_128\dog_04498_pixabay_dog_003798.jpg,dog,train
data\processed\images_128\dog_03283_pixabay_dog_002460.jpg,dog,train
data\processed\images_128\dog_03760_pixabay_dog_002984.jpg,dog,train
data\processed\images_128\dog_04526_pixabay_dog_003826.jpg,dog,train
data\processed\images_128\cat_02951_pixabay_cat_002429.jpg,cat,train
data\processed\images_128\cat_00195_flickr_cat_000221.jpg,cat,train
data\processed\images_128\dog_02655_pixabay_dog_001768.jpg,dog,train
data\processed\images_128\dog_01484_pixabay_dog_000475.jpg,dog,train
data\processed\images_128\cat_03402_pixabay_cat_002920.jpg,cat,train
data\processed\images_128\dog_00279_flickr_dog_000309.jpg,dog,train
data\processed\images_128\cat_05442_pixabay_cat_002316.jpg,cat,train
data\processed\images_128\dog_03776_pixabay_dog_003000.jpg,dog,train
data\processed\images_128\dog_03786_pixabay_dog_003012.jpg,dog,train
data\processed\images_128\dog_03231_pixabay_dog_002403.jpg,dog,train
data\processed\images_128\dog_00147_flickr_dog_000162.jpg,dog,train
data\processed\images_128\cat_00214_flickr_cat_000246.jpg,cat,train
data\processed\images_128\cat_04167_pixabay_cat_003757.jpg,cat,train
data\processed\images_128\dog_02029_pixabay_dog_001087.jpg,dog,train
data\processed\images_128\cat_04329_pixabay_cat_003935.jpg,cat,train
data\processed\images_128\dog_00442_flickr_dog_000484.jpg,dog,train
data\processed\images_128\cat_01605_pixabay_cat_000973.jpg,cat,train
data\processed\images_128\dog_00250_flickr_dog_000279.jpg,dog,train
data\processed\images_128\dog_02548_pixabay_dog_001656.jpg,dog,train
data\processed\images_128\cat_02300_pixabay_cat_001731.jpg,cat,train
data\processed\images_128\cat_01771_pixabay_cat_001157.jpg,cat,train
data\processed\images_128\cat_02253_pixabay_cat_001678.jpg,cat,train
data\processed\images_128\dog_01961_pixabay_dog_001007.jpg,dog,train
data\processed\images_128\dog_03426_pixabay_dog_002615.jpg,dog,train
data\processed\images_128\cat_03758_pixabay_cat_003305.jpg,cat,train
data\processed\images_128\cat_04177_pixabay_cat_003767.jpg,cat,train
data\processed\images_128\cat_02826_pixabay_cat_002294.jpg,cat,train
data\processed\images_128\cat_01780_pixabay_cat_001166.jpg,cat,train
data\processed\images_128\cat_03394_pixabay_cat_002912.jpg,cat,train
data\processed\images_128\dog_04599_pixabay_dog_003902.jpg,dog,train
data\processed\images_128\cat_00350_flickr_cat_000397.jpg,cat,train
data\processed\images_128\dog_04126_pixabay_dog_003386.jpg,dog,train
data\processed\images_128\dog_00974_flickr_dog_001089.jpg,dog,train
data\processed\images_128\cat_00530_flickr_cat_000597.jpg,cat,train
data\processed\images_128\cat_05476_pixabay_cat_002798.jpg,cat,train
data\processed\images_128\cat_02705_pixabay_cat_002163.jpg,cat,train
data\processed\images_128\cat_00552_flickr_cat_000623.jpg,cat,train
data\processed\images_128\cat_04275_pixabay_cat_003872.jpg,cat,train
data\processed\images_128\cat_00895_pixabay_cat_000185.jpg,cat,train
data\processed\images_128\dog_01445_pixabay_dog_000429.jpg,dog,train
data\processed\images_128\cat_01577_pixabay_cat_000944.jpg,cat,train
data\processed\images_128\dog_01017_flickr_dog_001136.jpg,dog,train
data\processed\images_128\dog_01336_pixabay_dog_000304.jpg,dog,train
data\processed\images_128\cat_02021_pixabay_cat_001427.jpg,cat,train
data\processed\images_128\cat_02017_pixabay_cat_001423.jpg,cat,train
data\processed\images_128\cat_04080_pixabay_cat_003657.jpg,cat,train
data\processed\images_128\cat_02977_pixabay_cat_002459.jpg,cat,train
data\processed\images_128\cat_05081_pixabay_cat_004752.jpg,cat,train
data\processed\images_128\cat_00969_pixabay_cat_000264.jpg,cat,train
data\processed\images_128\cat_02666_pixabay_cat_002115.jpg,cat,train
data\processed\images_128\dog_01896_pixabay_dog_000938.jpg,dog,train
data\processed\images_128\cat_04642_pixabay_cat_004272.jpg,cat,train
data\processed\images_128\cat_05614_pixabay_cat_004461.jpg,cat,train
data\processed\images_128\dog_02531_pixabay_dog_001636.jpg,dog,train
data\processed\images_128\cat_05192_flickr_cat_000350.jpg,cat,train
data\processed\images_128\cat_04968_pixabay_cat_004631.jpg,cat,train
data\processed\images_128\dog_02414_pixabay_dog_001508.jpg,dog,train
data\processed\images_128\cat_02243_pixabay_cat_001667.jpg,cat,train
data\processed\images_128\cat_04528_pixabay_cat_004147.jpg,cat,train
data\processed\images_128\dog_03793_pixabay_dog_003019.jpg,dog,train
data\processed\images_128\dog_00305_flickr_dog_000339.jpg,dog,train
data\processed\images_128\cat_05348_pixabay_cat_001080.jpg,cat,train
data\processed\images_128\dog_02538_pixabay_dog_001643.jpg,dog,train
data\processed\images_128\cat_04027_pixabay_cat_003601.jpg,cat,train
data\processed\images_128\cat_01565_pixabay_cat_000931.jpg,cat,train
data\processed\images_128\dog_00668_flickr_dog_000743.jpg,dog,train
data\processed\images_128\cat_03667_pixabay_cat_003209.jpg,cat,train
data\processed\images_128\cat_01809_pixabay_cat_001198.jpg,cat,train
data\processed\images_128\cat_01645_pixabay_cat_001019.jpg,cat,train
data\processed\images_128\dog_03623_pixabay_dog_002832.jpg,dog,train
data\processed\images_128\cat_03286_pixabay_cat_002791.jpg,cat,train
data\processed\images_128\dog_04341_pixabay_dog_003623.jpg,dog,train
data\processed\images_128\cat_04169_pixabay_cat_003759.jpg,cat,train
data\processed\images_128\cat_05238_flickr_cat_000769.jpg,cat,train
data\processed\images_128\dog_00495_flickr_dog_000542.jpg,dog,train
data\processed\images_128\dog_04592_pixabay_dog_003895.jpg,dog,train
data\processed\images_128\dog_00306_flickr_dog_000340.jpg,dog,train
data\processed\images_128\dog_04775_flickr_dog_000452.jpg,dog,train
data\processed\images_128\dog_02202_pixabay_dog_001276.jpg,dog,train
data\processed\images_128\cat_01481_pixabay_cat_000835.jpg,cat,train
data\processed\images_128\dog_01298_pixabay_dog_000260.jpg,dog,train
data\processed\images_128\cat_03276_pixabay_cat_002781.jpg,cat,train
data\processed\images_128\dog_01362_pixabay_dog_000336.jpg,dog,train
data\processed\images_128\cat_02722_pixabay_cat_002180.jpg,cat,train
data\processed\images_128\cat_02901_pixabay_cat_002376.jpg,cat,train
data\processed\images_128\dog_02689_pixabay_dog_001804.jpg,dog,train
data\processed\images_128\cat_04953_pixabay_cat_004614.jpg,cat,train
data\processed\images_128\dog_05129_pixabay_dog_002841.jpg,dog,train
data\processed\images_128\cat_00211_flickr_cat_000243.jpg,cat,train
data\processed\images_128\dog_02155_pixabay_dog_001225.jpg,dog,train
data\processed\images_128\dog_00025_flickr_dog_000027.jpg,dog,train
data\processed\images_128\cat_02379_pixabay_cat_001812.jpg,cat,train
data\processed\images_128\dog_03363_pixabay_dog_002545.jpg,dog,train
data\processed\images_128\dog_00907_flickr_dog_001011.jpg,dog,train
data\processed\images_128\dog_00271_flickr_dog_000301.jpg,dog,train
data\processed\images_128\cat_01441_pixabay_cat_000788.jpg,cat,train
data\processed\images_128\cat_01764_pixabay_cat_001150.jpg,cat,train
data\processed\images_128\cat_00534_flickr_cat_000602.jpg,cat,train
data\processed\images_128\cat_03821_pixabay_cat_003375.jpg,cat,train
data\processed\images_128\dog_03782_pixabay_dog_003006.jpg,dog,train
data\processed\images_128\dog_05217_pixabay_dog_003775.jpg,dog,train
data\processed\images_128\dog_03497_pixabay_dog_002692.jpg,dog,train
data\processed\images_128\cat_01707_pixabay_cat_001087.jpg,cat,train
data\processed\images_128\cat_05051_pixabay_cat_004722.jpg,cat,train
data\processed\images_128\cat_03272_pixabay_cat_002777.jpg,cat,train
data\processed\images_128\cat_04608_pixabay_cat_004236.jpg,cat,train
data\processed\images_128\dog_03203_pixabay_dog_002372.jpg,dog,train
data\processed\images_128\dog_01069_pixabay_dog_000008.jpg,dog,train
data\processed\images_128\dog_01238_pixabay_dog_000194.jpg,dog,train
data\processed\images_128\cat_03798_pixabay_cat_003347.jpg,cat,train
data\processed\images_128\cat_03746_pixabay_cat_003293.jpg,cat,train
data\processed\images_128\cat_04332_pixabay_cat_003938.jpg,cat,train
data\processed\images_128\dog_00739_flickr_dog_000825.jpg,dog,train
data\processed\images_128\cat_05133_pixabay_cat_004812.jpg,cat,train
data\processed\images_128\dog_01134_pixabay_dog_000079.jpg,dog,train
data\processed\images_128\cat_03412_pixabay_cat_002933.jpg,cat,train
data\processed\images_128\cat_00281_flickr_cat_000321.jpg,cat,train
data\processed\images_128\cat_01693_pixabay_cat_001070.jpg,cat,train
data\processed\images_128\dog_05134_pixabay_dog_002895.jpg,dog,train
data\processed\images_128\cat_05381_pixabay_cat_001464.jpg,cat,train
data\processed\images_128\dog_03618_pixabay_dog_002826.jpg,dog,train
data\processed\images_128\cat_00657_flickr_cat_000738.jpg,cat,train
data\processed\images_128\dog_03626_pixabay_dog_002835.jpg,dog,train
data\processed\images_128\cat_02035_pixabay_cat_001442.jpg,cat,train
data\processed\images_128\cat_04727_pixabay_cat_004364.jpg,cat,train
data\processed\images_128\cat_02991_pixabay_cat_002477.jpg,cat,train
data\processed\images_128\cat_04043_pixabay_cat_003620.jpg,cat,train
data\processed\images_128\cat_00358_flickr_cat_000405.jpg,cat,train
data\processed\images_128\dog_02967_pixabay_dog_002108.jpg,dog,train
data\processed\images_128\cat_05240_flickr_cat_000814.jpg,cat,train
data\processed\images_128\cat_05491_pixabay_cat_002928.jpg,cat,train
data\processed\images_128\cat_03012_pixabay_cat_002499.jpg,cat,train
data\processed\images_128\cat_01098_pixabay_cat_000409.jpg,cat,train
data\processed\images_128\dog_02742_pixabay_dog_001862.jpg,dog,train
data\processed\images_128\dog_01006_flickr_dog_001125.jpg,dog,train
data\processed\images_128\dog_04057_pixabay_dog_003304.jpg,dog,train
data\processed\images_128\dog_01490_pixabay_dog_000483.jpg,dog,train
data\processed\images_128\cat_04668_pixabay_cat_004299.jpg,cat,train
data\processed\images_128\cat_00995_pixabay_cat_000292.jpg,cat,train
data\processed\images_128\cat_02544_pixabay_cat_001983.jpg,cat,train
data\processed\images_128\cat_03615_pixabay_cat_003152.jpg,cat,train
data\processed\images_128\dog_01337_pixabay_dog_000305.jpg,dog,train
data\processed\images_128\dog_01268_pixabay_dog_000226.jpg,dog,train
data\processed\images_128\dog_04031_pixabay_dog_003277.jpg,dog,train
data\processed\images_128\cat_01908_pixabay_cat_001303.jpg,cat,train
data\processed\images_128\dog_00094_flickr_dog_000103.jpg,dog,train
data\processed\images_128\dog_04976_pixabay_dog_001085.jpg,dog,train
data\processed\images_128\cat_03055_pixabay_cat_002544.jpg,cat,train
data\processed\images_128\dog_01767_pixabay_dog_000797.jpg,dog,train
data\processed\images_128\cat_00874_pixabay_cat_000160.jpg,cat,train
data\processed\images_128\dog_04521_pixabay_dog_003821.jpg,dog,train
data\processed\images_128\dog_03952_pixabay_dog_003189.jpg,dog,train
data\processed\images_128\cat_02314_pixabay_cat_001745.jpg,cat,train
data\processed\images_128\cat_02043_pixabay_cat_001450.jpg,cat,train
data\processed\images_128\cat_04570_pixabay_cat_004196.jpg,cat,train
data\processed\images_128\dog_05155_pixabay_dog_003185.jpg,dog,train
data\processed\images_128\dog_02838_pixabay_dog_001969.jpg,dog,train
data\processed\images_128\cat_02582_pixabay_cat_002026.jpg,cat,train
data\processed\images_128\cat_03512_pixabay_cat_003042.jpg,cat,train
data\processed\images_128\cat_02209_pixabay_cat_001628.jpg,cat,train
data\processed\images_128\cat_04914_pixabay_cat_004569.jpg,cat,train
data\processed\images_128\cat_03099_pixabay_cat_002591.jpg,cat,train
data\processed\images_128\cat_02381_pixabay_cat_001814.jpg,cat,train
data\processed\images_128\dog_03679_pixabay_dog_002894.jpg,dog,train
data\processed\images_128\dog_00888_flickr_dog_000988.jpg,dog,train
data\processed\images_128\cat_03909_pixabay_cat_003470.jpg,cat,train
data\processed\images_128\cat_03903_pixabay_cat_003463.jpg,cat,train
data\processed\images_128\dog_01393_pixabay_dog_000371.jpg,dog,train
data\processed\images_128\cat_03952_pixabay_cat_003518.jpg,cat,train
data\processed\images_128\dog_04381_pixabay_dog_003665.jpg,dog,train
data\processed\images_128\dog_03012_pixabay_dog_002163.jpg,dog,train
data\processed\images_128\dog_04757_flickr_dog_000212.jpg,dog,train
data\processed\images_128\cat_02546_pixabay_cat_001986.jpg,cat,train
data\processed\images_128\cat_04337_pixabay_cat_003943.jpg,cat,train
data\processed\images_128\dog_03150_pixabay_dog_002314.jpg,dog,train
data\processed\images_128\cat_05495_pixabay_cat_002990.jpg,cat,train
data\processed\images_128\cat_04505_pixabay_cat_004123.jpg,cat,train
data\processed\images_128\cat_04941_pixabay_cat_004600.jpg,cat,train
data\processed\images_128\dog_04795_flickr_dog_000625.jpg,dog,train
data\processed\images_128\cat_00586_flickr_cat_000663.jpg,cat,train
data\processed\images_128\dog_02756_pixabay_dog_001876.jpg,dog,train
data\processed\images_128\cat_01929_pixabay_cat_001326.jpg,cat,train
data\processed\images_128\cat_03918_pixabay_cat_003480.jpg,cat,train
data\processed\images_128\dog_02420_pixabay_dog_001514.jpg,dog,train
data\processed\images_128\cat_04508_pixabay_cat_004126.jpg,cat,train
data\processed\images_128\cat_00001_flickr_cat_000003.jpg,cat,train
data\processed\images_128\cat_03535_pixabay_cat_003067.jpg,cat,train
data\processed\images_128\cat_00374_flickr_cat_000423.jpg,cat,train
data\processed\images_128\cat_02297_pixabay_cat_001726.jpg,cat,train
data\processed\images_128\cat_02922_pixabay_cat_002399.jpg,cat,train
data\processed\images_128\cat_04704_pixabay_cat_004339.jpg,cat,train
data\processed\images_128\cat_04049_pixabay_cat_003626.jpg,cat,train
data\processed\images_128\cat_02861_pixabay_cat_002333.jpg,cat,train
data\processed\images_128\cat_03344_pixabay_cat_002854.jpg,cat,train
data\processed\images_128\dog_01784_pixabay_dog_000815.jpg,dog,train
data\processed\images_128\dog_03728_pixabay_dog_002948.jpg,dog,train
data\processed\images_128\cat_00919_pixabay_cat_000211.jpg,cat,train
data\processed\images_128\dog_03797_pixabay_dog_003023.jpg,dog,train
data\processed\images_128\dog_00053_flickr_dog_000058.jpg,dog,train
data\processed\images_128\dog_04858_pixabay_dog_000009.jpg,dog,train
data\processed\images_128\cat_02610_pixabay_cat_002055.jpg,cat,train
data\processed\images_128\dog_02920_pixabay_dog_002059.jpg,dog,train
data\processed\images_128\dog_00120_flickr_dog_000132.jpg,dog,train
data\processed\images_128\cat_01599_pixabay_cat_000966.jpg,cat,train
data\processed\images_128\cat_01674_pixabay_cat_001050.jpg,cat,train
data\processed\images_128\dog_00808_flickr_dog_000902.jpg,dog,train
data\processed\images_128\cat_04925_pixabay_cat_004580.jpg,cat,train
data\processed\images_128\dog_01382_pixabay_dog_000360.jpg,dog,train
data\processed\images_128\dog_00869_flickr_dog_000968.jpg,dog,train
data\processed\images_128\cat_04444_pixabay_cat_004058.jpg,cat,train
data\processed\images_128\dog_02848_pixabay_dog_001981.jpg,dog,train
data\processed\images_128\dog_00198_flickr_dog_000221.jpg,dog,train
data\processed\images_128\dog_00985_flickr_dog_001102.jpg,dog,train
data\processed\images_128\dog_04874_pixabay_dog_000186.jpg,dog,train
data\processed\images_128\dog_01597_pixabay_dog_000608.jpg,dog,train
data\processed\images_128\cat_04458_pixabay_cat_004073.jpg,cat,train
data\processed\images_128\cat_00453_flickr_cat_000506.jpg,cat,train
data\processed\images_128\dog_03270_pixabay_dog_002445.jpg,dog,train
data\processed\images_128\cat_04069_pixabay_cat_003646.jpg,cat,train
data\processed\images_128\cat_01951_pixabay_cat_001350.jpg,cat,train
data\processed\images_128\dog_01289_pixabay_dog_000251.jpg,dog,train
data\processed\images_128\cat_03404_pixabay_cat_002923.jpg,cat,train
data\processed\images_128\dog_02329_pixabay_dog_001416.jpg,dog,train
data\processed\images_128\cat_01061_pixabay_cat_000368.jpg,cat,train
data\processed\images_128\dog_03429_pixabay_dog_002619.jpg,dog,train
data\processed\images_128\cat_02909_pixabay_cat_002385.jpg,cat,train
data\processed\images_128\dog_00843_flickr_dog_000939.jpg,dog,train
data\processed\images_128\cat_04296_pixabay_cat_003897.jpg,cat,train
data\processed\images_128\cat_02790_pixabay_cat_002255.jpg,cat,train
data\processed\images_128\dog_04869_pixabay_dog_000140.jpg,dog,train
data\processed\images_128\dog_03008_pixabay_dog_002159.jpg,dog,train
data\processed\images_128\dog_04466_pixabay_dog_003762.jpg,dog,train
data\processed\images_128\cat_00014_flickr_cat_000019.jpg,cat,train
data\processed\images_128\cat_00451_flickr_cat_000504.jpg,cat,train
data\processed\images_128\dog_05121_pixabay_dog_002782.jpg,dog,train
data\processed\images_128\cat_05207_flickr_cat_000529.jpg,cat,train
data\processed\images_128\cat_01109_pixabay_cat_000421.jpg,cat,train
data\processed\images_128\dog_02750_pixabay_dog_001870.jpg,dog,train
data\processed\images_128\cat_05628_pixabay_cat_004595.jpg,cat,train
data\processed\images_128\dog_03049_pixabay_dog_002203.jpg,dog,train
data\processed\images_128\dog_02982_pixabay_dog_002127.jpg,dog,train
data\processed\images_128\dog_03289_pixabay_dog_002466.jpg,dog,train
data\processed\images_128\dog_02222_pixabay_dog_001298.jpg,dog,train
data\processed\images_128\cat_02157_pixabay_cat_001573.jpg,cat,train
data\processed\images_128\dog_03643_pixabay_dog_002855.jpg,dog,train
data\processed\images_128\cat_01805_pixabay_cat_001192.jpg,cat,train
data\processed\images_128\cat_02940_pixabay_cat_002418.jpg,cat,train
data\processed\images_128\dog_04730_pixabay_dog_004048.jpg,dog,train
data\processed\images_128\dog_00718_flickr_dog_000800.jpg,dog,train
data\processed\images_128\dog_05207_pixabay_dog_003709.jpg,dog,train
data\processed\images_128\dog_03308_pixabay_dog_002485.jpg,dog,train
data\processed\images_128\dog_01399_pixabay_dog_000378.jpg,dog,train
data\processed\images_128\cat_02081_pixabay_cat_001494.jpg,cat,train
data\processed\images_128\cat_03925_pixabay_cat_003489.jpg,cat,train
data\processed\images_128\dog_00030_flickr_dog_000032.jpg,dog,train
data\processed\images_128\cat_00793_pixabay_cat_000069.jpg,cat,train
data\processed\images_128\dog_00673_flickr_dog_000748.jpg,dog,train
data\processed\images_128\cat_04379_pixabay_cat_003988.jpg,cat,train
data\processed\images_128\cat_05420_pixabay_cat_002117.jpg,cat,train
data\processed\images_128\cat_01801_pixabay_cat_001188.jpg,cat,train
data\processed\images_128\dog_04178_pixabay_dog_003442.jpg,dog,train
data\processed\images_128\dog_00969_flickr_dog_001083.jpg,dog,train
data\processed\images_128\dog_02163_pixabay_dog_001235.jpg,dog,train
data\processed\images_128\cat_05127_pixabay_cat_004805.jpg,cat,train
data\processed\images_128\dog_02226_pixabay_dog_001302.jpg,dog,train
data\processed\images_128\dog_01849_pixabay_dog_000887.jpg,dog,train
data\processed\images_128\cat_00528_flickr_cat_000595.jpg,cat,train
data\processed\images_128\cat_04624_pixabay_cat_004253.jpg,cat,train
data\processed\images_128\cat_03079_pixabay_cat_002570.jpg,cat,train
data\processed\images_128\cat_00484_flickr_cat_000544.jpg,cat,train
data\processed\images_128\dog_04713_pixabay_dog_004031.jpg,dog,train
data\processed\images_128\dog_04093_pixabay_dog_003346.jpg,dog,train
data\processed\images_128\cat_02175_pixabay_cat_001591.jpg,cat,train
data\processed\images_128\dog_04809_flickr_dog_000717.jpg,dog,train
data\processed\images_128\cat_05611_pixabay_cat_004421.jpg,cat,train
data\processed\images_128\dog_02983_pixabay_dog_002128.jpg,dog,train
data\processed\images_128\cat_04265_pixabay_cat_003862.jpg,cat,train
data\processed\images_128\dog_00760_flickr_dog_000851.jpg,dog,train
data\processed\images_128\dog_05196_pixabay_dog_003539.jpg,dog,train
data\processed\images_128\cat_02809_pixabay_cat_002277.jpg,cat,train
data\processed\images_128\cat_00566_flickr_cat_000641.jpg,cat,train
data\processed\images_128\dog_02496_pixabay_dog_001600.jpg,dog,train
data\processed\images_128\dog_00916_flickr_dog_001022.jpg,dog,train
data\processed\images_128\cat_03647_pixabay_cat_003185.jpg,cat,train
data\processed\images_128\cat_03649_pixabay_cat_003188.jpg,cat,train
data\processed\images_128\cat_01544_pixabay_cat_000909.jpg,cat,train
data\processed\images_128\dog_03204_pixabay_dog_002373.jpg,dog,train
data\processed\images_128\cat_02677_pixabay_cat_002128.jpg,cat,train
data\processed\images_128\dog_01438_pixabay_dog_000422.jpg,dog,train
data\processed\images_128\cat_03385_pixabay_cat_002902.jpg,cat,train
data\processed\images_128\cat_02770_pixabay_cat_002234.jpg,cat,train
data\processed\images_128\dog_03320_pixabay_dog_002498.jpg,dog,train
data\processed\images_128\cat_02798_pixabay_cat_002264.jpg,cat,train
data\processed\images_128\dog_03048_pixabay_dog_002202.jpg,dog,train
data\processed\images_128\cat_02488_pixabay_cat_001924.jpg,cat,train
data\processed\images_128\dog_02309_pixabay_dog_001396.jpg,dog,train
data\processed\images_128\dog_01031_flickr_dog_001150.jpg,dog,train
data\processed\images_128\cat_04725_pixabay_cat_004362.jpg,cat,train
data\processed\images_128\cat_02479_pixabay_cat_001914.jpg,cat,train
data\processed\images_128\dog_01741_pixabay_dog_000767.jpg,dog,train
data\processed\images_128\dog_05094_pixabay_dog_002447.jpg,dog,train
data\processed\images_128\dog_04722_pixabay_dog_004040.jpg,dog,train
data\processed\images_128\cat_03362_pixabay_cat_002877.jpg,cat,train
data\processed\images_128\cat_03231_pixabay_cat_002733.jpg,cat,train
data\processed\images_128\dog_00086_flickr_dog_000095.jpg,dog,train
data\processed\images_128\dog_02841_pixabay_dog_001973.jpg,dog,train
data\processed\images_128\cat_03760_pixabay_cat_003307.jpg,cat,train
data\processed\images_128\cat_05148_pixabay_cat_004829.jpg,cat,train
data\processed\images_128\cat_00319_flickr_cat_000362.jpg,cat,train
data\processed\images_128\cat_02852_pixabay_cat_002324.jpg,cat,train
data\processed\images_128\cat_05536_pixabay_cat_003512.jpg,cat,train
data\processed\images_128\cat_02849_pixabay_cat_002321.jpg,cat,train
data\processed\images_128\cat_05146_pixabay_cat_004827.jpg,cat,train
data\processed\images_128\cat_00580_flickr_cat_000657.jpg,cat,train
data\processed\images_128\cat_02733_pixabay_cat_002192.jpg,cat,train
data\processed\images_128\dog_03946_pixabay_dog_003182.jpg,dog,train
data\processed\images_128\cat_00469_flickr_cat_000524.jpg,cat,train
data\processed\images_128\dog_02509_pixabay_dog_001614.jpg,dog,train
data\processed\images_128\dog_03812_pixabay_dog_003038.jpg,dog,train
data\processed\images_128\dog_04812_flickr_dog_000757.jpg,dog,train
data\processed\images_128\cat_02423_pixabay_cat_001856.jpg,cat,train
data\processed\images_128\dog_04111_pixabay_dog_003367.jpg,dog,train
data\processed\images_128\dog_01046_flickr_dog_001165.jpg,dog,train
data\processed\images_128\dog_00269_flickr_dog_000299.jpg,dog,train
data\processed\images_128\dog_02144_pixabay_dog_001214.jpg,dog,train
data\processed\images_128\dog_03744_pixabay_dog_002967.jpg,dog,train
data\processed\images_128\dog_02341_pixabay_dog_001428.jpg,dog,train
data\processed\images_128\dog_03757_pixabay_dog_002981.jpg,dog,train
data\processed\images_128\cat_05635_pixabay_cat_004636.jpg,cat,train
data\processed\images_128\dog_03191_pixabay_dog_002358.jpg,dog,train
data\processed\images_128\dog_02771_pixabay_dog_001892.jpg,dog,train
data\processed\images_128\cat_04470_pixabay_cat_004085.jpg,cat,train
data\processed\images_128\dog_00758_flickr_dog_000848.jpg,dog,train
data\processed\images_128\dog_00781_flickr_dog_000874.jpg,dog,train
data\processed\images_128\cat_03980_pixabay_cat_003548.jpg,cat,train
data\processed\images_128\dog_02302_pixabay_dog_001389.jpg,dog,train
data\processed\images_128\dog_02208_pixabay_dog_001282.jpg,dog,train
data\processed\images_128\cat_04839_pixabay_cat_004486.jpg,cat,train
data\processed\images_128\dog_00450_flickr_dog_000494.jpg,dog,train
data\processed\images_128\cat_03542_pixabay_cat_003074.jpg,cat,train
data\processed\images_128\cat_03571_pixabay_cat_003104.jpg,cat,train
data\processed\images_128\dog_03438_pixabay_dog_002629.jpg,dog,train
data\processed\images_128\cat_03209_pixabay_cat_002709.jpg,cat,train
data\processed\images_128\cat_01000_pixabay_cat_000298.jpg,cat,train
data\processed\images_128\dog_00826_flickr_dog_000921.jpg,dog,train
data\processed\images_128\cat_00618_flickr_cat_000697.jpg,cat,train
data\processed\images_128\dog_02356_pixabay_dog_001446.jpg,dog,train
data\processed\images_128\cat_04144_pixabay_cat_003728.jpg,cat,train
data\processed\images_128\cat_00366_flickr_cat_000413.jpg,cat,train
data\processed\images_128\dog_04334_pixabay_dog_003616.jpg,dog,train
data\processed\images_128\cat_03752_pixabay_cat_003299.jpg,cat,train
data\processed\images_128\cat_01361_pixabay_cat_000699.jpg,cat,train
data\processed\images_128\cat_00896_pixabay_cat_000186.jpg,cat,train
data\processed\images_128\cat_03755_pixabay_cat_003302.jpg,cat,train
data\processed\images_128\dog_00980_flickr_dog_001096.jpg,dog,train
data\processed\images_128\dog_03863_pixabay_dog_003091.jpg,dog,train
data\processed\images_128\cat_05255_pixabay_cat_000147.jpg,cat,train
data\processed\images_128\cat_04148_pixabay_cat_003732.jpg,cat,train
data\processed\images_128\cat_01918_pixabay_cat_001314.jpg,cat,train
data\processed\images_128\cat_03419_pixabay_cat_002940.jpg,cat,train
data\processed\images_128\cat_02866_pixabay_cat_002339.jpg,cat,train
data\processed\images_128\cat_00256_flickr_cat_000293.jpg,cat,train
data\processed\images_128\dog_00206_flickr_dog_000230.jpg,dog,train
data\processed\images_128\dog_01103_pixabay_dog_000047.jpg,dog,train
data\processed\images_128\dog_03699_pixabay_dog_002918.jpg,dog,train
data\processed\images_128\dog_03401_pixabay_dog_002588.jpg,dog,train
data\processed\images_128\dog_04389_pixabay_dog_003676.jpg,dog,train
data\processed\images_128\cat_02456_pixabay_cat_001890.jpg,cat,train
data\processed\images_128\dog_00901_flickr_dog_001004.jpg,dog,train
data\processed\images_128\dog_04411_pixabay_dog_003698.jpg,dog,train
data\processed\images_128\cat_00748_pixabay_cat_000021.jpg,cat,train
data\processed\images_128\cat_01256_pixabay_cat_000583.jpg,cat,train
data\processed\images_128\dog_02778_pixabay_dog_001900.jpg,dog,train
data\processed\images_128\cat_04228_pixabay_cat_003823.jpg,cat,train
data\processed\images_128\cat_03417_pixabay_cat_002938.jpg,cat,train
data\processed\images_128\cat_02967_pixabay_cat_002448.jpg,cat,train
data\processed\images_128\cat_01411_pixabay_cat_000757.jpg,cat,train
data\processed\images_128\dog_04518_pixabay_dog_003818.jpg,dog,train
data\processed\images_128\dog_02569_pixabay_dog_001677.jpg,dog,train
data\processed\images_128\cat_01123_pixabay_cat_000435.jpg,cat,train
data\processed\images_128\dog_04537_pixabay_dog_003837.jpg,dog,train
data\processed\images_128\cat_03641_pixabay_cat_003179.jpg,cat,train
data\processed\images_128\cat_03456_pixabay_cat_002978.jpg,cat,train
data\processed\images_128\cat_03628_pixabay_cat_003166.jpg,cat,train
data\processed\images_128\cat_04403_pixabay_cat_004013.jpg,cat,train
data\processed\images_128\dog_02850_pixabay_dog_001983.jpg,dog,train
data\processed\images_128\dog_00430_flickr_dog_000472.jpg,dog,train
data\processed\images_128\cat_03401_pixabay_cat_002919.jpg,cat,train
data\processed\images_128\cat_04361_pixabay_cat_003968.jpg,cat,train
data\processed\images_128\cat_00176_flickr_cat_000200.jpg,cat,train
data\processed\images_128\cat_02294_pixabay_cat_001722.jpg,cat,train
data\processed\images_128\dog_00371_flickr_dog_000408.jpg,dog,train
data\processed\images_128\dog_02594_pixabay_dog_001706.jpg,dog,train
data\processed\images_128\cat_04143_pixabay_cat_003727.jpg,cat,train
data\processed\images_128\dog_01220_pixabay_dog_000173.jpg,dog,train
data\processed\images_128\cat_01792_pixabay_cat_001178.jpg,cat,train
data\processed\images_128\dog_02138_pixabay_dog_001207.jpg,dog,train
data\processed\images_128\dog_05193_pixabay_dog_003521.jpg,dog,train
data\processed\images_128\cat_01883_pixabay_cat_001276.jpg,cat,train
data\processed\images_128\cat_01023_pixabay_cat_000326.jpg,cat,train
data\processed\images_128\dog_00311_flickr_dog_000345.jpg,dog,train
data\processed\images_128\dog_02229_pixabay_dog_001305.jpg,dog,train
data\processed\images_128\cat_00360_flickr_cat_000407.jpg,cat,train
data\processed\images_128\cat_00166_flickr_cat_000189.jpg,cat,train
data\processed\images_128\cat_01495_pixabay_cat_000853.jpg,cat,train
data\processed\images_128\dog_03078_pixabay_dog_002233.jpg,dog,train
data\processed\images_128\cat_00266_flickr_cat_000303.jpg,cat,train
data\processed\images_128\cat_05114_pixabay_cat_004791.jpg,cat,train
data\processed\images_128\dog_00163_flickr_dog_000180.jpg,dog,train
data\processed\images_128\cat_04828_pixabay_cat_004472.jpg,cat,train
data\processed\images_128\cat_00508_flickr_cat_000572.jpg,cat,train
data\processed\images_128\cat_04257_pixabay_cat_003854.jpg,cat,train
data\processed\images_128\dog_04860_pixabay_dog_000039.jpg,dog,train
data\processed\images_128\cat_03757_pixabay_cat_003304.jpg,cat,train
data\processed\images_128\dog_05018_pixabay_dog_001567.jpg,dog,train
data\processed\images_128\cat_01240_pixabay_cat_000565.jpg,cat,train
data\processed\images_128\dog_04383_pixabay_dog_003668.jpg,dog,train
data\processed\images_128\cat_00635_flickr_cat_000716.jpg,cat,train
data\processed\images_128\dog_03056_pixabay_dog_002210.jpg,dog,train
data\processed\images_128\cat_01131_pixabay_cat_000445.jpg,cat,train
data\processed\images_128\dog_03942_pixabay_dog_003178.jpg,dog,train
data\processed\images_128\cat_03204_pixabay_cat_002704.jpg,cat,train
data\processed\images_128\cat_00598_flickr_cat_000675.jpg,cat,train
data\processed\images_128\cat_03960_pixabay_cat_003527.jpg,cat,train
data\processed\images_128\dog_04958_pixabay_dog_000910.jpg,dog,train
data\processed\images_128\cat_05646_pixabay_cat_004783.jpg,cat,train
data\processed\images_128\cat_00751_pixabay_cat_000024.jpg,cat,train
data\processed\images_128\dog_03124_pixabay_dog_002284.jpg,dog,train
data\processed\images_128\dog_02006_pixabay_dog_001057.jpg,dog,train
data\processed\images_128\dog_03752_pixabay_dog_002975.jpg,dog,train
data\processed\images_128\cat_05086_pixabay_cat_004757.jpg,cat,train
data\processed\images_128\dog_00594_flickr_dog_000659.jpg,dog,train
data\processed\images_128\cat_02527_pixabay_cat_001965.jpg,cat,train
data\processed\images_128\dog_00730_flickr_dog_000815.jpg,dog,train
data\processed\images_128\dog_03053_pixabay_dog_002207.jpg,dog,train
data\processed\images_128\dog_02269_pixabay_dog_001346.jpg,dog,train
data\processed\images_128\cat_00472_flickr_cat_000528.jpg,cat,train
data\processed\images_128\cat_01289_pixabay_cat_000618.jpg,cat,train
data\processed\images_128\cat_03855_pixabay_cat_003410.jpg,cat,train
data\processed\images_128\dog_03940_pixabay_dog_003176.jpg,dog,train
data\processed\images_128\dog_03138_pixabay_dog_002299.jpg,dog,train
data\processed\images_128\dog_01707_pixabay_dog_000730.jpg,dog,train
data\processed\images_128\dog_00052_flickr_dog_000057.jpg,dog,train
data\processed\images_128\cat_03742_pixabay_cat_003289.jpg,cat,train
data\processed\images_128\cat_00773_pixabay_cat_000048.jpg,cat,train
data\processed\images_128\cat_03046_pixabay_cat_002534.jpg,cat,train
data\processed\images_128\dog_03325_pixabay_dog_002503.jpg,dog,train
data\processed\images_128\dog_01076_pixabay_dog_000016.jpg,dog,train
data\processed\images_128\cat_02906_pixabay_cat_002382.jpg,cat,train
data\processed\images_128\dog_02954_pixabay_dog_002095.jpg,dog,train
data\processed\images_128\cat_05322_pixabay_cat_000829.jpg,cat,train
data\processed\images_128\dog_00082_flickr_dog_000090.jpg,dog,train
data\processed\images_128\cat_01834_pixabay_cat_001225.jpg,cat,train
data\processed\images_128\cat_00642_flickr_cat_000723.jpg,cat,train
data\processed\images_128\dog_04333_pixabay_dog_003615.jpg,dog,train
data\processed\images_128\cat_00829_pixabay_cat_000111.jpg,cat,train
data\processed\images_128\cat_02587_pixabay_cat_002031.jpg,cat,train
data\processed\images_128\dog_02257_pixabay_dog_001333.jpg,dog,train
data\processed\images_128\dog_01053_flickr_dog_001172.jpg,dog,train
data\processed\images_128\dog_02789_pixabay_dog_001914.jpg,dog,train
data\processed\images_128\dog_04610_pixabay_dog_003913.jpg,dog,train
data\processed\images_128\dog_02284_pixabay_dog_001366.jpg,dog,train
data\processed\images_128\dog_02281_pixabay_dog_001363.jpg,dog,train
data\processed\images_128\cat_01758_pixabay_cat_001142.jpg,cat,train
data\processed\images_128\cat_05115_pixabay_cat_004792.jpg,cat,train
data\processed\images_128\dog_02151_pixabay_dog_001221.jpg,dog,train
data\processed\images_128\cat_03548_pixabay_cat_003081.jpg,cat,train
data\processed\images_128\cat_01877_pixabay_cat_001268.jpg,cat,train
data\processed\images_128\dog_02353_pixabay_dog_001441.jpg,dog,train
data\processed\images_128\cat_02630_pixabay_cat_002077.jpg,cat,train
data\processed\images_128\cat_01520_pixabay_cat_000881.jpg,cat,train
data\processed\images_128\cat_00619_flickr_cat_000698.jpg,cat,train
data\processed\images_128\cat_04940_pixabay_cat_004599.jpg,cat,train
data\processed\images_128\cat_01406_pixabay_cat_000749.jpg,cat,train
data\processed\images_128\cat_00077_flickr_cat_000085.jpg,cat,train
data\processed\images_128\cat_02990_pixabay_cat_002476.jpg,cat,train
data\processed\images_128\cat_03541_pixabay_cat_003073.jpg,cat,train
data\processed\images_128\cat_05526_pixabay_cat_003413.jpg,cat,train
data\processed\images_128\cat_00777_pixabay_cat_000053.jpg,cat,train
data\processed\images_128\dog_03692_pixabay_dog_002911.jpg,dog,train
data\processed\images_128\cat_02742_pixabay_cat_002203.jpg,cat,train
data\processed\images_128\cat_03878_pixabay_cat_003436.jpg,cat,train
data\processed\images_128\dog_04163_pixabay_dog_003427.jpg,dog,train
data\processed\images_128\cat_02558_pixabay_cat_002001.jpg,cat,train
data\processed\images_128\cat_05498_pixabay_cat_003016.jpg,cat,train
data\processed\images_128\cat_00022_flickr_cat_000027.jpg,cat,train
data\processed\images_128\cat_00162_flickr_cat_000185.jpg,cat,train
data\processed\images_128\dog_03603_pixabay_dog_002811.jpg,dog,train
data\processed\images_128\cat_03042_pixabay_cat_002530.jpg,cat,train
data\processed\images_128\dog_04465_pixabay_dog_003761.jpg,dog,train
data\processed\images_128\cat_04598_pixabay_cat_004225.jpg,cat,train
data\processed\images_128\cat_05367_pixabay_cat_001323.jpg,cat,train
data\processed\images_128\cat_04436_pixabay_cat_004050.jpg,cat,train
data\processed\images_128\dog_04479_pixabay_dog_003779.jpg,dog,train
data\processed\images_128\cat_03409_pixabay_cat_002930.jpg,cat,train
data\processed\images_128\cat_02812_pixabay_cat_002280.jpg,cat,train
data\processed\images_128\cat_00322_flickr_cat_000365.jpg,cat,train
data\processed\images_128\cat_04304_pixabay_cat_003906.jpg,cat,train
data\processed\images_128\dog_00343_flickr_dog_000378.jpg,dog,train
data\processed\images_128\dog_01465_pixabay_dog_000450.jpg,dog,train
data\processed\images_128\cat_01767_pixabay_cat_001153.jpg,cat,train
data\processed\images_128\cat_02120_pixabay_cat_001534.jpg,cat,train
data\processed\images_128\dog_02590_pixabay_dog_001701.jpg,dog,train
data\processed\images_128\cat_01952_pixabay_cat_001351.jpg,cat,train
data\processed\images_128\cat_01363_pixabay_cat_000702.jpg,cat,train
data\processed\images_128\cat_05393_pixabay_cat_001653.jpg,cat,train
data\processed\images_128\cat_00926_pixabay_cat_000218.jpg,cat,train
data\processed\images_128\dog_03310_pixabay_dog_002487.jpg,dog,train
data\processed\images_128\dog_04212_pixabay_dog_003482.jpg,dog,train
data\processed\images_128\dog_03174_pixabay_dog_002341.jpg,dog,train
data\processed\images_128\cat_02819_pixabay_cat_002287.jpg,cat,train
data\processed\images_128\dog_00073_flickr_dog_000081.jpg,dog,train
data\processed\images_128\dog_04211_pixabay_dog_003481.jpg,dog,train
data\processed\images_128\dog_03999_pixabay_dog_003241.jpg,dog,train
data\processed\images_128\cat_03872_pixabay_cat_003429.jpg,cat,train
data\processed\images_128\cat_00349_flickr_cat_000396.jpg,cat,train
data\processed\images_128\cat_02785_pixabay_cat_002250.jpg,cat,train
data\processed\images_128\cat_03509_pixabay_cat_003039.jpg,cat,train
data\processed\images_128\cat_01277_pixabay_cat_000605.jpg,cat,train
data\processed\images_128\cat_02612_pixabay_cat_002057.jpg,cat,train
data\processed\images_128\dog_00004_flickr_dog_000006.jpg,dog,train
data\processed\images_128\dog_02963_pixabay_dog_002104.jpg,dog,train
data\processed\images_128\dog_02444_pixabay_dog_001542.jpg,dog,train
data\processed\images_128\dog_04444_pixabay_dog_003737.jpg,dog,train
data\processed\images_128\cat_01494_pixabay_cat_000852.jpg,cat,train
data\processed\images_128\cat_01776_pixabay_cat_001162.jpg,cat,train
data\processed\images_128\dog_02461_pixabay_dog_001559.jpg,dog,train
data\processed\images_128\dog_03338_pixabay_dog_002517.jpg,dog,train
data\processed\images_128\cat_03679_pixabay_cat_003225.jpg,cat,train
data\processed\images_128\dog_00445_flickr_dog_000487.jpg,dog,train
data\processed\images_128\cat_01839_pixabay_cat_001230.jpg,cat,train
data\processed\images_128\cat_00673_flickr_cat_000757.jpg,cat,train
data\processed\images_128\cat_03093_pixabay_cat_002585.jpg,cat,train
data\processed\images_128\dog_01809_pixabay_dog_000844.jpg,dog,train
data\processed\images_128\dog_03539_pixabay_dog_002736.jpg,dog,train
data\processed\images_128\cat_03806_pixabay_cat_003355.jpg,cat,train
data\processed\images_128\dog_04779_flickr_dog_000489.jpg,dog,train
data\processed\images_128\cat_03468_pixabay_cat_002993.jpg,cat,train
data\processed\images_128\dog_04368_pixabay_dog_003651.jpg,dog,train
data\processed\images_128\cat_03804_pixabay_cat_003353.jpg,cat,train
data\processed\images_128\dog_03005_pixabay_dog_002154.jpg,dog,train
data\processed\images_128\dog_01612_pixabay_dog_000626.jpg,dog,train
data\processed\images_128\cat_03873_pixabay_cat_003430.jpg,cat,train
data\processed\images_128\cat_03958_pixabay_cat_003525.jpg,cat,train
data\processed\images_128\dog_00745_flickr_dog_000832.jpg,dog,train
data\processed\images_128\dog_01696_pixabay_dog_000717.jpg,dog,train
data\processed\images_128\dog_04079_pixabay_dog_003329.jpg,dog,train
data\processed\images_128\cat_01393_pixabay_cat_000734.jpg,cat,train
data\processed\images_128\cat_02450_pixabay_cat_001884.jpg,cat,train
data\processed\images_128\cat_03890_pixabay_cat_003449.jpg,cat,train
data\processed\images_128\dog_01732_pixabay_dog_000757.jpg,dog,train
data\processed\images_128\cat_01234_pixabay_cat_000559.jpg,cat,train
data\processed\images_128\dog_02455_pixabay_dog_001553.jpg,dog,train
data\processed\images_128\cat_01811_pixabay_cat_001200.jpg,cat,train
data\processed\images_128\cat_03455_pixabay_cat_002977.jpg,cat,train
data\processed\images_128\dog_01107_pixabay_dog_000051.jpg,dog,train
data\processed\images_128\cat_04456_pixabay_cat_004071.jpg,cat,train
data\processed\images_128\cat_02831_pixabay_cat_002300.jpg,cat,train
data\processed\images_128\dog_04625_pixabay_dog_003930.jpg,dog,train
data\processed\images_128\cat_01887_pixabay_cat_001280.jpg,cat,train
data\processed\images_128\cat_02763_pixabay_cat_002226.jpg,cat,train
data\processed\images_128\dog_03412_pixabay_dog_002600.jpg,dog,train
data\processed\images_128\dog_02549_pixabay_dog_001657.jpg,dog,train
data\processed\images_128\cat_00722_flickr_cat_000811.jpg,cat,train
data\processed\images_128\dog_00290_flickr_dog_000322.jpg,dog,train
data\processed\images_128\cat_00981_pixabay_cat_000277.jpg,cat,train
data\processed\images_128\cat_02973_pixabay_cat_002455.jpg,cat,train
data\processed\images_128\cat_00953_pixabay_cat_000247.jpg,cat,train
data\processed\images_128\dog_03900_pixabay_dog_003133.jpg,dog,train
data\processed\images_128\cat_03068_pixabay_cat_002558.jpg,cat,train
data\processed\images_128\cat_03050_pixabay_cat_002538.jpg,cat,train
data\processed\images_128\cat_01766_pixabay_cat_001152.jpg,cat,train
data\processed\images_128\dog_01240_pixabay_dog_000196.jpg,dog,train
data\processed\images_128\dog_01459_pixabay_dog_000444.jpg,dog,train
data\processed\images_128\cat_02457_pixabay_cat_001892.jpg,cat,train
data\processed\images_128\dog_02860_pixabay_dog_001994.jpg,dog,train
data\processed\images_128\cat_01175_pixabay_cat_000493.jpg,cat,train
data\processed\images_128\dog_02192_pixabay_dog_001266.jpg,dog,train
data\processed\images_128\cat_03338_pixabay_cat_002848.jpg,cat,train
data\processed\images_128\dog_03252_pixabay_dog_002426.jpg,dog,train
data\processed\images_128\dog_03157_pixabay_dog_002322.jpg,dog,train
data\processed\images_128\dog_02506_pixabay_dog_001611.jpg,dog,train
data\processed\images_128\dog_04160_pixabay_dog_003424.jpg,dog,train
data\processed\images_128\cat_03197_pixabay_cat_002695.jpg,cat,train
data\processed\images_128\dog_02868_pixabay_dog_002002.jpg,dog,train
data\processed\images_128\dog_04753_flickr_dog_000176.jpg,dog,train
data\processed\images_128\dog_02685_pixabay_dog_001798.jpg,dog,train
data\processed\images_128\cat_02515_pixabay_cat_001953.jpg,cat,train
data\processed\images_128\dog_00332_flickr_dog_000366.jpg,dog,train
data\processed\images_128\cat_03420_pixabay_cat_002941.jpg,cat,train
data\processed\images_128\cat_01967_pixabay_cat_001369.jpg,cat,train
data\processed\images_128\cat_02530_pixabay_cat_001968.jpg,cat,train
data\processed\images_128\dog_01958_pixabay_dog_001004.jpg,dog,train
data\processed\images_128\dog_03881_pixabay_dog_003112.jpg,dog,train
data\processed\images_128\dog_04296_pixabay_dog_003577.jpg,dog,train
data\processed\images_128\cat_04038_pixabay_cat_003614.jpg,cat,train
data\processed\images_128\cat_02929_pixabay_cat_002406.jpg,cat,train
data\processed\images_128\cat_04380_pixabay_cat_003989.jpg,cat,train
data\processed\images_128\dog_03953_pixabay_dog_003191.jpg,dog,train
data\processed\images_128\cat_04186_pixabay_cat_003777.jpg,cat,train
data\processed\images_128\dog_01733_pixabay_dog_000758.jpg,dog,train
data\processed\images_128\cat_00591_flickr_cat_000668.jpg,cat,train
data\processed\images_128\dog_05126_pixabay_dog_002801.jpg,dog,train
data\processed\images_128\dog_02406_pixabay_dog_001499.jpg,dog,train
data\processed\images_128\cat_04593_pixabay_cat_004220.jpg,cat,train
data\processed\images_128\cat_05116_pixabay_cat_004794.jpg,cat,train
data\processed\images_128\cat_04689_pixabay_cat_004322.jpg,cat,train
data\processed\images_128\cat_02148_pixabay_cat_001564.jpg,cat,train
data\processed\images_128\dog_02796_pixabay_dog_001922.jpg,dog,train
data\processed\images_128\dog_00043_flickr_dog_000047.jpg,dog,train
data\processed\images_128\cat_02616_pixabay_cat_002061.jpg,cat,train
data\processed\images_128\dog_00552_flickr_dog_000608.jpg,dog,train
data\processed\images_128\cat_02160_pixabay_cat_001576.jpg,cat,train
data\processed\images_128\cat_04347_pixabay_cat_003953.jpg,cat,train
data\processed\images_128\dog_02648_pixabay_dog_001761.jpg,dog,train
data\processed\images_128\cat_01799_pixabay_cat_001186.jpg,cat,train
data\processed\images_128\cat_03761_pixabay_cat_003308.jpg,cat,train
data\processed\images_128\cat_05079_pixabay_cat_004750.jpg,cat,train
data\processed\images_128\cat_01497_pixabay_cat_000855.jpg,cat,train
data\processed\images_128\cat_01496_pixabay_cat_000854.jpg,cat,train
data\processed\images_128\cat_03213_pixabay_cat_002714.jpg,cat,train
data\processed\images_128\cat_01447_pixabay_cat_000795.jpg,cat,train
data\processed\images_128\cat_04601_pixabay_cat_004228.jpg,cat,train
data\processed\images_128\dog_00056_flickr_dog_000063.jpg,dog,train
data\processed\images_128\cat_01499_pixabay_cat_000857.jpg,cat,train
data\processed\images_128\cat_03215_pixabay_cat_002716.jpg,cat,train
data\processed\images_128\dog_03136_pixabay_dog_002296.jpg,dog,train
data\processed\images_128\dog_01094_pixabay_dog_000035.jpg,dog,train
data\processed\images_128\cat_04950_pixabay_cat_004611.jpg,cat,train
data\processed\images_128\cat_02486_pixabay_cat_001922.jpg,cat,train
data\processed\images_128\dog_01263_pixabay_dog_000221.jpg,dog,train
data\processed\images_128\dog_01227_pixabay_dog_000181.jpg,dog,train
data\processed\images_128\cat_01622_pixabay_cat_000994.jpg,cat,train
data\processed\images_128\dog_02736_pixabay_dog_001855.jpg,dog,train
data\processed\images_128\cat_04227_pixabay_cat_003822.jpg,cat,train
data\processed\images_128\dog_02499_pixabay_dog_001603.jpg,dog,train
data\processed\images_128\dog_04145_pixabay_dog_003407.jpg,dog,train
data\processed\images_128\dog_04371_pixabay_dog_003654.jpg,dog,train
data\processed\images_128\dog_01013_flickr_dog_001132.jpg,dog,train
data\processed\images_128\dog_01528_pixabay_dog_000531.jpg,dog,train
data\processed\images_128\dog_04015_pixabay_dog_003259.jpg,dog,train
data\processed\images_128\cat_04895_pixabay_cat_004549.jpg,cat,train
data\processed\images_128\dog_03837_pixabay_dog_003063.jpg,dog,train
data\processed\images_128\dog_00335_flickr_dog_000369.jpg,dog,train
data\processed\images_128\cat_00416_flickr_cat_000468.jpg,cat,train
data\processed\images_128\dog_04904_pixabay_dog_000452.jpg,dog,train
data\processed\images_128\cat_02803_pixabay_cat_002271.jpg,cat,train
data\processed\images_128\cat_04791_pixabay_cat_004433.jpg,cat,train
data\processed\images_128\dog_02344_pixabay_dog_001432.jpg,dog,train
data\processed\images_128\cat_02751_pixabay_cat_002214.jpg,cat,train
data\processed\images_128\dog_03565_pixabay_dog_002765.jpg,dog,train
data\processed\images_128\cat_02277_pixabay_cat_001705.jpg,cat,train
data\processed\images_128\dog_02211_pixabay_dog_001285.jpg,dog,train
data\processed\images_128\cat_04397_pixabay_cat_004006.jpg,cat,train
data\processed\images_128\cat_04987_pixabay_cat_004653.jpg,cat,train
data\processed\images_128\cat_04112_pixabay_cat_003691.jpg,cat,train
data\processed\images_128\dog_01616_pixabay_dog_000630.jpg,dog,train
data\processed\images_128\cat_01370_pixabay_cat_000710.jpg,cat,train
data\processed\images_128\dog_03593_pixabay_dog_002800.jpg,dog,train
data\processed\images_128\dog_02524_pixabay_dog_001629.jpg,dog,train
data\processed\images_128\cat_05380_pixabay_cat_001460.jpg,cat,train
data\processed\images_128\cat_03036_pixabay_cat_002524.jpg,cat,train
data\processed\images_128\cat_04058_pixabay_cat_003635.jpg,cat,train
data\processed\images_128\cat_04238_pixabay_cat_003833.jpg,cat,train
data\processed\images_128\dog_01164_pixabay_dog_000111.jpg,dog,train
data\processed\images_128\dog_02862_pixabay_dog_001996.jpg,dog,train
data\processed\images_128\dog_04023_pixabay_dog_003269.jpg,dog,train
data\processed\images_128\dog_03423_pixabay_dog_002612.jpg,dog,train
data\processed\images_128\cat_04602_pixabay_cat_004229.jpg,cat,train
data\processed\images_128\dog_00946_flickr_dog_001057.jpg,dog,train
data\processed\images_128\dog_04304_pixabay_dog_003585.jpg,dog,train
data\processed\images_128\dog_03499_pixabay_dog_002694.jpg,dog,train
data\processed\images_128\dog_04701_pixabay_dog_004019.jpg,dog,train
data\processed\images_128\dog_00321_flickr_dog_000355.jpg,dog,train
data\processed\images_128\cat_02467_pixabay_cat_001902.jpg,cat,train
data\processed\images_128\dog_03300_pixabay_dog_002477.jpg,dog,train
data\processed\images_128\dog_03190_pixabay_dog_002357.jpg,dog,train
data\processed\images_128\cat_00811_pixabay_cat_000090.jpg,cat,train
data\processed\images_128\dog_00208_flickr_dog_000232.jpg,dog,train
data\processed\images_128\cat_05002_pixabay_cat_004671.jpg,cat,train
data\processed\images_128\dog_01996_pixabay_dog_001047.jpg,dog,train
data\processed\images_128\cat_02452_pixabay_cat_001886.jpg,cat,train
data\processed\images_128\dog_02016_pixabay_dog_001068.jpg,dog,train
data\processed\images_128\cat_00126_flickr_cat_000138.jpg,cat,train
data\processed\images_128\dog_00240_flickr_dog_000269.jpg,dog,train
data\processed\images_128\cat_02784_pixabay_cat_002249.jpg,cat,train
data\processed\images_128\dog_01953_pixabay_dog_000999.jpg,dog,train
data\processed\images_128\cat_05482_pixabay_cat_002862.jpg,cat,train
data\processed\images_128\cat_02260_pixabay_cat_001685.jpg,cat,train
data\processed\images_128\dog_01675_pixabay_dog_000694.jpg,dog,train
data\processed\images_128\dog_02690_pixabay_dog_001805.jpg,dog,train
data\processed\images_128\cat_04330_pixabay_cat_003936.jpg,cat,train
data\processed\images_128\cat_00766_pixabay_cat_000041.jpg,cat,train
data\processed\images_128\cat_04999_pixabay_cat_004668.jpg,cat,train
data\processed\images_128\cat_03134_pixabay_cat_002626.jpg,cat,train
data\processed\images_128\cat_01708_pixabay_cat_001088.jpg,cat,train
data\processed\images_128\cat_05356_pixabay_cat_001144.jpg,cat,train
data\processed\images_128\dog_01080_pixabay_dog_000021.jpg,dog,train
data\processed\images_128\cat_02752_pixabay_cat_002215.jpg,cat,train
data\processed\images_128\dog_01102_pixabay_dog_000046.jpg,dog,train
data\processed\images_128\cat_03669_pixabay_cat_003214.jpg,cat,train
data\processed\images_128\dog_03995_pixabay_dog_003237.jpg,dog,train
data\processed\images_128\cat_02841_pixabay_cat_002312.jpg,cat,train
data\processed\images_128\dog_05090_pixabay_dog_002402.jpg,dog,train
data\processed\images_128\cat_02495_pixabay_cat_001931.jpg,cat,train
data\processed\images_128\dog_00295_flickr_dog_000327.jpg,dog,train
data\processed\images_128\dog_04522_pixabay_dog_003822.jpg,dog,train
data\processed\images_128\cat_02455_pixabay_cat_001889.jpg,cat,train
data\processed\images_128\cat_02284_pixabay_cat_001712.jpg,cat,train
data\processed\images_128\dog_03335_pixabay_dog_002513.jpg,dog,train
data\processed\images_128\cat_02099_pixabay_cat_001513.jpg,cat,train
data\processed\images_128\dog_03272_pixabay_dog_002448.jpg,dog,train
data\processed\images_128\cat_03296_pixabay_cat_002802.jpg,cat,train
data\processed\images_128\cat_00041_flickr_cat_000046.jpg,cat,train
data\processed\images_128\cat_00220_flickr_cat_000252.jpg,cat,train
data\processed\images_128\dog_02651_pixabay_dog_001764.jpg,dog,train
data\processed\images_128\cat_04195_pixabay_cat_003786.jpg,cat,train
data\processed\images_128\cat_04302_pixabay_cat_003904.jpg,cat,train
data\processed\images_128\dog_04657_pixabay_dog_003966.jpg,dog,train
data\processed\images_128\dog_02603_pixabay_dog_001715.jpg,dog,train
data\processed\images_128\cat_05135_pixabay_cat_004814.jpg,cat,train
data\processed\images_128\dog_03060_pixabay_dog_002214.jpg,dog,train
data\processed\images_128\dog_01554_pixabay_dog_000559.jpg,dog,train
data\processed\images_128\dog_03178_pixabay_dog_002345.jpg,dog,train
data\processed\images_128\dog_03803_pixabay_dog_003029.jpg,dog,train
data\processed\images_128\cat_04022_pixabay_cat_003596.jpg,cat,train
data\processed\images_128\cat_02534_pixabay_cat_001972.jpg,cat,train
data\processed\images_128\cat_03097_pixabay_cat_002589.jpg,cat,train
data\processed\images_128\cat_02097_pixabay_cat_001511.jpg,cat,train
data\processed\images_128\cat_03091_pixabay_cat_002583.jpg,cat,train
data\processed\images_128\dog_04926_pixabay_dog_000582.jpg,dog,train
data\processed\images_128\cat_03751_pixabay_cat_003298.jpg,cat,train
data\processed\images_128\cat_01349_pixabay_cat_000686.jpg,cat,train
data\processed\images_128\dog_01902_pixabay_dog_000945.jpg,dog,train
data\processed\images_128\cat_03545_pixabay_cat_003077.jpg,cat,train
data\processed\images_128\cat_02498_pixabay_cat_001934.jpg,cat,train
data\processed\images_128\dog_00182_flickr_dog_000201.jpg,dog,train
data\processed\images_128\cat_02771_pixabay_cat_002235.jpg,cat,train
data\processed\images_128\cat_04646_pixabay_cat_004276.jpg,cat,train
data\processed\images_128\dog_00196_flickr_dog_000219.jpg,dog,train
data\processed\images_128\cat_04371_pixabay_cat_003979.jpg,cat,train
data\processed\images_128\dog_01391_pixabay_dog_000369.jpg,dog,train
data\processed\images_128\cat_03084_pixabay_cat_002575.jpg,cat,train
data\processed\images_128\cat_03730_pixabay_cat_003277.jpg,cat,train
data\processed\images_128\dog_01420_pixabay_dog_000402.jpg,dog,train
data\processed\images_128\dog_01647_pixabay_dog_000664.jpg,dog,train
data\processed\images_128\cat_05493_pixabay_cat_002986.jpg,cat,train
data\processed\images_128\cat_05645_pixabay_cat_004782.jpg,cat,train
data\processed\images_128\cat_02557_pixabay_cat_002000.jpg,cat,train
data\processed\images_128\cat_03357_pixabay_cat_002870.jpg,cat,train
data\processed\images_128\dog_00547_flickr_dog_000603.jpg,dog,train
data\processed\images_128\cat_00106_flickr_cat_000116.jpg,cat,train
data\processed\images_128\cat_00063_flickr_cat_000069.jpg,cat,train
data\processed\images_128\cat_05595_pixabay_cat_004188.jpg,cat,train
data\processed\images_128\cat_01825_pixabay_cat_001216.jpg,cat,train
data\processed\images_128\cat_00916_pixabay_cat_000208.jpg,cat,train
data\processed\images_128\cat_05409_pixabay_cat_001974.jpg,cat,train
data\processed\images_128\dog_02471_pixabay_dog_001574.jpg,dog,train
data\processed\images_128\dog_01517_pixabay_dog_000519.jpg,dog,train
data\processed\images_128\cat_03572_pixabay_cat_003105.jpg,cat,train
data\processed\images_128\dog_02879_pixabay_dog_002013.jpg,dog,train
data\processed\images_128\dog_00502_flickr_dog_000550.jpg,dog,train
data\processed\images_128\cat_04452_pixabay_cat_004067.jpg,cat,train
data\processed\images_128\dog_03052_pixabay_dog_002206.jpg,dog,train
data\processed\images_128\cat_04801_pixabay_cat_004444.jpg,cat,train
data\processed\images_128\dog_01598_pixabay_dog_000609.jpg,dog,train
data\processed\images_128\dog_03841_pixabay_dog_003067.jpg,dog,train
data\processed\images_128\cat_00912_pixabay_cat_000204.jpg,cat,train
data\processed\images_128\cat_04354_pixabay_cat_003960.jpg,cat,train
data\processed\images_128\dog_04387_pixabay_dog_003674.jpg,dog,train
data\processed\images_128\dog_02204_pixabay_dog_001278.jpg,dog,train
data\processed\images_128\dog_00661_flickr_dog_000735.jpg,dog,train
data\processed\images_128\cat_04869_pixabay_cat_004519.jpg,cat,train
data\processed\images_128\dog_04460_pixabay_dog_003756.jpg,dog,train
data\processed\images_128\cat_03463_pixabay_cat_002985.jpg,cat,train
data\processed\images_128\dog_03141_pixabay_dog_002302.jpg,dog,train
data\processed\images_128\dog_05037_pixabay_dog_001854.jpg,dog,train
data\processed\images_128\dog_02908_pixabay_dog_002047.jpg,dog,train
data\processed\images_128\cat_04565_pixabay_cat_004191.jpg,cat,train
data\processed\images_128\dog_03313_pixabay_dog_002490.jpg,dog,train
data\processed\images_128\dog_01946_pixabay_dog_000992.jpg,dog,train
data\processed\images_128\dog_01302_pixabay_dog_000264.jpg,dog,train
data\processed\images_128\dog_00035_flickr_dog_000037.jpg,dog,train
data\processed\images_128\cat_03045_pixabay_cat_002533.jpg,cat,train
data\processed\images_128\dog_00994_flickr_dog_001111.jpg,dog,train
data\processed\images_128\cat_04512_pixabay_cat_004130.jpg,cat,train
data\processed\images_128\cat_00649_flickr_cat_000730.jpg,cat,train
data\processed\images_128\cat_02637_pixabay_cat_002085.jpg,cat,train
data\processed\images_128\cat_00577_flickr_cat_000652.jpg,cat,train
data\processed\images_128\cat_01522_pixabay_cat_000883.jpg,cat,train
data\processed\images_128\cat_05166_flickr_cat_000174.jpg,cat,train
data\processed\images_128\dog_03433_pixabay_dog_002623.jpg,dog,train
data\processed\images_128\cat_04024_pixabay_cat_003598.jpg,cat,train
data\processed\images_128\dog_05144_pixabay_dog_003009.jpg,dog,train
data\processed\images_128\dog_04356_pixabay_dog_003639.jpg,dog,train
data\processed\images_128\dog_02267_pixabay_dog_001344.jpg,dog,train
data\processed\images_128\dog_03077_pixabay_dog_002232.jpg,dog,train
data\processed\images_128\dog_04954_pixabay_dog_000845.jpg,dog,train
data\processed\images_128\cat_00921_pixabay_cat_000213.jpg,cat,train
data\processed\images_128\dog_03960_pixabay_dog_003200.jpg,dog,train
data\processed\images_128\dog_01697_pixabay_dog_000718.jpg,dog,train
data\processed\images_128\cat_00920_pixabay_cat_000212.jpg,cat,train
data\processed\images_128\dog_00010_flickr_dog_000012.jpg,dog,train
data\processed\images_128\dog_01929_pixabay_dog_000974.jpg,dog,train
data\processed\images_128\cat_01263_pixabay_cat_000590.jpg,cat,train
data\processed\images_128\dog_04043_pixabay_dog_003289.jpg,dog,train
data\processed\images_128\dog_02425_pixabay_dog_001519.jpg,dog,train
data\processed\images_128\cat_01490_pixabay_cat_000848.jpg,cat,train
data\processed\images_128\cat_02719_pixabay_cat_002177.jpg,cat,train
data\processed\images_128\dog_04157_pixabay_dog_003420.jpg,dog,train
data\processed\images_128\cat_04751_pixabay_cat_004390.jpg,cat,train
data\processed\images_128\dog_01734_pixabay_dog_000759.jpg,dog,train
data\processed\images_128\dog_01154_pixabay_dog_000101.jpg,dog,train
data\processed\images_128\dog_01039_flickr_dog_001158.jpg,dog,train
data\processed\images_128\cat_00067_flickr_cat_000073.jpg,cat,train
data\processed\images_128\dog_04097_pixabay_dog_003350.jpg,dog,train
data\processed\images_128\cat_02239_pixabay_cat_001662.jpg,cat,train
data\processed\images_128\cat_02885_pixabay_cat_002360.jpg,cat,train
data\processed\images_128\dog_01711_pixabay_dog_000734.jpg,dog,train
data\processed\images_128\cat_02340_pixabay_cat_001771.jpg,cat,train
data\processed\images_128\cat_01528_pixabay_cat_000891.jpg,cat,train
data\processed\images_128\dog_01914_pixabay_dog_000958.jpg,dog,train
data\processed\images_128\dog_02721_pixabay_dog_001839.jpg,dog,train
data\processed\images_128\dog_01133_pixabay_dog_000078.jpg,dog,train
data\processed\images_128\dog_00697_flickr_dog_000775.jpg,dog,train
data\processed\images_128\dog_02390_pixabay_dog_001482.jpg,dog,train
data\processed\images_128\dog_02502_pixabay_dog_001606.jpg,dog,train
data\processed\images_128\cat_01181_pixabay_cat_000499.jpg,cat,train
data\processed\images_128\cat_02695_pixabay_cat_002151.jpg,cat,train
data\processed\images_128\cat_01199_pixabay_cat_000520.jpg,cat,train
data\processed\images_128\cat_02869_pixabay_cat_002343.jpg,cat,train
data\processed\images_128\cat_04203_pixabay_cat_003795.jpg,cat,train
data\processed\images_128\cat_03975_pixabay_cat_003543.jpg,cat,train
data\processed\images_128\dog_05172_pixabay_dog_003351.jpg,dog,train
data\processed\images_128\cat_00440_flickr_cat_000492.jpg,cat,train
data\processed\images_128\cat_03445_pixabay_cat_002966.jpg,cat,train
data\processed\images_128\cat_02753_pixabay_cat_002216.jpg,cat,train
data\processed\images_128\cat_02178_pixabay_cat_001594.jpg,cat,train
data\processed\images_128\cat_04827_pixabay_cat_004471.jpg,cat,train
data\processed\images_128\cat_02594_pixabay_cat_002039.jpg,cat,train
data\processed\images_128\dog_03035_pixabay_dog_002187.jpg,dog,train
data\processed\images_128\cat_05265_pixabay_cat_000248.jpg,cat,train
data\processed\images_128\cat_00019_flickr_cat_000024.jpg,cat,train
data\processed\images_128\cat_03174_pixabay_cat_002670.jpg,cat,train
data\processed\images_128\cat_00252_flickr_cat_000288.jpg,cat,train
data\processed\images_128\dog_03958_pixabay_dog_003198.jpg,dog,train
data\processed\images_128\cat_05429_pixabay_cat_002184.jpg,cat,train
data\processed\images_128\cat_05563_pixabay_cat_003804.jpg,cat,train
data\processed\images_128\dog_01789_pixabay_dog_000822.jpg,dog,train
data\processed\images_128\dog_02197_pixabay_dog_001271.jpg,dog,train
data\processed\images_128\dog_02307_pixabay_dog_001394.jpg,dog,train
data\processed\images_128\cat_03784_pixabay_cat_003332.jpg,cat,train
data\processed\images_128\cat_02090_pixabay_cat_001504.jpg,cat,train
data\processed\images_128\dog_05111_pixabay_dog_002652.jpg,dog,train
data\processed\images_128\cat_00228_flickr_cat_000261.jpg,cat,train
data\processed\images_128\cat_04992_pixabay_cat_004659.jpg,cat,train
data\processed\images_128\cat_02550_pixabay_cat_001990.jpg,cat,train
data\processed\images_128\dog_00838_flickr_dog_000933.jpg,dog,train
data\processed\images_128\dog_03321_pixabay_dog_002499.jpg,dog,train
data\processed\images_128\dog_00572_flickr_dog_000633.jpg,dog,train
data\processed\images_128\cat_02421_pixabay_cat_001854.jpg,cat,train
data\processed\images_128\dog_00532_flickr_dog_000587.jpg,dog,train
data\processed\images_128\cat_03300_pixabay_cat_002806.jpg,cat,train
data\processed\images_128\dog_04569_pixabay_dog_003870.jpg,dog,train
data\processed\images_128\dog_03086_pixabay_dog_002244.jpg,dog,train
data\processed\images_128\cat_00383_flickr_cat_000432.jpg,cat,train
data\processed\images_128\cat_03240_pixabay_cat_002742.jpg,cat,train
data\processed\images_128\dog_04065_pixabay_dog_003314.jpg,dog,train
data\processed\images_128\dog_03418_pixabay_dog_002606.jpg,dog,train
data\processed\images_128\cat_05468_pixabay_cat_002694.jpg,cat,train
data\processed\images_128\cat_02674_pixabay_cat_002124.jpg,cat,train
data\processed\images_128\dog_04793_flickr_dog_000610.jpg,dog,train
data\processed\images_128\dog_00001_flickr_dog_000003.jpg,dog,train
data\processed\images_128\dog_02643_pixabay_dog_001756.jpg,dog,train
data\processed\images_128\dog_03844_pixabay_dog_003072.jpg,dog,train
data\processed\images_128\dog_02286_pixabay_dog_001368.jpg,dog,train
data\processed\images_128\dog_04816_flickr_dog_000782.jpg,dog,train
data\processed\images_128\dog_04095_pixabay_dog_003348.jpg,dog,train
data\processed\images_128\dog_02678_pixabay_dog_001791.jpg,dog,train
data\processed\images_128\dog_04431_pixabay_dog_003722.jpg,dog,train
data\processed\images_128\cat_00705_flickr_cat_000793.jpg,cat,train
data\processed\images_128\cat_05488_pixabay_cat_002905.jpg,cat,train
data\processed\images_128\dog_00648_flickr_dog_000722.jpg,dog,train
data\processed\images_128\cat_04208_pixabay_cat_003800.jpg,cat,train
data\processed\images_128\cat_02655_pixabay_cat_002104.jpg,cat,train
data\processed\images_128\dog_03163_pixabay_dog_002330.jpg,dog,train
data\processed\images_128\cat_02242_pixabay_cat_001666.jpg,cat,train
data\processed\images_128\cat_03062_pixabay_cat_002551.jpg,cat,train
data\processed\images_128\dog_04108_pixabay_dog_003363.jpg,dog,train
data\processed\images_128\cat_00925_pixabay_cat_000217.jpg,cat,train
data\processed\images_128\dog_00482_flickr_dog_000528.jpg,dog,train
data\processed\images_128\dog_05234_pixabay_dog_004005.jpg,dog,train
data\processed\images_128\dog_01386_pixabay_dog_000364.jpg,dog,train
data\processed\images_128\dog_00393_flickr_dog_000431.jpg,dog,train
data\processed\images_128\cat_02934_pixabay_cat_002412.jpg,cat,train
data\processed\images_128\dog_03774_pixabay_dog_002998.jpg,dog,train
data\processed\images_128\cat_04741_pixabay_cat_004380.jpg,cat,train
data\processed\images_128\cat_02053_pixabay_cat_001463.jpg,cat,train
data\processed\images_128\cat_01722_pixabay_cat_001106.jpg,cat,train
data\processed\images_128\cat_02477_pixabay_cat_001912.jpg,cat,train
data\processed\images_128\cat_04035_pixabay_cat_003609.jpg,cat,train
data\processed\images_128\cat_03862_pixabay_cat_003419.jpg,cat,train
data\processed\images_128\cat_02843_pixabay_cat_002314.jpg,cat,train
data\processed\images_128\dog_04488_pixabay_dog_003788.jpg,dog,train
data\processed\images_128\cat_03427_pixabay_cat_002948.jpg,cat,train
data\processed\images_128\dog_03750_pixabay_dog_002973.jpg,dog,train
data\processed\images_128\dog_01660_pixabay_dog_000678.jpg,dog,train
data\processed\images_128\cat_05121_pixabay_cat_004799.jpg,cat,train
data\processed\images_128\dog_03945_pixabay_dog_003181.jpg,dog,train
data\processed\images_128\cat_01463_pixabay_cat_000814.jpg,cat,train
data\processed\images_128\dog_02692_pixabay_dog_001808.jpg,dog,train
data\processed\images_128\cat_05551_pixabay_cat_003706.jpg,cat,train
data\processed\images_128\dog_02926_pixabay_dog_002065.jpg,dog,train
data\processed\images_128\dog_00634_flickr_dog_000704.jpg,dog,train
data\processed\images_128\cat_05324_pixabay_cat_000833.jpg,cat,train
data\processed\images_128\cat_02661_pixabay_cat_002110.jpg,cat,train
data\processed\images_128\cat_01295_pixabay_cat_000625.jpg,cat,train
data\processed\images_128\dog_04942_pixabay_dog_000737.jpg,dog,train
data\processed\images_128\cat_04625_pixabay_cat_004254.jpg,cat,train
data\processed\images_128\dog_00585_flickr_dog_000648.jpg,dog,train
data\processed\images_128\cat_03077_pixabay_cat_002568.jpg,cat,train
data\processed\images_128\cat_01285_pixabay_cat_000613.jpg,cat,train
data\processed\images_128\dog_03206_pixabay_dog_002375.jpg,dog,train
data\processed\images_128\cat_03387_pixabay_cat_002904.jpg,cat,train
data\processed\images_128\dog_05116_pixabay_dog_002739.jpg,dog,train
data\processed\images_128\cat_03606_pixabay_cat_003142.jpg,cat,train
data\processed\images_128\dog_03162_pixabay_dog_002328.jpg,dog,train
data\processed\images_128\cat_02204_pixabay_cat_001623.jpg,cat,train
data\processed\images_128\cat_04310_pixabay_cat_003914.jpg,cat,train
data\processed\images_128\dog_04464_pixabay_dog_003760.jpg,dog,train
data\processed\images_128\cat_04997_pixabay_cat_004666.jpg,cat,train
data\processed\images_128\cat_05561_pixabay_cat_003773.jpg,cat,train
data\processed\images_128\dog_04196_pixabay_dog_003462.jpg,dog,train
data\processed\images_128\dog_01841_pixabay_dog_000879.jpg,dog,train
data\processed\images_128\cat_04173_pixabay_cat_003763.jpg,cat,train
data\processed\images_128\dog_01244_pixabay_dog_000200.jpg,dog,train
data\processed\images_128\dog_00129_flickr_dog_000142.jpg,dog,train
data\processed\images_128\cat_02761_pixabay_cat_002224.jpg,cat,train
data\processed\images_128\cat_03466_pixabay_cat_002991.jpg,cat,train
data\processed\images_128\cat_05155_flickr_cat_000016.jpg,cat,train
data\processed\images_128\dog_01008_flickr_dog_001127.jpg,dog,train
data\processed\images_128\cat_00011_flickr_cat_000015.jpg,cat,train
data\processed\images_128\cat_00239_flickr_cat_000273.jpg,cat,train
data\processed\images_128\cat_01569_pixabay_cat_000936.jpg,cat,train
data\processed\images_128\dog_01429_pixabay_dog_000413.jpg,dog,train
data\processed\images_128\cat_01864_pixabay_cat_001255.jpg,cat,train
data\processed\images_128\cat_00417_flickr_cat_000469.jpg,cat,train
data\processed\images_128\cat_03777_pixabay_cat_003325.jpg,cat,train
data\processed\images_128\cat_03684_pixabay_cat_003230.jpg,cat,train
data\processed\images_128\dog_03498_pixabay_dog_002693.jpg,dog,train
data\processed\images_128\dog_00127_flickr_dog_000139.jpg,dog,train
data\processed\images_128\cat_02670_pixabay_cat_002120.jpg,cat,train
data\processed\images_128\dog_05024_pixabay_dog_001647.jpg,dog,train
data\processed\images_128\dog_00216_flickr_dog_000240.jpg,dog,train
data\processed\images_128\dog_02304_pixabay_dog_001391.jpg,dog,train
data\processed\images_128\cat_01723_pixabay_cat_001107.jpg,cat,train
data\processed\images_128\dog_01316_pixabay_dog_000282.jpg,dog,train
data\processed\images_128\cat_02216_pixabay_cat_001637.jpg,cat,train
data\processed\images_128\dog_03259_pixabay_dog_002433.jpg,dog,train
data\processed\images_128\cat_05074_pixabay_cat_004745.jpg,cat,train
data\processed\images_128\dog_00067_flickr_dog_000074.jpg,dog,train
data\processed\images_128\dog_05220_pixabay_dog_003887.jpg,dog,train
data\processed\images_128\cat_05183_flickr_cat_000253.jpg,cat,train
data\processed\images_128\cat_00557_flickr_cat_000630.jpg,cat,train
data\processed\images_128\cat_04443_pixabay_cat_004057.jpg,cat,train
data\processed\images_128\cat_02793_pixabay_cat_002259.jpg,cat,train
data\processed\images_128\cat_00909_pixabay_cat_000200.jpg,cat,train
data\processed\images_128\cat_04142_pixabay_cat_003726.jpg,cat,train
data\processed\images_128\dog_00236_flickr_dog_000265.jpg,dog,train
data\processed\images_128\dog_04134_pixabay_dog_003394.jpg,dog,train
data\processed\images_128\cat_03978_pixabay_cat_003546.jpg,cat,train
data\processed\images_128\dog_01089_pixabay_dog_000030.jpg,dog,train
data\processed\images_128\dog_04918_pixabay_dog_000504.jpg,dog,train
data\processed\images_128\cat_00559_flickr_cat_000632.jpg,cat,train
data\processed\images_128\cat_01473_pixabay_cat_000824.jpg,cat,train
data\processed\images_128\dog_00461_flickr_dog_000506.jpg,dog,train
data\processed\images_128\dog_03707_pixabay_dog_002926.jpg,dog,train
data\processed\images_128\cat_04736_pixabay_cat_004374.jpg,cat,train
data\processed\images_128\dog_01536_pixabay_dog_000540.jpg,dog,train
data\processed\images_128\dog_04223_pixabay_dog_003495.jpg,dog,train
data\processed\images_128\cat_04272_pixabay_cat_003869.jpg,cat,train
data\processed\images_128\dog_03888_pixabay_dog_003119.jpg,dog,train
data\processed\images_128\cat_01336_pixabay_cat_000673.jpg,cat,train
data\processed\images_128\cat_03553_pixabay_cat_003086.jpg,cat,train
data\processed\images_128\dog_02770_pixabay_dog_001891.jpg,dog,train
data\processed\images_128\cat_01088_pixabay_cat_000398.jpg,cat,train
data\processed\images_128\cat_05428_pixabay_cat_002156.jpg,cat,train
data\processed\images_128\cat_00637_flickr_cat_000718.jpg,cat,train
data\processed\images_128\dog_04570_pixabay_dog_003871.jpg,dog,train
data\processed\images_128\cat_05272_pixabay_cat_000315.jpg,cat,train
data\processed\images_128\cat_03739_pixabay_cat_003286.jpg,cat,train
data\processed\images_128\cat_05214_flickr_cat_000570.jpg,cat,train
data\processed\images_128\dog_02146_pixabay_dog_001216.jpg,dog,train
data\processed\images_128\cat_00194_flickr_cat_000220.jpg,cat,train
data\processed\images_128\cat_03567_pixabay_cat_003100.jpg,cat,train
data\processed\images_128\dog_02441_pixabay_dog_001539.jpg,dog,train
data\processed\images_128\dog_01354_pixabay_dog_000326.jpg,dog,train
data\processed\images_128\cat_04352_pixabay_cat_003958.jpg,cat,train
data\processed\images_128\dog_04019_pixabay_dog_003264.jpg,dog,train
data\processed\images_128\cat_00384_flickr_cat_000433.jpg,cat,train
data\processed\images_128\dog_03534_pixabay_dog_002731.jpg,dog,train
data\processed\images_128\cat_04690_pixabay_cat_004323.jpg,cat,train
data\processed\images_128\dog_01029_flickr_dog_001148.jpg,dog,train
data\processed\images_128\cat_02013_pixabay_cat_001419.jpg,cat,train
data\processed\images_128\cat_01364_pixabay_cat_000703.jpg,cat,train
data\processed\images_128\dog_02241_pixabay_dog_001317.jpg,dog,train
data\processed\images_128\cat_05316_pixabay_cat_000756.jpg,cat,train
data\processed\images_128\cat_00792_pixabay_cat_000068.jpg,cat,train
data\processed\images_128\cat_03245_pixabay_cat_002747.jpg,cat,train
data\processed\images_128\dog_01984_pixabay_dog_001033.jpg,dog,train
data\processed\images_128\cat_00491_flickr_cat_000551.jpg,cat,train
data\processed\images_128\dog_01758_pixabay_dog_000785.jpg,dog,train
data\processed\images_128\cat_04665_pixabay_cat_004295.jpg,cat,train
data\processed\images_128\cat_01444_pixabay_cat_000792.jpg,cat,train
data\processed\images_128\cat_05651_pixabay_cat_004826.jpg,cat,train
data\processed\images_128\dog_04491_pixabay_dog_003791.jpg,dog,train
data\processed\images_128\cat_03242_pixabay_cat_002744.jpg,cat,train
data\processed\images_128\dog_04902_pixabay_dog_000410.jpg,dog,train
data\processed\images_128\cat_03125_pixabay_cat_002617.jpg,cat,train
data\processed\images_128\cat_04718_pixabay_cat_004354.jpg,cat,train
data\processed\images_128\cat_00076_flickr_cat_000084.jpg,cat,train
data\processed\images_128\dog_03951_pixabay_dog_003188.jpg,dog,train
data\processed\images_128\dog_03470_pixabay_dog_002663.jpg,dog,train
data\processed\images_128\dog_02018_pixabay_dog_001071.jpg,dog,train
data\processed\images_128\cat_01456_pixabay_cat_000806.jpg,cat,train
data\processed\images_128\dog_02995_pixabay_dog_002140.jpg,dog,train
data\processed\images_128\cat_00520_flickr_cat_000586.jpg,cat,train
data\processed\images_128\cat_02360_pixabay_cat_001792.jpg,cat,train
data\processed\images_128\dog_01988_pixabay_dog_001037.jpg,dog,train
data\processed\images_128\cat_02857_pixabay_cat_002329.jpg,cat,train
data\processed\images_128\dog_04907_pixabay_dog_000455.jpg,dog,train
data\processed\images_128\cat_00315_flickr_cat_000358.jpg,cat,train
data\processed\images_128\dog_03982_pixabay_dog_003222.jpg,dog,train
data\processed\images_128\cat_05010_pixabay_cat_004679.jpg,cat,train
data\processed\images_128\cat_04126_pixabay_cat_003707.jpg,cat,train
data\processed\images_128\cat_04045_pixabay_cat_003622.jpg,cat,train
data\processed\images_128\cat_02512_pixabay_cat_001949.jpg,cat,train
data\processed\images_128\cat_03719_pixabay_cat_003266.jpg,cat,train
data\processed\images_128\dog_01913_pixabay_dog_000957.jpg,dog,train
data\processed\images_128\cat_00192_flickr_cat_000218.jpg,cat,train
data\processed\images_128\dog_03802_pixabay_dog_003028.jpg,dog,train
data\processed\images_128\dog_00561_flickr_dog_000618.jpg,dog,train
data\processed\images_128\dog_04423_pixabay_dog_003713.jpg,dog,train
data\processed\images_128\dog_05091_pixabay_dog_002418.jpg,dog,train
data\processed\images_128\cat_02961_pixabay_cat_002442.jpg,cat,train
data\processed\images_128\cat_01149_pixabay_cat_000464.jpg,cat,train
data\processed\images_128\dog_03732_pixabay_dog_002953.jpg,dog,train
data\processed\images_128\dog_04573_pixabay_dog_003874.jpg,dog,train
data\processed\images_128\cat_03396_pixabay_cat_002914.jpg,cat,train
data\processed\images_128\dog_00193_flickr_dog_000214.jpg,dog,train
data\processed\images_128\cat_05337_pixabay_cat_000935.jpg,cat,train
data\processed\images_128\dog_05092_pixabay_dog_002423.jpg,dog,train
data\processed\images_128\dog_03893_pixabay_dog_003126.jpg,dog,train
data\processed\images_128\dog_03825_pixabay_dog_003051.jpg,dog,train
data\processed\images_128\cat_04996_pixabay_cat_004665.jpg,cat,train
data\processed\images_128\dog_00126_flickr_dog_000138.jpg,dog,train
data\processed\images_128\dog_04394_pixabay_dog_003681.jpg,dog,train
data\processed\images_128\cat_01962_pixabay_cat_001362.jpg,cat,train
data\processed\images_128\dog_00957_flickr_dog_001069.jpg,dog,train
data\processed\images_128\dog_00811_flickr_dog_000905.jpg,dog,train
data\processed\images_128\cat_02979_pixabay_cat_002461.jpg,cat,train
data\processed\images_128\cat_02223_pixabay_cat_001645.jpg,cat,train
data\processed\images_128\cat_01546_pixabay_cat_000911.jpg,cat,train
data\processed\images_128\dog_03494_pixabay_dog_002689.jpg,dog,train
data\processed\images_128\cat_00048_flickr_cat_000053.jpg,cat,train
data\processed\images_128\dog_04664_pixabay_dog_003973.jpg,dog,train
data\processed\images_128\dog_01515_pixabay_dog_000517.jpg,dog,train
data\processed\images_128\cat_01615_pixabay_cat_000984.jpg,cat,train
data\processed\images_128\cat_00809_pixabay_cat_000088.jpg,cat,train
data\processed\images_128\dog_00467_flickr_dog_000512.jpg,dog,train
data\processed\images_128\dog_01426_pixabay_dog_000408.jpg,dog,train
data\processed\images_128\cat_04721_pixabay_cat_004357.jpg,cat,train
data\processed\images_128\dog_00966_flickr_dog_001080.jpg,dog,train
data\processed\images_128\dog_04903_pixabay_dog_000442.jpg,dog,train
data\processed\images_128\cat_02921_pixabay_cat_002397.jpg,cat,train
data\processed\images_128\dog_04330_pixabay_dog_003612.jpg,dog,train
data\processed\images_128\dog_04700_pixabay_dog_004018.jpg,dog,train
data\processed\images_128\cat_01542_pixabay_cat_000907.jpg,cat,train
data\processed\images_128\dog_02132_pixabay_dog_001200.jpg,dog,train
data\processed\images_128\cat_05648_pixabay_cat_004793.jpg,cat,train
data\processed\images_128\dog_01932_pixabay_dog_000977.jpg,dog,train
data\processed\images_128\dog_03996_pixabay_dog_003238.jpg,dog,train
data\processed\images_128\cat_03367_pixabay_cat_002882.jpg,cat,train
data\processed\images_128\dog_02021_pixabay_dog_001075.jpg,dog,train
data\processed\images_128\dog_03023_pixabay_dog_002174.jpg,dog,train
data\processed\images_128\dog_04814_flickr_dog_000774.jpg,dog,train
data\processed\images_128\dog_00302_flickr_dog_000336.jpg,dog,train
data\processed\images_128\dog_01254_pixabay_dog_000212.jpg,dog,train
data\processed\images_128\dog_00403_flickr_dog_000441.jpg,dog,train
data\processed\images_128\dog_04631_pixabay_dog_003936.jpg,dog,train
data\processed\images_128\cat_01241_pixabay_cat_000566.jpg,cat,train
data\processed\images_128\cat_05564_pixabay_cat_003811.jpg,cat,train
data\processed\images_128\cat_01046_pixabay_cat_000351.jpg,cat,train
data\processed\images_128\dog_01524_pixabay_dog_000527.jpg,dog,train
data\processed\images_128\dog_04203_pixabay_dog_003471.jpg,dog,train
data\processed\images_128\dog_00652_flickr_dog_000726.jpg,dog,train
data\processed\images_128\cat_01331_pixabay_cat_000667.jpg,cat,train
data\processed\images_128\cat_01203_pixabay_cat_000524.jpg,cat,train
data\processed\images_128\dog_01299_pixabay_dog_000261.jpg,dog,train
data\processed\images_128\dog_03544_pixabay_dog_002742.jpg,dog,train
data\processed\images_128\dog_01324_pixabay_dog_000290.jpg,dog,train
data\processed\images_128\dog_00234_flickr_dog_000263.jpg,dog,train
data\processed\images_128\dog_02120_pixabay_dog_001184.jpg,dog,train
data\processed\images_128\cat_02418_pixabay_cat_001851.jpg,cat,train
data\processed\images_128\dog_02452_pixabay_dog_001550.jpg,dog,train
data\processed\images_128\dog_04402_pixabay_dog_003689.jpg,dog,train
data\processed\images_128\cat_00602_flickr_cat_000680.jpg,cat,train
data\processed\images_128\dog_00910_flickr_dog_001015.jpg,dog,train
data\processed\images_128\cat_00735_pixabay_cat_000006.jpg,cat,train
data\processed\images_128\dog_02518_pixabay_dog_001623.jpg,dog,train
data\processed\images_128\cat_01958_pixabay_cat_001357.jpg,cat,train
data\processed\images_128\cat_05432_pixabay_cat_002205.jpg,cat,train
data\processed\images_128\dog_01947_pixabay_dog_000993.jpg,dog,train
data\processed\images_128\cat_04349_pixabay_cat_003955.jpg,cat,train
data\processed\images_128\dog_02128_pixabay_dog_001193.jpg,dog,train
data\processed\images_128\dog_02545_pixabay_dog_001652.jpg,dog,train
data\processed\images_128\dog_02735_pixabay_dog_001853.jpg,dog,train
data\processed\images_128\dog_00153_flickr_dog_000168.jpg,dog,train
data\processed\images_128\cat_05057_pixabay_cat_004728.jpg,cat,train
data\processed\images_128\dog_02877_pixabay_dog_002011.jpg,dog,train
data\processed\images_128\dog_00159_flickr_dog_000175.jpg,dog,train
data\processed\images_128\dog_02184_pixabay_dog_001258.jpg,dog,train
data\processed\images_128\dog_00818_flickr_dog_000912.jpg,dog,train
data\processed\images_128\cat_05176_flickr_cat_000216.jpg,cat,train
data\processed\images_128\cat_01408_pixabay_cat_000752.jpg,cat,train
data\processed\images_128\dog_02884_pixabay_dog_002019.jpg,dog,train
data\processed\images_128\dog_03344_pixabay_dog_002524.jpg,dog,train
data\processed\images_128\cat_03636_pixabay_cat_003174.jpg,cat,train
data\processed\images_128\dog_00736_flickr_dog_000821.jpg,dog,train
data\processed\images_128\dog_05147_pixabay_dog_003092.jpg,dog,train
data\processed\images_128\dog_03637_pixabay_dog_002848.jpg,dog,train
data\processed\images_128\dog_02465_pixabay_dog_001564.jpg,dog,train
data\processed\images_128\dog_01043_flickr_dog_001162.jpg,dog,train
data\processed\images_128\cat_04491_pixabay_cat_004109.jpg,cat,train
data\processed\images_128\cat_00404_flickr_cat_000456.jpg,cat,train
data\processed\images_128\dog_01056_flickr_dog_001176.jpg,dog,train
data\processed\images_128\cat_04484_pixabay_cat_004100.jpg,cat,train
data\processed\images_128\dog_03080_pixabay_dog_002236.jpg,dog,train
data\processed\images_128\cat_02619_pixabay_cat_002065.jpg,cat,train
data\processed\images_128\cat_02063_pixabay_cat_001475.jpg,cat,train
data\processed\images_128\dog_04199_pixabay_dog_003466.jpg,dog,train
data\processed\images_128\cat_03047_pixabay_cat_002535.jpg,cat,train
data\processed\images_128\dog_02550_pixabay_dog_001658.jpg,dog,train
data\processed\images_128\dog_04158_pixabay_dog_003422.jpg,dog,train
data\processed\images_128\dog_04476_pixabay_dog_003774.jpg,dog,train
data\processed\images_128\cat_00090_flickr_cat_000099.jpg,cat,train
data\processed\images_128\dog_04820_flickr_dog_000812.jpg,dog,train
data\processed\images_128\cat_01384_pixabay_cat_000724.jpg,cat,train
data\processed\images_128\cat_03629_pixabay_cat_003167.jpg,cat,train
data\processed\images_128\dog_03367_pixabay_dog_002550.jpg,dog,train
data\processed\images_128\dog_00116_flickr_dog_000128.jpg,dog,train
data\processed\images_128\dog_04698_pixabay_dog_004015.jpg,dog,train
data\processed\images_128\cat_03281_pixabay_cat_002786.jpg,cat,train
data\processed\images_128\cat_01101_pixabay_cat_000412.jpg,cat,train
data\processed\images_128\cat_03820_pixabay_cat_003374.jpg,cat,train
data\processed\images_128\cat_03898_pixabay_cat_003458.jpg,cat,train
data\processed\images_128\dog_04017_pixabay_dog_003262.jpg,dog,train
data\processed\images_128\dog_01116_pixabay_dog_000060.jpg,dog,train
data\processed\images_128\dog_02049_pixabay_dog_001108.jpg,dog,train
data\processed\images_128\dog_01705_pixabay_dog_000728.jpg,dog,train
data\processed\images_128\cat_01873_pixabay_cat_001264.jpg,cat,train
data\processed\images_128\dog_04202_pixabay_dog_003470.jpg,dog,train
data\processed\images_128\dog_05015_pixabay_dog_001530.jpg,dog,train
data\processed\images_128\cat_03876_pixabay_cat_003434.jpg,cat,train
data\processed\images_128\dog_01224_pixabay_dog_000178.jpg,dog,train
data\processed\images_128\dog_04480_pixabay_dog_003780.jpg,dog,train
data\processed\images_128\dog_04973_pixabay_dog_001081.jpg,dog,train
data\processed\images_128\cat_02696_pixabay_cat_002152.jpg,cat,train
data\processed\images_128\dog_01903_pixabay_dog_000946.jpg,dog,train
data\processed\images_128\dog_02288_pixabay_dog_001371.jpg,dog,train
data\processed\images_128\cat_04905_pixabay_cat_004559.jpg,cat,train
data\processed\images_128\cat_00047_flickr_cat_000052.jpg,cat,train
data\processed\images_128\cat_05178_flickr_cat_000230.jpg,cat,train
data\processed\images_128\dog_02843_pixabay_dog_001975.jpg,dog,train
data\processed\images_128\dog_03749_pixabay_dog_002972.jpg,dog,train
data\processed\images_128\dog_00770_flickr_dog_000863.jpg,dog,train
data\processed\images_128\dog_02864_pixabay_dog_001998.jpg,dog,train
data\processed\images_128\cat_02789_pixabay_cat_002254.jpg,cat,train
data\processed\images_128\cat_02425_pixabay_cat_001858.jpg,cat,train
data\processed\images_128\dog_03660_pixabay_dog_002874.jpg,dog,train
data\processed\images_128\cat_01718_pixabay_cat_001101.jpg,cat,train
data\processed\images_128\cat_04652_pixabay_cat_004282.jpg,cat,train
data\processed\images_128\cat_02569_pixabay_cat_002013.jpg,cat,train
data\processed\images_128\dog_02942_pixabay_dog_002083.jpg,dog,train
data\processed\images_128\cat_05082_pixabay_cat_004753.jpg,cat,train
data\processed\images_128\dog_00835_flickr_dog_000930.jpg,dog,train
data\processed\images_128\cat_03914_pixabay_cat_003476.jpg,cat,train
data\processed\images_128\cat_04281_pixabay_cat_003880.jpg,cat,train
data\processed\images_128\dog_00265_flickr_dog_000294.jpg,dog,train
data\processed\images_128\dog_00174_flickr_dog_000191.jpg,dog,train
data\processed\images_128\cat_02212_pixabay_cat_001631.jpg,cat,train
data\processed\images_128\dog_02428_pixabay_dog_001524.jpg,dog,train
data\processed\images_128\cat_00070_flickr_cat_000077.jpg,cat,train
data\processed\images_128\cat_03390_pixabay_cat_002908.jpg,cat,train
data\processed\images_128\dog_04349_pixabay_dog_003631.jpg,dog,train
data\processed\images_128\dog_03063_pixabay_dog_002217.jpg,dog,train
data\processed\images_128\dog_00114_flickr_dog_000126.jpg,dog,train
data\processed\images_128\cat_03198_pixabay_cat_002697.jpg,cat,train
data\processed\images_128\cat_04149_pixabay_cat_003733.jpg,cat,train
data\processed\images_128\cat_05406_pixabay_cat_001917.jpg,cat,train
data\processed\images_128\cat_03006_pixabay_cat_002493.jpg,cat,train
data\processed\images_128\cat_04231_pixabay_cat_003826.jpg,cat,train
data\processed\images_128\cat_01861_pixabay_cat_001252.jpg,cat,train
data\processed\images_128\dog_04661_pixabay_dog_003970.jpg,dog,train
data\processed\images_128\cat_01417_pixabay_cat_000764.jpg,cat,train
data\processed\images_128\cat_05003_pixabay_cat_004672.jpg,cat,train
data\processed\images_128\cat_05258_pixabay_cat_000169.jpg,cat,train
data\processed\images_128\cat_00667_flickr_cat_000750.jpg,cat,train
data\processed\images_128\dog_02919_pixabay_dog_002058.jpg,dog,train
data\processed\images_128\dog_02366_pixabay_dog_001457.jpg,dog,train
data\processed\images_128\cat_02332_pixabay_cat_001763.jpg,cat,train
data\processed\images_128\dog_01407_pixabay_dog_000387.jpg,dog,train
data\processed\images_128\dog_03301_pixabay_dog_002478.jpg,dog,train
data\processed\images_128\dog_03062_pixabay_dog_002216.jpg,dog,train
data\processed\images_128\dog_01436_pixabay_dog_000420.jpg,dog,train
data\processed\images_128\dog_04142_pixabay_dog_003403.jpg,dog,train
data\processed\images_128\dog_01197_pixabay_dog_000148.jpg,dog,train
data\processed\images_128\cat_04969_pixabay_cat_004632.jpg,cat,train
data\processed\images_128\cat_03774_pixabay_cat_003322.jpg,cat,train
data\processed\images_128\dog_05036_pixabay_dog_001835.jpg,dog,train
data\processed\images_128\dog_03780_pixabay_dog_003004.jpg,dog,train
data\processed\images_128\dog_03705_pixabay_dog_002924.jpg,dog,train
data\processed\images_128\cat_02710_pixabay_cat_002168.jpg,cat,train
data\processed\images_128\cat_03560_pixabay_cat_003093.jpg,cat,train
data\processed\images_128\cat_00033_flickr_cat_000038.jpg,cat,train
data\processed\images_128\dog_04114_pixabay_dog_003370.jpg,dog,train
data\processed\images_128\dog_00075_flickr_dog_000083.jpg,dog,train
data\processed\images_128\cat_05647_pixabay_cat_004784.jpg,cat,train
data\processed\images_128\cat_02756_pixabay_cat_002219.jpg,cat,train
data\processed\images_128\dog_04747_flickr_dog_000111.jpg,dog,train
data\processed\images_128\cat_03940_pixabay_cat_003505.jpg,cat,train
data\processed\images_128\dog_01058_flickr_dog_001179.jpg,dog,train
data\processed\images_128\cat_03674_pixabay_cat_003220.jpg,cat,train
data\processed\images_128\cat_05244_pixabay_cat_000037.jpg,cat,train
data\processed\images_128\dog_03026_pixabay_dog_002178.jpg,dog,train
data\processed\images_128\dog_01476_pixabay_dog_000465.jpg,dog,train
data\processed\images_128\cat_03971_pixabay_cat_003539.jpg,cat,train
data\processed\images_128\dog_01260_pixabay_dog_000218.jpg,dog,train
data\processed\images_128\dog_03966_pixabay_dog_003206.jpg,dog,train
data\processed\images_128\cat_02424_pixabay_cat_001857.jpg,cat,train
data\processed\images_128\cat_01950_pixabay_cat_001349.jpg,cat,train
data\processed\images_128\dog_01565_pixabay_dog_000572.jpg,dog,train
data\processed\images_128\cat_01227_pixabay_cat_000552.jpg,cat,train
data\processed\images_128\dog_04846_flickr_dog_001052.jpg,dog,train
data\processed\images_128\dog_03024_pixabay_dog_002175.jpg,dog,train
data\processed\images_128\cat_05373_pixabay_cat_001371.jpg,cat,train
data\processed\images_128\cat_00923_pixabay_cat_000215.jpg,cat,train
data\processed\images_128\cat_00758_pixabay_cat_000031.jpg,cat,train
data\processed\images_128\cat_02305_pixabay_cat_001736.jpg,cat,train
data\processed\images_128\cat_00460_flickr_cat_000513.jpg,cat,train
data\processed\images_128\dog_00451_flickr_dog_000496.jpg,dog,train
data\processed\images_128\dog_01190_pixabay_dog_000141.jpg,dog,train
data\processed\images_128\cat_01888_pixabay_cat_001281.jpg,cat,train
data\processed\images_128\cat_01025_pixabay_cat_000328.jpg,cat,train
data\processed\images_128\cat_03892_pixabay_cat_003451.jpg,cat,train
data\processed\images_128\cat_02333_pixabay_cat_001764.jpg,cat,train
data\processed\images_128\dog_02698_pixabay_dog_001814.jpg,dog,train
data\processed\images_128\dog_03523_pixabay_dog_002720.jpg,dog,train
data\processed\images_128\cat_04857_pixabay_cat_004504.jpg,cat,train
data\processed\images_128\cat_03808_pixabay_cat_003362.jpg,cat,train
data\processed\images_128\cat_00648_flickr_cat_000729.jpg,cat,train
data\processed\images_128\dog_00790_flickr_dog_000883.jpg,dog,train
data\processed\images_128\dog_00136_flickr_dog_000149.jpg,dog,train
data\processed\images_128\cat_01685_pixabay_cat_001062.jpg,cat,train
data\processed\images_128\cat_03368_pixabay_cat_002884.jpg,cat,train
data\processed\images_128\cat_02401_pixabay_cat_001834.jpg,cat,train
data\processed\images_128\cat_04048_pixabay_cat_003625.jpg,cat,train
data\processed\images_128\cat_01814_pixabay_cat_001203.jpg,cat,train
data\processed\images_128\dog_01329_pixabay_dog_000295.jpg,dog,train
data\processed\images_128\dog_03261_pixabay_dog_002435.jpg,dog,train
data\processed\images_128\cat_04065_pixabay_cat_003642.jpg,cat,train
data\processed\images_128\dog_04261_pixabay_dog_003538.jpg,dog,train
data\processed\images_128\dog_02929_pixabay_dog_002069.jpg,dog,train
data\processed\images_128\cat_01082_pixabay_cat_000391.jpg,cat,train
data\processed\images_128\dog_03814_pixabay_dog_003040.jpg,dog,train
data\processed\images_128\dog_00693_flickr_dog_000769.jpg,dog,train
data\processed\images_128\dog_04630_pixabay_dog_003935.jpg,dog,train
data\processed\images_128\dog_02152_pixabay_dog_001222.jpg,dog,train
data\processed\images_128\cat_01226_pixabay_cat_000551.jpg,cat,train
data\processed\images_128\cat_03003_pixabay_cat_002490.jpg,cat,train
data\processed\images_128\cat_01954_pixabay_cat_001353.jpg,cat,train
data\processed\images_128\cat_04121_pixabay_cat_003700.jpg,cat,train
data\processed\images_128\cat_00938_pixabay_cat_000230.jpg,cat,train
data\processed\images_128\cat_04066_pixabay_cat_003643.jpg,cat,train
data\processed\images_128\cat_02215_pixabay_cat_001636.jpg,cat,train
data\processed\images_128\cat_00093_flickr_cat_000102.jpg,cat,train
data\processed\images_128\dog_03091_pixabay_dog_002250.jpg,dog,train
data\processed\images_128\cat_00293_flickr_cat_000333.jpg,cat,train
data\processed\images_128\dog_04850_flickr_dog_001072.jpg,dog,train
data\processed\images_128\dog_04501_pixabay_dog_003801.jpg,dog,train
data\processed\images_128\dog_03842_pixabay_dog_003070.jpg,dog,train
data\processed\images_128\dog_03098_pixabay_dog_002257.jpg,dog,train
data\processed\images_128\cat_03278_pixabay_cat_002783.jpg,cat,train
data\processed\images_128\dog_02012_pixabay_dog_001064.jpg,dog,train
data\processed\images_128\cat_02692_pixabay_cat_002147.jpg,cat,train
data\processed\images_128\dog_00860_flickr_dog_000958.jpg,dog,train
data\processed\images_128\cat_03382_pixabay_cat_002899.jpg,cat,train
data\processed\images_128\cat_05539_pixabay_cat_003556.jpg,cat,train
data\processed\images_128\dog_03034_pixabay_dog_002186.jpg,dog,train
data\processed\images_128\dog_04323_pixabay_dog_003605.jpg,dog,train
data\processed\images_128\cat_02918_pixabay_cat_002394.jpg,cat,train
data\processed\images_128\dog_02516_pixabay_dog_001621.jpg,dog,train
data\processed\images_128\cat_03236_pixabay_cat_002738.jpg,cat,train
data\processed\images_128\cat_02392_pixabay_cat_001825.jpg,cat,train
data\processed\images_128\cat_01125_pixabay_cat_000437.jpg,cat,train
data\processed\images_128\dog_02851_pixabay_dog_001984.jpg,dog,train
data\processed\images_128\dog_05049_pixabay_dog_001965.jpg,dog,train
data\processed\images_128\cat_04117_pixabay_cat_003696.jpg,cat,train
data\processed\images_128\cat_04672_pixabay_cat_004304.jpg,cat,train
data\processed\images_128\cat_00272_flickr_cat_000309.jpg,cat,train
data\processed\images_128\dog_02296_pixabay_dog_001382.jpg,dog,train
data\processed\images_128\cat_03972_pixabay_cat_003540.jpg,cat,train
data\processed\images_128\dog_01852_pixabay_dog_000891.jpg,dog,train
data\processed\images_128\dog_03322_pixabay_dog_002500.jpg,dog,train
data\processed\images_128\dog_00189_flickr_dog_000209.jpg,dog,train
data\processed\images_128\cat_02986_pixabay_cat_002471.jpg,cat,train
data\processed\images_128\dog_01622_pixabay_dog_000636.jpg,dog,train
data\processed\images_128\cat_04818_pixabay_cat_004462.jpg,cat,train
data\processed\images_128\dog_03134_pixabay_dog_002294.jpg,dog,train
data\processed\images_128\dog_03794_pixabay_dog_003020.jpg,dog,train
data\processed\images_128\cat_00628_flickr_cat_000707.jpg,cat,train
data\processed\images_128\dog_04303_pixabay_dog_003584.jpg,dog,train
data\processed\images_128\cat_01719_pixabay_cat_001102.jpg,cat,train
data\processed\images_128\dog_01028_flickr_dog_001147.jpg,dog,train
data\processed\images_128\cat_00141_flickr_cat_000154.jpg,cat,train
data\processed\images_128\cat_03189_pixabay_cat_002685.jpg,cat,train
data\processed\images_128\dog_04851_flickr_dog_001085.jpg,dog,train
data\processed\images_128\dog_03072_pixabay_dog_002227.jpg,dog,train
data\processed\images_128\cat_00346_flickr_cat_000393.jpg,cat,train
data\processed\images_128\dog_01772_pixabay_dog_000803.jpg,dog,train
data\processed\images_128\dog_00893_flickr_dog_000993.jpg,dog,train
data\processed\images_128\cat_03392_pixabay_cat_002910.jpg,cat,train
data\processed\images_128\cat_03249_pixabay_cat_002752.jpg,cat,train
data\processed\images_128\cat_00483_flickr_cat_000543.jpg,cat,train
data\processed\images_128\cat_02126_pixabay_cat_001541.jpg,cat,train
data\processed\images_128\cat_00473_flickr_cat_000530.jpg,cat,train
data\processed\images_128\cat_01119_pixabay_cat_000431.jpg,cat,train
data\processed\images_128\cat_01409_pixabay_cat_000753.jpg,cat,train
data\processed\images_128\dog_04642_pixabay_dog_003951.jpg,dog,train
data\processed\images_128\cat_03361_pixabay_cat_002876.jpg,cat,train
data\processed\images_128\cat_00643_flickr_cat_000724.jpg,cat,train
data\processed\images_128\cat_03446_pixabay_cat_002967.jpg,cat,train
data\processed\images_128\cat_03964_pixabay_cat_003532.jpg,cat,train
data\processed\images_128\cat_03675_pixabay_cat_003221.jpg,cat,train
data\processed\images_128\cat_02817_pixabay_cat_002285.jpg,cat,train
data\processed\images_128\cat_04728_pixabay_cat_004365.jpg,cat,train
data\processed\images_128\dog_02962_pixabay_dog_002103.jpg,dog,train
data\processed\images_128\cat_04206_pixabay_cat_003798.jpg,cat,train
data\processed\images_128\cat_05269_pixabay_cat_000299.jpg,cat,train
data\processed\images_128\dog_04426_pixabay_dog_003716.jpg,dog,train
data\processed\images_128\cat_00627_flickr_cat_000706.jpg,cat,train
data\processed\images_128\cat_02364_pixabay_cat_001796.jpg,cat,train
data\processed\images_128\dog_00643_flickr_dog_000714.jpg,dog,train
data\processed\images_128\cat_02736_pixabay_cat_002195.jpg,cat,train
data\processed\images_128\dog_00487_flickr_dog_000533.jpg,dog,train
data\processed\images_128\cat_00713_flickr_cat_000801.jpg,cat,train
data\processed\images_128\cat_02870_pixabay_cat_002344.jpg,cat,train
data\processed\images_128\cat_05610_pixabay_cat_004415.jpg,cat,train
data\processed\images_128\dog_00049_flickr_dog_000053.jpg,dog,train
data\processed\images_128\cat_02686_pixabay_cat_002141.jpg,cat,train
data\processed\images_128\dog_03970_pixabay_dog_003210.jpg,dog,train
data\processed\images_128\dog_03531_pixabay_dog_002728.jpg,dog,train
data\processed\images_128\dog_03224_pixabay_dog_002395.jpg,dog,train
data\processed\images_128\cat_00681_flickr_cat_000768.jpg,cat,train
data\processed\images_128\dog_02591_pixabay_dog_001702.jpg,dog,train
data\processed\images_128\dog_04493_pixabay_dog_003793.jpg,dog,train
data\processed\images_128\cat_02989_pixabay_cat_002475.jpg,cat,train
data\processed\images_128\cat_04307_pixabay_cat_003910.jpg,cat,train
data\processed\images_128\cat_04477_pixabay_cat_004093.jpg,cat,train
data\processed\images_128\dog_02508_pixabay_dog_001613.jpg,dog,train
data\processed\images_128\cat_01590_pixabay_cat_000957.jpg,cat,train
data\processed\images_128\cat_02241_pixabay_cat_001664.jpg,cat,train
data\processed\images_128\cat_05627_pixabay_cat_004586.jpg,cat,train
data\processed\images_128\dog_04746_flickr_dog_000104.jpg,dog,train
data\processed\images_128\cat_04365_pixabay_cat_003972.jpg,cat,train
data\processed\images_128\cat_01475_pixabay_cat_000826.jpg,cat,train
data\processed\images_128\cat_02847_pixabay_cat_002319.jpg,cat,train
data\processed\images_128\cat_00454_flickr_cat_000507.jpg,cat,train
data\processed\images_128\cat_04669_pixabay_cat_004300.jpg,cat,train
data\processed\images_128\dog_00848_flickr_dog_000944.jpg,dog,train
data\processed\images_128\cat_01787_pixabay_cat_001173.jpg,cat,train
data\processed\images_128\dog_03664_pixabay_dog_002879.jpg,dog,train
data\processed\images_128\cat_02625_pixabay_cat_002071.jpg,cat,train
data\processed\images_128\cat_00682_flickr_cat_000770.jpg,cat,train
data\processed\images_128\dog_04468_pixabay_dog_003764.jpg,dog,train
data\processed\images_128\cat_03277_pixabay_cat_002782.jpg,cat,train
data\processed\images_128\dog_04500_pixabay_dog_003800.jpg,dog,train
data\processed\images_128\cat_01310_pixabay_cat_000643.jpg,cat,train
data\processed\images_128\cat_03737_pixabay_cat_003284.jpg,cat,train
data\processed\images_128\cat_04981_pixabay_cat_004646.jpg,cat,train
data\processed\images_128\dog_00088_flickr_dog_000097.jpg,dog,train
data\processed\images_128\dog_00836_flickr_dog_000931.jpg,dog,train
data\processed\images_128\dog_03956_pixabay_dog_003195.jpg,dog,train
data\processed\images_128\dog_04605_pixabay_dog_003908.jpg,dog,train
data\processed\images_128\dog_01417_pixabay_dog_000399.jpg,dog,train
data\processed\images_128\dog_00902_flickr_dog_001005.jpg,dog,train
data\processed\images_128\cat_04730_pixabay_cat_004367.jpg,cat,train
data\processed\images_128\cat_02797_pixabay_cat_002263.jpg,cat,train
data\processed\images_128\cat_04172_pixabay_cat_003762.jpg,cat,train
data\processed\images_128\dog_01242_pixabay_dog_000198.jpg,dog,train
data\processed\images_128\cat_04558_pixabay_cat_004182.jpg,cat,train
data\processed\images_128\cat_02880_pixabay_cat_002355.jpg,cat,train
data\processed\images_128\dog_03856_pixabay_dog_003084.jpg,dog,train
data\processed\images_128\dog_04620_pixabay_dog_003925.jpg,dog,train
data\processed\images_128\dog_00003_flickr_dog_000005.jpg,dog,train
data\processed\images_128\cat_00391_flickr_cat_000442.jpg,cat,train
data\processed\images_128\dog_03219_pixabay_dog_002389.jpg,dog,train
data\processed\images_128\cat_00181_flickr_cat_000205.jpg,cat,train
data\processed\images_128\dog_01684_pixabay_dog_000703.jpg,dog,train
data\processed\images_128\cat_02827_pixabay_cat_002295.jpg,cat,train
data\processed\images_128\cat_01193_pixabay_cat_000512.jpg,cat,train
data\processed\images_128\dog_05035_pixabay_dog_001816.jpg,dog,train
data\processed\images_128\dog_02459_pixabay_dog_001557.jpg,dog,train
data\processed\images_128\cat_00270_flickr_cat_000307.jpg,cat,train
data\processed\images_128\dog_04690_pixabay_dog_004007.jpg,dog,train
data\processed\images_128\cat_04777_pixabay_cat_004417.jpg,cat,train
data\processed\images_128\dog_00081_flickr_dog_000089.jpg,dog,train
data\processed\images_128\cat_04355_pixabay_cat_003961.jpg,cat,train
data\processed\images_128\cat_02658_pixabay_cat_002107.jpg,cat,train
data\processed\images_128\cat_02704_pixabay_cat_002162.jpg,cat,train
data\processed\images_128\cat_00159_flickr_cat_000178.jpg,cat,train
data\processed\images_128\dog_00232_flickr_dog_000261.jpg,dog,train
data\processed\images_128\dog_02902_pixabay_dog_002040.jpg,dog,train
data\processed\images_128\cat_01069_pixabay_cat_000376.jpg,cat,train
data\processed\images_128\cat_05612_pixabay_cat_004422.jpg,cat,train
data\processed\images_128\cat_00135_flickr_cat_000147.jpg,cat,train
data\processed\images_128\dog_02317_pixabay_dog_001404.jpg,dog,train
data\processed\images_128\dog_03216_pixabay_dog_002386.jpg,dog,train
data\processed\images_128\cat_02404_pixabay_cat_001837.jpg,cat,train
data\processed\images_128\cat_03583_pixabay_cat_003116.jpg,cat,train
data\processed\images_128\dog_02626_pixabay_dog_001739.jpg,dog,train
data\processed\images_128\dog_00837_flickr_dog_000932.jpg,dog,train
data\processed\images_128\dog_00615_flickr_dog_000682.jpg,dog,train
data\processed\images_128\cat_03524_pixabay_cat_003056.jpg,cat,train
data\processed\images_128\dog_00344_flickr_dog_000379.jpg,dog,train
data\processed\images_128\dog_04932_pixabay_dog_000618.jpg,dog,train
data\processed\images_128\cat_00771_pixabay_cat_000046.jpg,cat,train
data\processed\images_128\cat_01115_pixabay_cat_000427.jpg,cat,train
data\processed\images_128\dog_03578_pixabay_dog_002780.jpg,dog,train
data\processed\images_128\dog_04251_pixabay_dog_003526.jpg,dog,train
data\processed\images_128\dog_00483_flickr_dog_000529.jpg,dog,train
data\processed\images_128\dog_04189_pixabay_dog_003455.jpg,dog,train
data\processed\images_128\cat_03962_pixabay_cat_003530.jpg,cat,train
data\processed\images_128\dog_02404_pixabay_dog_001496.jpg,dog,train
data\processed\images_128\cat_02815_pixabay_cat_002283.jpg,cat,train
data\processed\images_128\dog_00715_flickr_dog_000797.jpg,dog,train
data\processed\images_128\cat_01506_pixabay_cat_000865.jpg,cat,train
data\processed\images_128\dog_02312_pixabay_dog_001399.jpg,dog,train
data\processed\images_128\dog_03936_pixabay_dog_003172.jpg,dog,train
data\processed\images_128\cat_05104_pixabay_cat_004778.jpg,cat,train
data\processed\images_128\dog_04579_pixabay_dog_003880.jpg,dog,train
data\processed\images_128\cat_05574_pixabay_cat_003911.jpg,cat,train
data\processed\images_128\dog_02300_pixabay_dog_001387.jpg,dog,train
data\processed\images_128\dog_03267_pixabay_dog_002442.jpg,dog,train
data\processed\images_128\dog_01342_pixabay_dog_000312.jpg,dog,train
data\processed\images_128\dog_02061_pixabay_dog_001120.jpg,dog,train
data\processed\images_128\dog_01624_pixabay_dog_000638.jpg,dog,train
data\processed\images_128\dog_04557_pixabay_dog_003858.jpg,dog,train
data\processed\images_128\dog_04553_pixabay_dog_003853.jpg,dog,train
data\processed\images_128\cat_05112_pixabay_cat_004789.jpg,cat,train
data\processed\images_128\dog_03824_pixabay_dog_003050.jpg,dog,train
data\processed\images_128\dog_00084_flickr_dog_000092.jpg,dog,train
data\processed\images_128\cat_01204_pixabay_cat_000525.jpg,cat,train
data\processed\images_128\cat_01301_pixabay_cat_000632.jpg,cat,train
data\processed\images_128\cat_01556_pixabay_cat_000921.jpg,cat,train
data\processed\images_128\dog_00099_flickr_dog_000109.jpg,dog,train
data\processed\images_128\cat_03327_pixabay_cat_002836.jpg,cat,train
data\processed\images_128\dog_01209_pixabay_dog_000161.jpg,dog,train
data\processed\images_128\dog_04792_flickr_dog_000596.jpg,dog,train
data\processed\images_128\dog_00337_flickr_dog_000371.jpg,dog,train
data\processed\images_128\dog_04237_pixabay_dog_003511.jpg,dog,train
data\processed\images_128\dog_01968_pixabay_dog_001015.jpg,dog,train
data\processed\images_128\dog_04236_pixabay_dog_003510.jpg,dog,train
data\processed\images_128\cat_03772_pixabay_cat_003320.jpg,cat,train
data\processed\images_128\cat_04116_pixabay_cat_003695.jpg,cat,train
data\processed\images_128\dog_04006_pixabay_dog_003248.jpg,dog,train
data\processed\images_128\cat_04299_pixabay_cat_003900.jpg,cat,train
data\processed\images_128\dog_04881_pixabay_dog_000265.jpg,dog,train
data\processed\images_128\cat_01137_pixabay_cat_000451.jpg,cat,train
data\processed\images_128\cat_05470_pixabay_cat_002702.jpg,cat,train
data\processed\images_128\dog_03981_pixabay_dog_003221.jpg,dog,train
data\processed\images_128\cat_00030_flickr_cat_000035.jpg,cat,train
data\processed\images_128\cat_01529_pixabay_cat_000892.jpg,cat,train
data\processed\images_128\dog_01384_pixabay_dog_000362.jpg,dog,train
data\processed\images_128\dog_02475_pixabay_dog_001579.jpg,dog,train
data\processed\images_128\cat_00948_pixabay_cat_000242.jpg,cat,train
data\processed\images_128\cat_03658_pixabay_cat_003198.jpg,cat,train
data\processed\images_128\dog_03258_pixabay_dog_002432.jpg,dog,train
data\processed\images_128\dog_01021_flickr_dog_001140.jpg,dog,train
data\processed\images_128\cat_01985_pixabay_cat_001389.jpg,cat,train
data\processed\images_128\cat_04720_pixabay_cat_004356.jpg,cat,train
data\processed\images_128\dog_04149_pixabay_dog_003412.jpg,dog,train
data\processed\images_128\cat_04486_pixabay_cat_004103.jpg,cat,train
data\processed\images_128\dog_00688_flickr_dog_000764.jpg,dog,train
data\processed\images_128\cat_01797_pixabay_cat_001184.jpg,cat,train
data\processed\images_128\cat_02858_pixabay_cat_002330.jpg,cat,train
data\processed\images_128\cat_01911_pixabay_cat_001306.jpg,cat,train
data\processed\images_128\dog_03525_pixabay_dog_002722.jpg,dog,train
data\processed\images_128\dog_00782_flickr_dog_000875.jpg,dog,train
data\processed\images_128\dog_03084_pixabay_dog_002242.jpg,dog,train
data\processed\images_128\dog_00420_flickr_dog_000460.jpg,dog,train
data\processed\images_128\cat_04101_pixabay_cat_003678.jpg,cat,train
data\processed\images_128\dog_00160_flickr_dog_000177.jpg,dog,train
data\processed\images_128\dog_04100_pixabay_dog_003354.jpg,dog,train
data\processed\images_128\cat_03063_pixabay_cat_002553.jpg,cat,train
data\processed\images_128\dog_01351_pixabay_dog_000323.jpg,dog,train
data\processed\images_128\dog_02395_pixabay_dog_001487.jpg,dog,train
data\processed\images_128\cat_01750_pixabay_cat_001134.jpg,cat,train
data\processed\images_128\dog_00997_flickr_dog_001114.jpg,dog,train
data\processed\images_128\dog_01689_pixabay_dog_000708.jpg,dog,train
data\processed\images_128\dog_02015_pixabay_dog_001067.jpg,dog,train
data\processed\images_128\dog_04841_flickr_dog_001012.jpg,dog,train
data\processed\images_128\cat_05408_pixabay_cat_001951.jpg,cat,train
data\processed\images_128\dog_02785_pixabay_dog_001908.jpg,dog,train
data\processed\images_128\cat_02344_pixabay_cat_001775.jpg,cat,train
data\processed\images_128\dog_01358_pixabay_dog_000332.jpg,dog,train
data\processed\images_128\dog_02867_pixabay_dog_002001.jpg,dog,train
data\processed\images_128\cat_00311_flickr_cat_000354.jpg,cat,train
data\processed\images_128\dog_02598_pixabay_dog_001710.jpg,dog,train
data\processed\images_128\dog_04959_pixabay_dog_000917.jpg,dog,train
data\processed\images_128\dog_04985_pixabay_dog_001196.jpg,dog,train
data\processed\images_128\dog_01745_pixabay_dog_000771.jpg,dog,train
data\processed\images_128\cat_03874_pixabay_cat_003431.jpg,cat,train
data\processed\images_128\dog_03474_pixabay_dog_002667.jpg,dog,train
data\processed\images_128\dog_02604_pixabay_dog_001716.jpg,dog,train
data\processed\images_128\cat_02232_pixabay_cat_001655.jpg,cat,train
data\processed\images_128\dog_01683_pixabay_dog_000702.jpg,dog,train
data\processed\images_128\dog_02190_pixabay_dog_001264.jpg,dog,train
data\processed\images_128\cat_01791_pixabay_cat_001177.jpg,cat,train
data\processed\images_128\dog_00771_flickr_dog_000864.jpg,dog,train
data\processed\images_128\dog_01848_pixabay_dog_000886.jpg,dog,train
data\processed\images_128\dog_03113_pixabay_dog_002272.jpg,dog,train
data\processed\images_128\cat_05533_pixabay_cat_003483.jpg,cat,train
data\processed\images_128\dog_05174_pixabay_dog_003366.jpg,dog,train
data\processed\images_128\dog_02287_pixabay_dog_001369.jpg,dog,train
data\processed\images_128\dog_00496_flickr_dog_000543.jpg,dog,train
data\processed\images_128\cat_00551_flickr_cat_000622.jpg,cat,train
data\processed\images_128\dog_01179_pixabay_dog_000128.jpg,dog,train
data\processed\images_128\dog_05177_pixabay_dog_003379.jpg,dog,train
data\processed\images_128\cat_04569_pixabay_cat_004195.jpg,cat,train
data\processed\images_128\cat_03092_pixabay_cat_002584.jpg,cat,train
data\processed\images_128\dog_04435_pixabay_dog_003727.jpg,dog,train
data\processed\images_128\cat_01259_pixabay_cat_000586.jpg,cat,train
data\processed\images_128\dog_01694_pixabay_dog_000714.jpg,dog,train
data\processed\images_128\dog_04367_pixabay_dog_003650.jpg,dog,train
data\processed\images_128\dog_01827_pixabay_dog_000864.jpg,dog,train
data\processed\images_128\cat_03764_pixabay_cat_003311.jpg,cat,train
data\processed\images_128\dog_01677_pixabay_dog_000696.jpg,dog,train
data\processed\images_128\dog_03493_pixabay_dog_002688.jpg,dog,train
data\processed\images_128\dog_04060_pixabay_dog_003308.jpg,dog,train
data\processed\images_128\cat_02229_pixabay_cat_001651.jpg,cat,train
data\processed\images_128\dog_00768_flickr_dog_000861.jpg,dog,train
data\processed\images_128\cat_02497_pixabay_cat_001933.jpg,cat,train
data\processed\images_128\cat_03374_pixabay_cat_002891.jpg,cat,train
data\processed\images_128\dog_04941_pixabay_dog_000724.jpg,dog,train
data\processed\images_128\dog_04264_pixabay_dog_003542.jpg,dog,train
data\processed\images_128\dog_04094_pixabay_dog_003347.jpg,dog,train
data\processed\images_128\dog_01186_pixabay_dog_000136.jpg,dog,train
data\processed\images_128\dog_03892_pixabay_dog_003125.jpg,dog,train
data\processed\images_128\dog_03236_pixabay_dog_002408.jpg,dog,train
data\processed\images_128\dog_03829_pixabay_dog_003055.jpg,dog,train
data\processed\images_128\cat_00612_flickr_cat_000691.jpg,cat,train
data\processed\images_128\cat_04761_pixabay_cat_004400.jpg,cat,train
data\processed\images_128\cat_04264_pixabay_cat_003861.jpg,cat,train
data\processed\images_128\cat_00468_flickr_cat_000523.jpg,cat,train
data\processed\images_128\dog_00598_flickr_dog_000663.jpg,dog,train
data\processed\images_128\dog_00821_flickr_dog_000915.jpg,dog,train
data\processed\images_128\cat_01467_pixabay_cat_000818.jpg,cat,train
data\processed\images_128\dog_02691_pixabay_dog_001807.jpg,dog,train
data\processed\images_128\dog_04983_pixabay_dog_001192.jpg,dog,train
data\processed\images_128\dog_03903_pixabay_dog_003137.jpg,dog,train
data\processed\images_128\cat_01844_pixabay_cat_001235.jpg,cat,train
data\processed\images_128\dog_05203_pixabay_dog_003667.jpg,dog,train
data\processed\images_128\cat_05124_pixabay_cat_004802.jpg,cat,train
data\processed\images_128\cat_05643_pixabay_cat_004765.jpg,cat,train
data\processed\images_128\cat_00449_flickr_cat_000502.jpg,cat,train
data\processed\images_128\dog_04282_pixabay_dog_003562.jpg,dog,train
data\processed\images_128\dog_03741_pixabay_dog_002964.jpg,dog,train
data\processed\images_128\dog_01669_pixabay_dog_000687.jpg,dog,train
data\processed\images_128\dog_04096_pixabay_dog_003349.jpg,dog,train
data\processed\images_128\cat_02476_pixabay_cat_001911.jpg,cat,train
data\processed\images_128\cat_05458_pixabay_cat_002510.jpg,cat,train
data\processed\images_128\dog_04556_pixabay_dog_003857.jpg,dog,train
data\processed\images_128\cat_01381_pixabay_cat_000721.jpg,cat,train
data\processed\images_128\dog_01618_pixabay_dog_000632.jpg,dog,train
data\processed\images_128\dog_04143_pixabay_dog_003404.jpg,dog,train
data\processed\images_128\cat_05328_pixabay_cat_000847.jpg,cat,train
data\processed\images_128\dog_01925_pixabay_dog_000969.jpg,dog,train
data\processed\images_128\dog_02522_pixabay_dog_001627.jpg,dog,train
data\processed\images_128\cat_04145_pixabay_cat_003729.jpg,cat,train
data\processed\images_128\dog_00550_flickr_dog_000606.jpg,dog,train
data\processed\images_128\cat_00452_flickr_cat_000505.jpg,cat,train
data\processed\images_128\dog_00680_flickr_dog_000755.jpg,dog,train
data\processed\images_128\dog_03096_pixabay_dog_002255.jpg,dog,train
data\processed\images_128\dog_03967_pixabay_dog_003207.jpg,dog,train
data\processed\images_128\cat_00850_pixabay_cat_000134.jpg,cat,train
data\processed\images_128\dog_01626_pixabay_dog_000641.jpg,dog,train
data\processed\images_128\cat_00444_flickr_cat_000497.jpg,cat,train
data\processed\images_128\cat_04641_pixabay_cat_004271.jpg,cat,train
data\processed\images_128\cat_00801_pixabay_cat_000079.jpg,cat,train
data\processed\images_128\cat_03143_pixabay_cat_002635.jpg,cat,train
data\processed\images_128\cat_01047_pixabay_cat_000352.jpg,cat,train
data\processed\images_128\cat_02296_pixabay_cat_001725.jpg,cat,train
data\processed\images_128\cat_02511_pixabay_cat_001948.jpg,cat,train
data\processed\images_128\cat_02207_pixabay_cat_001626.jpg,cat,train
data\processed\images_128\cat_04019_pixabay_cat_003592.jpg,cat,train
data\processed\images_128\dog_00897_flickr_dog_000998.jpg,dog,train
data\processed\images_128\dog_04758_flickr_dog_000216.jpg,dog,train
data\processed\images_128\cat_02684_pixabay_cat_002137.jpg,cat,train
data\processed\images_128\dog_01652_pixabay_dog_000669.jpg,dog,train
data\processed\images_128\dog_04576_pixabay_dog_003877.jpg,dog,train
data\processed\images_128\dog_04940_pixabay_dog_000723.jpg,dog,train
data\processed\images_128\dog_03069_pixabay_dog_002224.jpg,dog,train
data\processed\images_128\dog_00066_flickr_dog_000073.jpg,dog,train
data\processed\images_128\dog_00183_flickr_dog_000202.jpg,dog,train
data\processed\images_128\cat_04740_pixabay_cat_004378.jpg,cat,train
data\processed\images_128\dog_05002_pixabay_dog_001374.jpg,dog,train
data\processed\images_128\dog_01628_pixabay_dog_000643.jpg,dog,train
data\processed\images_128\cat_00482_flickr_cat_000542.jpg,cat,train
data\processed\images_128\cat_01005_pixabay_cat_000305.jpg,cat,train
data\processed\images_128\dog_02043_pixabay_dog_001102.jpg,dog,train
data\processed\images_128\cat_01360_pixabay_cat_000698.jpg,cat,train
data\processed\images_128\dog_00513_flickr_dog_000562.jpg,dog,train
data\processed\images_128\dog_01586_pixabay_dog_000594.jpg,dog,train
data\processed\images_128\cat_05094_pixabay_cat_004768.jpg,cat,train
data\processed\images_128\cat_00058_flickr_cat_000064.jpg,cat,train
data\processed\images_128\cat_03503_pixabay_cat_003031.jpg,cat,train
data\processed\images_128\dog_00621_flickr_dog_000689.jpg,dog,train
data\processed\images_128\dog_05043_pixabay_dog_001912.jpg,dog,train
data\processed\images_128\cat_00533_flickr_cat_000601.jpg,cat,train
data\processed\images_128\cat_04639_pixabay_cat_004269.jpg,cat,train
data\processed\images_128\cat_02653_pixabay_cat_002102.jpg,cat,train
data\processed\images_128\dog_03556_pixabay_dog_002755.jpg,dog,train
data\processed\images_128\cat_00711_flickr_cat_000799.jpg,cat,train
data\processed\images_128\cat_00278_flickr_cat_000317.jpg,cat,train
data\processed\images_128\dog_00887_flickr_dog_000987.jpg,dog,train
data\processed\images_128\cat_04584_pixabay_cat_004210.jpg,cat,train
data\processed\images_128\dog_01549_pixabay_dog_000554.jpg,dog,train
data\processed\images_128\cat_05366_pixabay_cat_001309.jpg,cat,train
data\processed\images_128\dog_02988_pixabay_dog_002133.jpg,dog,train
data\processed\images_128\cat_03283_pixabay_cat_002788.jpg,cat,train
data\processed\images_128\dog_02745_pixabay_dog_001865.jpg,dog,train
data\processed\images_128\dog_01499_pixabay_dog_000496.jpg,dog,train
data\processed\images_128\dog_03688_pixabay_dog_002906.jpg,dog,train
data\processed\images_128\dog_00405_flickr_dog_000443.jpg,dog,train
data\processed\images_128\dog_00071_flickr_dog_000078.jpg,dog,train
data\processed\images_128\cat_01196_pixabay_cat_000516.jpg,cat,train
data\processed\images_128\dog_04608_pixabay_dog_003911.jpg,dog,train
data\processed\images_128\cat_01359_pixabay_cat_000697.jpg,cat,train
data\processed\images_128\cat_03938_pixabay_cat_003502.jpg,cat,train
data\processed\images_128\dog_01614_pixabay_dog_000628.jpg,dog,train
data\processed\images_128\cat_00341_flickr_cat_000388.jpg,cat,train
data\processed\images_128\cat_02375_pixabay_cat_001807.jpg,cat,train
data\processed\images_128\dog_01717_pixabay_dog_000742.jpg,dog,train
data\processed\images_128\dog_03220_pixabay_dog_002391.jpg,dog,train
data\processed\images_128\dog_02285_pixabay_dog_001367.jpg,dog,train
data\processed\images_128\dog_04331_pixabay_dog_003613.jpg,dog,train
data\processed\images_128\dog_01761_pixabay_dog_000788.jpg,dog,train
data\processed\images_128\cat_04376_pixabay_cat_003984.jpg,cat,train
data\processed\images_128\dog_01283_pixabay_dog_000245.jpg,dog,train
data\processed\images_128\cat_01812_pixabay_cat_001201.jpg,cat,train
data\processed\images_128\dog_04766_flickr_dog_000298.jpg,dog,train
data\processed\images_128\cat_05067_pixabay_cat_004738.jpg,cat,train
data\processed\images_128\cat_02813_pixabay_cat_002281.jpg,cat,train
data\processed\images_128\cat_00434_flickr_cat_000486.jpg,cat,train
data\processed\images_128\cat_04694_pixabay_cat_004327.jpg,cat,train
data\processed\images_128\dog_05047_pixabay_dog_001931.jpg,dog,train
data\processed\images_128\dog_00134_flickr_dog_000147.jpg,dog,train
data\processed\images_128\dog_03820_pixabay_dog_003046.jpg,dog,train
data\processed\images_128\dog_01625_pixabay_dog_000639.jpg,dog,train
data\processed\images_128\cat_00474_flickr_cat_000531.jpg,cat,train
data\processed\images_128\dog_03314_pixabay_dog_002491.jpg,dog,train
data\processed\images_128\dog_00115_flickr_dog_000127.jpg,dog,train
data\processed\images_128\cat_00971_pixabay_cat_000266.jpg,cat,train
data\processed\images_128\cat_02199_pixabay_cat_001618.jpg,cat,train
data\processed\images_128\cat_00457_flickr_cat_000510.jpg,cat,train
data\processed\images_128\dog_04137_pixabay_dog_003397.jpg,dog,train
data\processed\images_128\cat_01341_pixabay_cat_000678.jpg,cat,train
data\processed\images_128\cat_02804_pixabay_cat_002272.jpg,cat,train
data\processed\images_128\cat_00405_flickr_cat_000457.jpg,cat,train
data\processed\images_128\cat_04577_pixabay_cat_004203.jpg,cat,train
data\processed\images_128\cat_01067_pixabay_cat_000374.jpg,cat,train
data\processed\images_128\cat_01895_pixabay_cat_001290.jpg,cat,train
data\processed\images_128\dog_00150_flickr_dog_000165.jpg,dog,train
data\processed\images_128\cat_05077_pixabay_cat_004748.jpg,cat,train
data\processed\images_128\dog_04494_pixabay_dog_003794.jpg,dog,train
data\processed\images_128\dog_01236_pixabay_dog_000192.jpg,dog,train
data\processed\images_128\dog_03405_pixabay_dog_002592.jpg,dog,train
data\processed\images_128\cat_01021_pixabay_cat_000323.jpg,cat,train
data\processed\images_128\dog_01464_pixabay_dog_000449.jpg,dog,train
data\processed\images_128\dog_04622_pixabay_dog_003927.jpg,dog,train
data\processed\images_128\dog_01471_pixabay_dog_000460.jpg,dog,train
data\processed\images_128\dog_01474_pixabay_dog_000463.jpg,dog,train
data\processed\images_128\cat_03247_pixabay_cat_002750.jpg,cat,train
data\processed\images_128\cat_04250_pixabay_cat_003846.jpg,cat,train
data\processed\images_128\cat_03797_pixabay_cat_003346.jpg,cat,train
data\processed\images_128\cat_02194_pixabay_cat_001613.jpg,cat,train
data\processed\images_128\dog_01804_pixabay_dog_000838.jpg,dog,train
data\processed\images_128\dog_00348_flickr_dog_000385.jpg,dog,train
data\processed\images_128\cat_00045_flickr_cat_000050.jpg,cat,train
data\processed\images_128\dog_02238_pixabay_dog_001314.jpg,dog,train
data\processed\images_128\dog_00822_flickr_dog_000916.jpg,dog,train
data\processed\images_128\dog_01199_pixabay_dog_000150.jpg,dog,train
data\processed\images_128\dog_02333_pixabay_dog_001420.jpg,dog,train
data\processed\images_128\dog_00260_flickr_dog_000289.jpg,dog,train
data\processed\images_128\cat_04405_pixabay_cat_004015.jpg,cat,train
data\processed\images_128\dog_03351_pixabay_dog_002532.jpg,dog,train
data\processed\images_128\dog_02156_pixabay_dog_001226.jpg,dog,train
data\processed\images_128\cat_00476_flickr_cat_000533.jpg,cat,train
data\processed\images_128\cat_00182_flickr_cat_000206.jpg,cat,train
data\processed\images_128\cat_04859_pixabay_cat_004507.jpg,cat,train
data\processed\images_128\cat_02769_pixabay_cat_002233.jpg,cat,train
data\processed\images_128\cat_01547_pixabay_cat_000912.jpg,cat,train
data\processed\images_128\dog_03865_pixabay_dog_003094.jpg,dog,train
data\processed\images_128\cat_00522_flickr_cat_000588.jpg,cat,train
data\processed\images_128\dog_01452_pixabay_dog_000436.jpg,dog,train
data\processed\images_128\cat_00623_flickr_cat_000702.jpg,cat,train
data\processed\images_128\cat_03153_pixabay_cat_002646.jpg,cat,train
data\processed\images_128\dog_03222_pixabay_dog_002393.jpg,dog,train
data\processed\images_128\dog_02760_pixabay_dog_001881.jpg,dog,train
data\processed\images_128\cat_00899_pixabay_cat_000189.jpg,cat,train
data\processed\images_128\cat_03024_pixabay_cat_002512.jpg,cat,train
data\processed\images_128\cat_03905_pixabay_cat_003466.jpg,cat,train
data\processed\images_128\cat_00730_flickr_cat_000821.jpg,cat,train
data\processed\images_128\cat_01566_pixabay_cat_000932.jpg,cat,train
data\processed\images_128\cat_02272_pixabay_cat_001700.jpg,cat,train
data\processed\images_128\dog_00142_flickr_dog_000155.jpg,dog,train
data\processed\images_128\dog_02551_pixabay_dog_001659.jpg,dog,train
data\processed\images_128\cat_00907_pixabay_cat_000198.jpg,cat,train
data\processed\images_128\cat_02496_pixabay_cat_001932.jpg,cat,train
data\processed\images_128\dog_00409_flickr_dog_000447.jpg,dog,train
data\processed\images_128\dog_01313_pixabay_dog_000279.jpg,dog,train
data\processed\images_128\dog_01398_pixabay_dog_000377.jpg,dog,train
data\processed\images_128\cat_01634_pixabay_cat_001007.jpg,cat,train
data\processed\images_128\cat_03273_pixabay_cat_002778.jpg,cat,train
data\processed\images_128\dog_03941_pixabay_dog_003177.jpg,dog,train
data\processed\images_128\cat_03611_pixabay_cat_003147.jpg,cat,train
data\processed\images_128\cat_01242_pixabay_cat_000567.jpg,cat,train
data\processed\images_128\dog_03234_pixabay_dog_002406.jpg,dog,train
data\processed\images_128\cat_02886_pixabay_cat_002361.jpg,cat,train
data\processed\images_128\dog_02580_pixabay_dog_001690.jpg,dog,train
data\processed\images_128\dog_00135_flickr_dog_000148.jpg,dog,train
data\processed\images_128\dog_01770_pixabay_dog_000801.jpg,dog,train
data\processed\images_128\cat_03815_pixabay_cat_003369.jpg,cat,train
data\processed\images_128\dog_00704_flickr_dog_000784.jpg,dog,train
data\processed\images_128\cat_03708_pixabay_cat_003255.jpg,cat,train
data\processed\images_128\dog_04340_pixabay_dog_003622.jpg,dog,train
data\processed\images_128\dog_02889_pixabay_dog_002024.jpg,dog,train
data\processed\images_128\cat_04571_pixabay_cat_004197.jpg,cat,train
data\processed\images_128\cat_04813_pixabay_cat_004456.jpg,cat,train
data\processed\images_128\dog_03184_pixabay_dog_002351.jpg,dog,train
data\processed\images_128\dog_04614_pixabay_dog_003918.jpg,dog,train
data\processed\images_128\cat_04907_pixabay_cat_004561.jpg,cat,train
data\processed\images_128\dog_03721_pixabay_dog_002941.jpg,dog,train
data\processed\images_128\dog_01311_pixabay_dog_000275.jpg,dog,train
data\processed\images_128\cat_03499_pixabay_cat_003027.jpg,cat,train
data\processed\images_128\dog_04515_pixabay_dog_003815.jpg,dog,train
data\processed\images_128\cat_04319_pixabay_cat_003923.jpg,cat,train
data\processed\images_128\cat_01012_pixabay_cat_000312.jpg,cat,train
data\processed\images_128\dog_01497_pixabay_dog_000493.jpg,dog,train
data\processed\images_128\cat_04415_pixabay_cat_004026.jpg,cat,train
data\processed\images_128\dog_02182_pixabay_dog_001256.jpg,dog,train
data\processed\images_128\cat_02318_pixabay_cat_001749.jpg,cat,train
data\processed\images_128\cat_03373_pixabay_cat_002889.jpg,cat,train
data\processed\images_128\cat_02553_pixabay_cat_001994.jpg,cat,train
data\processed\images_128\dog_01668_pixabay_dog_000686.jpg,dog,train
data\processed\images_128\dog_02463_pixabay_dog_001562.jpg,dog,train
data\processed\images_128\dog_04366_pixabay_dog_003649.jpg,dog,train
data\processed\images_128\cat_00865_pixabay_cat_000150.jpg,cat,train
data\processed\images_128\cat_01651_pixabay_cat_001025.jpg,cat,train
data\processed\images_128\cat_04629_pixabay_cat_004259.jpg,cat,train
data\processed\images_128\cat_02434_pixabay_cat_001868.jpg,cat,train
data\processed\images_128\cat_00025_flickr_cat_000030.jpg,cat,train
data\processed\images_128\dog_00819_flickr_dog_000913.jpg,dog,train
data\processed\images_128\dog_03442_pixabay_dog_002633.jpg,dog,train
data\processed\images_128\cat_03491_pixabay_cat_003019.jpg,cat,train
data\processed\images_128\dog_04673_pixabay_dog_003984.jpg,dog,train
data\processed\images_128\cat_03458_pixabay_cat_002980.jpg,cat,train
data\processed\images_128\dog_03193_pixabay_dog_002360.jpg,dog,train
data\processed\images_128\dog_00473_flickr_dog_000518.jpg,dog,train
data\processed\images_128\cat_01944_pixabay_cat_001341.jpg,cat,train
data\processed\images_128\cat_03202_pixabay_cat_002701.jpg,cat,train
data\processed\images_128\cat_05538_pixabay_cat_003529.jpg,cat,train
data\processed\images_128\cat_03845_pixabay_cat_003400.jpg,cat,train
data\processed\images_128\cat_01874_pixabay_cat_001265.jpg,cat,train
data\processed\images_128\cat_01236_pixabay_cat_000561.jpg,cat,train
data\processed\images_128\cat_04583_pixabay_cat_004209.jpg,cat,train
data\processed\images_128\cat_05164_flickr_cat_000162.jpg,cat,train
data\processed\images_128\dog_03557_pixabay_dog_002757.jpg,dog,train
data\processed\images_128\cat_02335_pixabay_cat_001766.jpg,cat,train
data\processed\images_128\cat_02897_pixabay_cat_002372.jpg,cat,train
data\processed\images_128\cat_02167_pixabay_cat_001583.jpg,cat,train
data\processed\images_128\cat_02759_pixabay_cat_002222.jpg,cat,train
data\processed\images_128\dog_05123_pixabay_dog_002786.jpg,dog,train
data\processed\images_128\dog_00588_flickr_dog_000651.jpg,dog,train
data\processed\images_128\cat_05259_pixabay_cat_000178.jpg,cat,train
data\processed\images_128\dog_04611_pixabay_dog_003915.jpg,dog,train
data\processed\images_128\dog_01748_pixabay_dog_000774.jpg,dog,train
data\processed\images_128\dog_02153_pixabay_dog_001223.jpg,dog,train
data\processed\images_128\cat_02599_pixabay_cat_002044.jpg,cat,train
data\processed\images_128\cat_04406_pixabay_cat_004016.jpg,cat,train
data\processed\images_128\dog_00204_flickr_dog_000228.jpg,dog,train
data\processed\images_128\dog_05142_pixabay_dog_002979.jpg,dog,train
data\processed\images_128\dog_03986_pixabay_dog_003227.jpg,dog,train
data\processed\images_128\dog_00949_flickr_dog_001060.jpg,dog,train
data\processed\images_128\dog_02986_pixabay_dog_002131.jpg,dog,train
data\processed\images_128\cat_00381_flickr_cat_000430.jpg,cat,train
data\processed\images_128\dog_02680_pixabay_dog_001793.jpg,dog,train
data\processed\images_128\dog_01456_pixabay_dog_000440.jpg,dog,train
data\processed\images_128\dog_04871_pixabay_dog_000166.jpg,dog,train
data\processed\images_128\cat_04835_pixabay_cat_004479.jpg,cat,train
data\processed\images_128\cat_02138_pixabay_cat_001553.jpg,cat,train
data\processed\images_128\dog_04554_pixabay_dog_003854.jpg,dog,train
data\processed\images_128\cat_00572_flickr_cat_000647.jpg,cat,train
data\processed\images_128\dog_00041_flickr_dog_000044.jpg,dog,train
data\processed\images_128\cat_05091_pixabay_cat_004763.jpg,cat,train
data\processed\images_128\dog_02432_pixabay_dog_001528.jpg,dog,train
data\processed\images_128\dog_01157_pixabay_dog_000104.jpg,dog,train
data\processed\images_128\dog_04472_pixabay_dog_003770.jpg,dog,train
data\processed\images_128\dog_00628_flickr_dog_000698.jpg,dog,train
data\processed\images_128\dog_03502_pixabay_dog_002697.jpg,dog,train
data\processed\images_128\cat_04093_pixabay_cat_003670.jpg,cat,train
data\processed\images_128\cat_03955_pixabay_cat_003521.jpg,cat,train
data\processed\images_128\cat_00613_flickr_cat_000692.jpg,cat,train
data\processed\images_128\dog_02103_pixabay_dog_001166.jpg,dog,train
data\processed\images_128\dog_02077_pixabay_dog_001137.jpg,dog,train
data\processed\images_128\cat_03328_pixabay_cat_002837.jpg,cat,train
data\processed\images_128\dog_01620_pixabay_dog_000634.jpg,dog,train
data\processed\images_128\cat_03028_pixabay_cat_002516.jpg,cat,train
data\processed\images_128\dog_00719_flickr_dog_000801.jpg,dog,train
data\processed\images_128\cat_02561_pixabay_cat_002004.jpg,cat,train
data\processed\images_128\cat_05267_pixabay_cat_000291.jpg,cat,train
data\processed\images_128\cat_05649_pixabay_cat_004808.jpg,cat,train
data\processed\images_128\cat_02336_pixabay_cat_001767.jpg,cat,train
data\processed\images_128\dog_05185_pixabay_dog_003465.jpg,dog,train
data\processed\images_128\dog_03379_pixabay_dog_002563.jpg,dog,train
data\processed\images_128\dog_04895_pixabay_dog_000351.jpg,dog,train
data\processed\images_128\dog_04550_pixabay_dog_003850.jpg,dog,train
data\processed\images_128\cat_04331_pixabay_cat_003937.jpg,cat,train
data\processed\images_128\dog_02001_pixabay_dog_001052.jpg,dog,train
data\processed\images_128\cat_03076_pixabay_cat_002567.jpg,cat,train
data\processed\images_128\cat_03053_pixabay_cat_002541.jpg,cat,train
data\processed\images_128\cat_00755_pixabay_cat_000028.jpg,cat,train
data\processed\images_128\dog_02934_pixabay_dog_002075.jpg,dog,train
data\processed\images_128\cat_04032_pixabay_cat_003606.jpg,cat,train
data\processed\images_128\cat_02659_pixabay_cat_002108.jpg,cat,train
data\processed\images_128\cat_03195_pixabay_cat_002692.jpg,cat,train
data\processed\images_128\cat_02650_pixabay_cat_002099.jpg,cat,train
data\processed\images_128\dog_03118_pixabay_dog_002277.jpg,dog,train
data\processed\images_128\cat_00005_flickr_cat_000007.jpg,cat,train
data\processed\images_128\dog_00720_flickr_dog_000802.jpg,dog,train
data\processed\images_128\dog_04741_flickr_dog_000054.jpg,dog,train
data\processed\images_128\dog_03718_pixabay_dog_002938.jpg,dog,train
data\processed\images_128\cat_02202_pixabay_cat_001621.jpg,cat,train
data\processed\images_128\dog_01050_flickr_dog_001169.jpg,dog,train
data\processed\images_128\dog_01252_pixabay_dog_000210.jpg,dog,train
data\processed\images_128\cat_03990_pixabay_cat_003559.jpg,cat,train
data\processed\images_128\cat_05456_pixabay_cat_002472.jpg,cat,train
data\processed\images_128\dog_04936_pixabay_dog_000672.jpg,dog,train
data\processed\images_128\cat_01777_pixabay_cat_001163.jpg,cat,train
data\processed\images_128\dog_00620_flickr_dog_000688.jpg,dog,train
data\processed\images_128\cat_04020_pixabay_cat_003593.jpg,cat,train
data\processed\images_128\dog_01537_pixabay_dog_000541.jpg,dog,train
data\processed\images_128\dog_02106_pixabay_dog_001169.jpg,dog,train
data\processed\images_128\dog_04915_pixabay_dog_000494.jpg,dog,train
data\processed\images_128\dog_01004_flickr_dog_001123.jpg,dog,train
data\processed\images_128\cat_01219_pixabay_cat_000544.jpg,cat,train
data\processed\images_128\dog_04446_pixabay_dog_003739.jpg,dog,train
data\processed\images_128\cat_05100_pixabay_cat_004774.jpg,cat,train
data\processed\images_128\dog_04046_pixabay_dog_003292.jpg,dog,train
data\processed\images_128\dog_04141_pixabay_dog_003402.jpg,dog,train
data\processed\images_128\dog_00709_flickr_dog_000790.jpg,dog,train
data\processed\images_128\cat_00707_flickr_cat_000795.jpg,cat,train
data\processed\images_128\dog_02102_pixabay_dog_001165.jpg,dog,train
data\processed\images_128\cat_04324_pixabay_cat_003929.jpg,cat,train
data\processed\images_128\dog_02768_pixabay_dog_001889.jpg,dog,train
data\processed\images_128\cat_00429_flickr_cat_000481.jpg,cat,train
data\processed\images_128\dog_00019_flickr_dog_000021.jpg,dog,train
data\processed\images_128\dog_01657_pixabay_dog_000675.jpg,dog,train
data\processed\images_128\dog_00161_flickr_dog_000178.jpg,dog,train
data\processed\images_128\dog_00226_flickr_dog_000253.jpg,dog,train
data\processed\images_128\cat_01073_pixabay_cat_000381.jpg,cat,train
data\processed\images_128\cat_02867_pixabay_cat_002340.jpg,cat,train
data\processed\images_128\cat_03110_pixabay_cat_002602.jpg,cat,train
data\processed\images_128\dog_03872_pixabay_dog_003102.jpg,dog,train
data\processed\images_128\cat_01607_pixabay_cat_000975.jpg,cat,train
data\processed\images_128\dog_02579_pixabay_dog_001688.jpg,dog,train
data\processed\images_128\dog_01338_pixabay_dog_000306.jpg,dog,train
data\processed\images_128\dog_01546_pixabay_dog_000551.jpg,dog,train
data\processed\images_128\cat_04207_pixabay_cat_003799.jpg,cat,train
data\processed\images_128\dog_03607_pixabay_dog_002815.jpg,dog,train
data\processed\images_128\dog_02897_pixabay_dog_002033.jpg,dog,train
data\processed\images_128\cat_03251_pixabay_cat_002754.jpg,cat,train
data\processed\images_128\dog_00381_flickr_dog_000418.jpg,dog,train
data\processed\images_128\dog_02966_pixabay_dog_002107.jpg,dog,train
data\processed\images_128\dog_04968_pixabay_dog_001038.jpg,dog,train
data\processed\images_128\cat_05487_pixabay_cat_002890.jpg,cat,train
data\processed\images_128\cat_01309_pixabay_cat_000642.jpg,cat,train
data\processed\images_128\cat_05478_pixabay_cat_002823.jpg,cat,train
data\processed\images_128\dog_02027_pixabay_dog_001084.jpg,dog,train
data\processed\images_128\cat_00745_pixabay_cat_000018.jpg,cat,train
data\processed\images_128\cat_04359_pixabay_cat_003966.jpg,cat,train
data\processed\images_128\cat_00692_flickr_cat_000780.jpg,cat,train
data\processed\images_128\cat_02982_pixabay_cat_002466.jpg,cat,train
data\processed\images_128\dog_02468_pixabay_dog_001571.jpg,dog,train
data\processed\images_128\cat_00344_flickr_cat_000391.jpg,cat,train
data\processed\images_128\dog_01801_pixabay_dog_000835.jpg,dog,train
data\processed\images_128\cat_03823_pixabay_cat_003377.jpg,cat,train
data\processed\images_128\cat_03323_pixabay_cat_002832.jpg,cat,train
data\processed\images_128\dog_03355_pixabay_dog_002536.jpg,dog,train
data\processed\images_128\dog_01443_pixabay_dog_000427.jpg,dog,train
data\processed\images_128\dog_03656_pixabay_dog_002870.jpg,dog,train
data\processed\images_128\dog_01542_pixabay_dog_000546.jpg,dog,train
data\processed\images_128\cat_02648_pixabay_cat_002097.jpg,cat,train
data\processed\images_128\dog_02866_pixabay_dog_002000.jpg,dog,train
data\processed\images_128\cat_03556_pixabay_cat_003089.jpg,cat,train
data\processed\images_128\cat_02499_pixabay_cat_001935.jpg,cat,train
data\processed\images_128\cat_04705_pixabay_cat_004340.jpg,cat,train
data\processed\images_128\cat_04533_pixabay_cat_004152.jpg,cat,train
data\processed\images_128\dog_05005_pixabay_dog_001383.jpg,dog,train
data\processed\images_128\cat_05557_pixabay_cat_003743.jpg,cat,train
data\processed\images_128\cat_02964_pixabay_cat_002445.jpg,cat,train
data\processed\images_128\dog_01173_pixabay_dog_000122.jpg,dog,train
data\processed\images_128\cat_02747_pixabay_cat_002209.jpg,cat,train
data\processed\images_128\dog_05028_pixabay_dog_001689.jpg,dog,train
data\processed\images_128\cat_01162_pixabay_cat_000478.jpg,cat,train
data\processed\images_128\cat_02012_pixabay_cat_001418.jpg,cat,train
data\processed\images_128\cat_00630_flickr_cat_000710.jpg,cat,train
data\processed\images_128\dog_01905_pixabay_dog_000948.jpg,dog,train
data\processed\images_128\cat_02701_pixabay_cat_002159.jpg,cat,train
data\processed\images_128\dog_04865_pixabay_dog_000086.jpg,dog,train
data\processed\images_128\cat_00097_flickr_cat_000106.jpg,cat,train
data\processed\images_128\cat_02228_pixabay_cat_001650.jpg,cat,train
data\processed\images_128\cat_04702_pixabay_cat_004336.jpg,cat,train
data\processed\images_128\dog_03938_pixabay_dog_003174.jpg,dog,train
data\processed\images_128\dog_03695_pixabay_dog_002914.jpg,dog,train
data\processed\images_128\dog_02430_pixabay_dog_001526.jpg,dog,train
data\processed\images_128\dog_03288_pixabay_dog_002465.jpg,dog,train
data\processed\images_128\dog_03441_pixabay_dog_002632.jpg,dog,train
data\processed\images_128\dog_00940_flickr_dog_001049.jpg,dog,train
data\processed\images_128\dog_00530_flickr_dog_000585.jpg,dog,train
data\processed\images_128\cat_01584_pixabay_cat_000951.jpg,cat,train
data\processed\images_128\cat_02551_pixabay_cat_001991.jpg,cat,train
data\processed\images_128\dog_04943_pixabay_dog_000738.jpg,dog,train
data\processed\images_128\dog_02948_pixabay_dog_002089.jpg,dog,train
data\processed\images_128\dog_03895_pixabay_dog_003128.jpg,dog,train
data\processed\images_128\dog_02044_pixabay_dog_001103.jpg,dog,train
data\processed\images_128\cat_04102_pixabay_cat_003679.jpg,cat,train
data\processed\images_128\dog_02377_pixabay_dog_001469.jpg,dog,train
data\processed\images_128\cat_04658_pixabay_cat_004288.jpg,cat,train
data\processed\images_128\cat_00240_flickr_cat_000274.jpg,cat,train
data\processed\images_128\cat_01076_pixabay_cat_000384.jpg,cat,train
data\processed\images_128\cat_01786_pixabay_cat_001172.jpg,cat,train
data\processed\images_128\dog_05146_pixabay_dog_003069.jpg,dog,train
data\processed\images_128\dog_03766_pixabay_dog_002990.jpg,dog,train
data\processed\images_128\cat_01144_pixabay_cat_000458.jpg,cat,train
data\processed\images_128\cat_01167_pixabay_cat_000483.jpg,cat,train
data\processed\images_128\dog_00515_flickr_dog_000564.jpg,dog,train
data\processed\images_128\cat_00215_flickr_cat_000247.jpg,cat,train
data\processed\images_128\dog_00329_flickr_dog_000363.jpg,dog,train
data\processed\images_128\cat_02366_pixabay_cat_001798.jpg,cat,train
data\processed\images_128\dog_03619_pixabay_dog_002827.jpg,dog,train
data\processed\images_128\cat_01972_pixabay_cat_001375.jpg,cat,train
data\processed\images_128\dog_04667_pixabay_dog_003977.jpg,dog,train
data\processed\images_128\cat_00645_flickr_cat_000726.jpg,cat,train
data\processed\images_128\dog_02881_pixabay_dog_002015.jpg,dog,train
data\processed\images_128\dog_03571_pixabay_dog_002772.jpg,dog,train
data\processed\images_128\cat_00120_flickr_cat_000131.jpg,cat,train
data\processed\images_128\cat_00053_flickr_cat_000059.jpg,cat,train
data\processed\images_128\cat_02238_pixabay_cat_001661.jpg,cat,train
data\processed\images_128\cat_04708_pixabay_cat_004344.jpg,cat,train
data\processed\images_128\cat_02156_pixabay_cat_001572.jpg,cat,train
data\processed\images_128\dog_00296_flickr_dog_000328.jpg,dog,train
data\processed\images_128\cat_00020_flickr_cat_000025.jpg,cat,train
data\processed\images_128\cat_01302_pixabay_cat_000633.jpg,cat,train
data\processed\images_128\cat_01358_pixabay_cat_000695.jpg,cat,train
data\processed\images_128\cat_05544_pixabay_cat_003595.jpg,cat,train
data\processed\images_128\dog_01942_pixabay_dog_000988.jpg,dog,train
data\processed\images_128\dog_03735_pixabay_dog_002958.jpg,dog,train
data\processed\images_128\dog_01862_pixabay_dog_000901.jpg,dog,train
data\processed\images_128\cat_02172_pixabay_cat_001588.jpg,cat,train
data\processed\images_128\dog_04167_pixabay_dog_003431.jpg,dog,train
data\processed\images_128\dog_03382_pixabay_dog_002568.jpg,dog,train
data\processed\images_128\cat_03740_pixabay_cat_003287.jpg,cat,train
data\processed\images_128\dog_05076_pixabay_dog_002239.jpg,dog,train
data\processed\images_128\dog_00469_flickr_dog_000514.jpg,dog,train
data\processed\images_128\dog_03130_pixabay_dog_002290.jpg,dog,train
data\processed\images_128\dog_04948_pixabay_dog_000794.jpg,dog,train
data\processed\images_128\dog_03054_pixabay_dog_002208.jpg,dog,train
data\processed\images_128\cat_02037_pixabay_cat_001444.jpg,cat,train
data\processed\images_128\dog_04292_pixabay_dog_003572.jpg,dog,train
data\processed\images_128\dog_00915_flickr_dog_001020.jpg,dog,train
data\processed\images_128\cat_00413_flickr_cat_000465.jpg,cat,train
data\processed\images_128\dog_01803_pixabay_dog_000837.jpg,dog,train
data\processed\images_128\cat_00760_pixabay_cat_000033.jpg,cat,train
data\processed\images_128\cat_00606_flickr_cat_000684.jpg,cat,train
data\processed\images_128\dog_00889_flickr_dog_000989.jpg,dog,train
data\processed\images_128\dog_00065_flickr_dog_000072.jpg,dog,train
data\processed\images_128\dog_00078_flickr_dog_000086.jpg,dog,train
data\processed\images_128\cat_02283_pixabay_cat_001711.jpg,cat,train
data\processed\images_128\dog_00042_flickr_dog_000046.jpg,dog,train
data\processed\images_128\dog_03006_pixabay_dog_002155.jpg,dog,train
data\processed\images_128\dog_05186_pixabay_dog_003468.jpg,dog,train
data\processed\images_128\dog_05038_pixabay_dog_001860.jpg,dog,train
data\processed\images_128\cat_05158_flickr_cat_000080.jpg,cat,train
data\processed\images_128\dog_05163_pixabay_dog_003261.jpg,dog,train
data\processed\images_128\dog_01367_pixabay_dog_000343.jpg,dog,train
data\processed\images_128\dog_04845_flickr_dog_001042.jpg,dog,train
data\processed\images_128\cat_01445_pixabay_cat_000793.jpg,cat,train
data\processed\images_128\dog_04802_flickr_dog_000673.jpg,dog,train
data\processed\images_128\dog_01637_pixabay_dog_000654.jpg,dog,train
data\processed\images_128\cat_02076_pixabay_cat_001489.jpg,cat,train
data\processed\images_128\cat_05534_pixabay_cat_003486.jpg,cat,train
data\processed\images_128\dog_02743_pixabay_dog_001863.jpg,dog,train
data\processed\images_128\dog_00217_flickr_dog_000241.jpg,dog,train
data\processed\images_128\dog_05052_pixabay_dog_001985.jpg,dog,train
data\processed\images_128\dog_05158_pixabay_dog_003197.jpg,dog,train
data\processed\images_128\dog_00776_flickr_dog_000869.jpg,dog,train
data\processed\images_128\cat_00894_pixabay_cat_000184.jpg,cat,train
data\processed\images_128\cat_00079_flickr_cat_000087.jpg,cat,train
data\processed\images_128\cat_04820_pixabay_cat_004464.jpg,cat,train
data\processed\images_128\dog_04928_pixabay_dog_000600.jpg,dog,train
data\processed\images_128\dog_02443_pixabay_dog_001541.jpg,dog,train
data\processed\images_128\dog_03753_pixabay_dog_002976.jpg,dog,train
data\processed\images_128\cat_05131_pixabay_cat_004810.jpg,cat,train
data\processed\images_128\cat_04611_pixabay_cat_004240.jpg,cat,train
data\processed\images_128\cat_01378_pixabay_cat_000718.jpg,cat,train
data\processed\images_128\dog_04728_pixabay_dog_004046.jpg,dog,train
data\processed\images_128\cat_00754_pixabay_cat_000027.jpg,cat,train
data\processed\images_128\cat_01775_pixabay_cat_001161.jpg,cat,train
data\processed\images_128\dog_04558_pixabay_dog_003859.jpg,dog,train
data\processed\images_128\dog_00492_flickr_dog_000539.jpg,dog,train
data\processed\images_128\dog_00607_flickr_dog_000672.jpg,dog,train
data\processed\images_128\dog_04626_pixabay_dog_003931.jpg,dog,train
data\processed\images_128\cat_00518_flickr_cat_000583.jpg,cat,train
data\processed\images_128\cat_04356_pixabay_cat_003962.jpg,cat,train
data\processed\images_128\cat_01860_pixabay_cat_001251.jpg,cat,train
data\processed\images_128\dog_01015_flickr_dog_001134.jpg,dog,train
data\processed\images_128\dog_05162_pixabay_dog_003251.jpg,dog,train
data\processed\images_128\dog_03140_pixabay_dog_002301.jpg,dog,train
data\processed\images_128\cat_00937_pixabay_cat_000229.jpg,cat,train
data\processed\images_128\cat_01174_pixabay_cat_000490.jpg,cat,train
data\processed\images_128\cat_04644_pixabay_cat_004274.jpg,cat,train
data\processed\images_128\cat_04106_pixabay_cat_003683.jpg,cat,train
data\processed\images_128\cat_00743_pixabay_cat_000016.jpg,cat,train
data\processed\images_128\dog_04519_pixabay_dog_003819.jpg,dog,train
data\processed\images_128\cat_03957_pixabay_cat_003523.jpg,cat,train
data\processed\images_128\dog_04951_pixabay_dog_000818.jpg,dog,train
data\processed\images_128\dog_01672_pixabay_dog_000690.jpg,dog,train
data\processed\images_128\cat_03319_pixabay_cat_002827.jpg,cat,train
data\processed\images_128\cat_05634_pixabay_cat_004635.jpg,cat,train
data\processed\images_128\cat_03864_pixabay_cat_003421.jpg,cat,train
data\processed\images_128\dog_00331_flickr_dog_000365.jpg,dog,train
data\processed\images_128\cat_00284_flickr_cat_000324.jpg,cat,train
data\processed\images_128\dog_03043_pixabay_dog_002195.jpg,dog,train
data\processed\images_128\cat_02818_pixabay_cat_002286.jpg,cat,train
data\processed\images_128\dog_00459_flickr_dog_000504.jpg,dog,train
data\processed\images_128\dog_00448_flickr_dog_000492.jpg,dog,train
data\processed\images_128\cat_00718_flickr_cat_000807.jpg,cat,train
data\processed\images_128\dog_00610_flickr_dog_000677.jpg,dog,train
data\processed\images_128\cat_05403_pixabay_cat_001811.jpg,cat,train
data\processed\images_128\cat_04182_pixabay_cat_003772.jpg,cat,train
data\processed\images_128\cat_01180_pixabay_cat_000498.jpg,cat,train
data\processed\images_128\dog_03596_pixabay_dog_002804.jpg,dog,train
data\processed\images_128\dog_00428_flickr_dog_000470.jpg,dog,train
data\processed\images_128\cat_01851_pixabay_cat_001242.jpg,cat,train
data\processed\images_128\cat_00549_flickr_cat_000620.jpg,cat,train
data\processed\images_128\cat_04200_pixabay_cat_003791.jpg,cat,train
data\processed\images_128\cat_04087_pixabay_cat_003664.jpg,cat,train
data\processed\images_128\dog_05130_pixabay_dog_002854.jpg,dog,train
data\processed\images_128\cat_03700_pixabay_cat_003246.jpg,cat,train
data\processed\images_128\cat_01338_pixabay_cat_000675.jpg,cat,train
data\processed\images_128\dog_02136_pixabay_dog_001204.jpg,dog,train
data\processed\images_128\cat_00044_flickr_cat_000049.jpg,cat,train
data\processed\images_128\cat_00511_flickr_cat_000576.jpg,cat,train
data\processed\images_128\cat_01686_pixabay_cat_001063.jpg,cat,train
data\processed\images_128\cat_05154_flickr_cat_000011.jpg,cat,train
data\processed\images_128\cat_02621_pixabay_cat_002067.jpg,cat,train
data\processed\images_128\dog_02391_pixabay_dog_001483.jpg,dog,train
data\processed\images_128\cat_02413_pixabay_cat_001846.jpg,cat,train
data\processed\images_128\dog_02195_pixabay_dog_001269.jpg,dog,train
data\processed\images_128\cat_00650_flickr_cat_000731.jpg,cat,train
data\processed\images_128\cat_01323_pixabay_cat_000657.jpg,cat,train
data\processed\images_128\dog_04817_flickr_dog_000785.jpg,dog,train
data\processed\images_128\dog_03356_pixabay_dog_002537.jpg,dog,train
data\processed\images_128\cat_05257_pixabay_cat_000165.jpg,cat,train
data\processed\images_128\cat_00783_pixabay_cat_000059.jpg,cat,train
data\processed\images_128\cat_04880_pixabay_cat_004531.jpg,cat,train
data\processed\images_128\cat_04407_pixabay_cat_004017.jpg,cat,train
data\processed\images_128\cat_00481_flickr_cat_000541.jpg,cat,train
data\processed\images_128\cat_03439_pixabay_cat_002960.jpg,cat,train
data\processed\images_128\dog_00691_flickr_dog_000767.jpg,dog,train
data\processed\images_128\cat_01270_pixabay_cat_000598.jpg,cat,train
data\processed\images_128\cat_01603_pixabay_cat_000971.jpg,cat,train
data\processed\images_128\dog_03807_pixabay_dog_003033.jpg,dog,train
data\processed\images_128\dog_02098_pixabay_dog_001161.jpg,dog,train
data\processed\images_128\dog_01292_pixabay_dog_000254.jpg,dog,train
data\processed\images_128\dog_04262_pixabay_dog_003540.jpg,dog,train
data\processed\images_128\cat_01504_pixabay_cat_000863.jpg,cat,train
data\processed\images_128\cat_03067_pixabay_cat_002557.jpg,cat,train
data\processed\images_128\cat_00583_flickr_cat_000660.jpg,cat,train
data\processed\images_128\dog_03914_pixabay_dog_003148.jpg,dog,train
data\processed\images_128\cat_04666_pixabay_cat_004296.jpg,cat,train
data\processed\images_128\cat_03449_pixabay_cat_002970.jpg,cat,train
data\processed\images_128\cat_05558_pixabay_cat_003748.jpg,cat,train
data\processed\images_128\cat_01029_pixabay_cat_000332.jpg,cat,train
data\processed\images_128\dog_02616_pixabay_dog_001728.jpg,dog,train
data\processed\images_128\dog_00033_flickr_dog_000035.jpg,dog,train
data\processed\images_128\dog_02088_pixabay_dog_001149.jpg,dog,train
data\processed\images_128\dog_02681_pixabay_dog_001794.jpg,dog,train
data\processed\images_128\cat_03723_pixabay_cat_003270.jpg,cat,train
data\processed\images_128\cat_00132_flickr_cat_000144.jpg,cat,train
data\processed\images_128\cat_00425_flickr_cat_000477.jpg,cat,train
data\processed\images_128\cat_05467_pixabay_cat_002686.jpg,cat,train
data\processed\images_128\dog_04026_pixabay_dog_003272.jpg,dog,train
data\processed\images_128\cat_04485_pixabay_cat_004101.jpg,cat,train
data\processed\images_128\cat_02270_pixabay_cat_001697.jpg,cat,train
data\processed\images_128\dog_04780_flickr_dog_000491.jpg,dog,train
data\processed\images_128\cat_03961_pixabay_cat_003528.jpg,cat,train
data\processed\images_128\dog_04066_pixabay_dog_003315.jpg,dog,train
data\processed\images_128\dog_03928_pixabay_dog_003163.jpg,dog,train
data\processed\images_128\dog_03668_pixabay_dog_002883.jpg,dog,train
data\processed\images_128\cat_03033_pixabay_cat_002521.jpg,cat,train
data\processed\images_128\dog_02048_pixabay_dog_001107.jpg,dog,train
data\processed\images_128\dog_04482_pixabay_dog_003782.jpg,dog,train
data\processed\images_128\dog_02071_pixabay_dog_001131.jpg,dog,train
data\processed\images_128\dog_00201_flickr_dog_000225.jpg,dog,train
data\processed\images_128\dog_00038_flickr_dog_000040.jpg,dog,train
data\processed\images_128\dog_02978_pixabay_dog_002121.jpg,dog,train
data\processed\images_128\dog_00738_flickr_dog_000824.jpg,dog,train
data\processed\images_128\cat_05592_pixabay_cat_004171.jpg,cat,train
data\processed\images_128\cat_02139_pixabay_cat_001554.jpg,cat,train
data\processed\images_128\cat_02188_pixabay_cat_001605.jpg,cat,train
data\processed\images_128\dog_01437_pixabay_dog_000421.jpg,dog,train
data\processed\images_128\cat_00833_pixabay_cat_000115.jpg,cat,train
data\processed\images_128\cat_01782_pixabay_cat_001168.jpg,cat,train
data\processed\images_128\dog_03897_pixabay_dog_003130.jpg,dog,train
data\processed\images_128\dog_03468_pixabay_dog_002661.jpg,dog,train
data\processed\images_128\cat_03513_pixabay_cat_003043.jpg,cat,train
data\processed\images_128\cat_04980_pixabay_cat_004645.jpg,cat,train
data\processed\images_128\dog_00187_flickr_dog_000207.jpg,dog,train
data\processed\images_128\dog_00896_flickr_dog_000996.jpg,dog,train
data\processed\images_128\cat_02540_pixabay_cat_001979.jpg,cat,train
data\processed\images_128\dog_04529_pixabay_dog_003829.jpg,dog,train
data\processed\images_128\cat_04123_pixabay_cat_003703.jpg,cat,train
data\processed\images_128\cat_01689_pixabay_cat_001066.jpg,cat,train
data\processed\images_128\cat_02541_pixabay_cat_001980.jpg,cat,train
data\processed\images_128\cat_04908_pixabay_cat_004563.jpg,cat,train
data\processed\images_128\cat_03504_pixabay_cat_003032.jpg,cat,train
data\processed\images_128\dog_02234_pixabay_dog_001310.jpg,dog,train
data\processed\images_128\cat_04906_pixabay_cat_004560.jpg,cat,train
data\processed\images_128\cat_00716_flickr_cat_000805.jpg,cat,train
data\processed\images_128\dog_00600_flickr_dog_000665.jpg,dog,train
data\processed\images_128\cat_04627_pixabay_cat_004257.jpg,cat,train
data\processed\images_128\dog_02572_pixabay_dog_001680.jpg,dog,train
data\processed\images_128\cat_04277_pixabay_cat_003875.jpg,cat,train
data\processed\images_128\dog_03543_pixabay_dog_002741.jpg,dog,train
data\processed\images_128\dog_04453_pixabay_dog_003748.jpg,dog,train
data\processed\images_128\cat_00507_flickr_cat_000571.jpg,cat,train
data\processed\images_128\cat_02591_pixabay_cat_002035.jpg,cat,train
data\processed\images_128\dog_01153_pixabay_dog_000100.jpg,dog,train
data\processed\images_128\dog_00879_flickr_dog_000979.jpg,dog,train
data\processed\images_128\dog_03787_pixabay_dog_003013.jpg,dog,train
data\processed\images_128\cat_02481_pixabay_cat_001916.jpg,cat,train
data\processed\images_128\cat_00307_flickr_cat_000348.jpg,cat,train
data\processed\images_128\cat_01089_pixabay_cat_000399.jpg,cat,train
data\processed\images_128\dog_02081_pixabay_dog_001141.jpg,dog,train
data\processed\images_128\dog_00756_flickr_dog_000845.jpg,dog,train
data\processed\images_128\dog_01280_pixabay_dog_000242.jpg,dog,train
data\processed\images_128\dog_02762_pixabay_dog_001883.jpg,dog,train
data\processed\images_128\cat_01960_pixabay_cat_001360.jpg,cat,train
data\processed\images_128\dog_01147_pixabay_dog_000094.jpg,dog,train
data\processed\images_128\dog_00759_flickr_dog_000850.jpg,dog,train
data\processed\images_128\cat_02995_pixabay_cat_002481.jpg,cat,train
data\processed\images_128\cat_01554_pixabay_cat_000919.jpg,cat,train
data\processed\images_128\dog_00861_flickr_dog_000959.jpg,dog,train
data\processed\images_128\cat_00958_pixabay_cat_000253.jpg,cat,train
data\processed\images_128\dog_00825_flickr_dog_000920.jpg,dog,train
data\processed\images_128\cat_00443_flickr_cat_000496.jpg,cat,train
data\processed\images_128\cat_03141_pixabay_cat_002633.jpg,cat,train
data\processed\images_128\cat_04073_pixabay_cat_003650.jpg,cat,train
data\processed\images_128\cat_02104_pixabay_cat_001518.jpg,cat,train
data\processed\images_128\dog_03558_pixabay_dog_002758.jpg,dog,train
data\processed\images_128\cat_00388_flickr_cat_000438.jpg,cat,train
data\processed\images_128\cat_01639_pixabay_cat_001012.jpg,cat,train
data\processed\images_128\cat_00807_pixabay_cat_000086.jpg,cat,train
data\processed\images_128\cat_00139_flickr_cat_000151.jpg,cat,train
data\processed\images_128\dog_01466_pixabay_dog_000451.jpg,dog,train
data\processed\images_128\cat_01372_pixabay_cat_000712.jpg,cat,train
data\processed\images_128\cat_02604_pixabay_cat_002049.jpg,cat,train
data\processed\images_128\cat_04887_pixabay_cat_004538.jpg,cat,train
data\processed\images_128\cat_05284_pixabay_cat_000441.jpg,cat,train
data\processed\images_128\cat_00506_flickr_cat_000569.jpg,cat,train
data\processed\images_128\dog_04937_pixabay_dog_000691.jpg,dog,train
data\processed\images_128\dog_00166_flickr_dog_000183.jpg,dog,train
data\processed\images_128\cat_04737_pixabay_cat_004375.jpg,cat,train
data\processed\images_128\cat_05606_pixabay_cat_004343.jpg,cat,train
data\processed\images_128\dog_02491_pixabay_dog_001595.jpg,dog,train
data\processed\images_128\cat_00393_flickr_cat_000444.jpg,cat,train
data\processed\images_128\dog_01450_pixabay_dog_000434.jpg,dog,train
data\processed\images_128\cat_00737_pixabay_cat_000009.jpg,cat,train
data\processed\images_128\cat_00651_flickr_cat_000732.jpg,cat,train
data\processed\images_128\dog_03181_pixabay_dog_002348.jpg,dog,train
data\processed\images_128\dog_02781_pixabay_dog_001904.jpg,dog,train
data\processed\images_128\cat_01362_pixabay_cat_000701.jpg,cat,train
data\processed\images_128\cat_04973_pixabay_cat_004638.jpg,cat,train
data\processed\images_128\cat_05602_pixabay_cat_004303.jpg,cat,train
data\processed\images_128\cat_05549_pixabay_cat_003688.jpg,cat,train
data\processed\images_128\dog_03916_pixabay_dog_003151.jpg,dog,train
data\processed\images_128\dog_01681_pixabay_dog_000700.jpg,dog,train
data\processed\images_128\cat_04201_pixabay_cat_003792.jpg,cat,train
data\processed\images_128\dog_03207_pixabay_dog_002376.jpg,dog,train
data\processed\images_128\cat_01515_pixabay_cat_000875.jpg,cat,train
data\processed\images_128\dog_03407_pixabay_dog_002594.jpg,dog,train
data\processed\images_128\dog_00339_flickr_dog_000374.jpg,dog,train
data\processed\images_128\dog_02253_pixabay_dog_001329.jpg,dog,train
data\processed\images_128\cat_01783_pixabay_cat_001169.jpg,cat,train
data\processed\images_128\cat_02838_pixabay_cat_002308.jpg,cat,train
data\processed\images_128\cat_03584_pixabay_cat_003118.jpg,cat,train
data\processed\images_128\cat_01252_pixabay_cat_000578.jpg,cat,train
data\processed\images_128\cat_03561_pixabay_cat_003094.jpg,cat,train
data\processed\images_128\cat_02447_pixabay_cat_001881.jpg,cat,train
data\processed\images_128\dog_05019_pixabay_dog_001568.jpg,dog,train
data\processed\images_128\dog_01578_pixabay_dog_000586.jpg,dog,train
data\processed\images_128\dog_01049_flickr_dog_001168.jpg,dog,train
data\processed\images_128\cat_01617_pixabay_cat_000986.jpg,cat,train
data\processed\images_128\cat_05069_pixabay_cat_004740.jpg,cat,train
data\processed\images_128\cat_04013_pixabay_cat_003586.jpg,cat,train
data\processed\images_128\cat_00124_flickr_cat_000135.jpg,cat,train
data\processed\images_128\dog_03167_pixabay_dog_002334.jpg,dog,train
data\processed\images_128\cat_03074_pixabay_cat_002565.jpg,cat,train
data\processed\images_128\dog_02852_pixabay_dog_001986.jpg,dog,train
data\processed\images_128\cat_01832_pixabay_cat_001223.jpg,cat,train
data\processed\images_128\cat_00448_flickr_cat_000501.jpg,cat,train
data\processed\images_128\cat_02715_pixabay_cat_002173.jpg,cat,train
data\processed\images_128\dog_03959_pixabay_dog_003199.jpg,dog,train
data\processed\images_128\cat_02938_pixabay_cat_002416.jpg,cat,train
data\processed\images_128\cat_02868_pixabay_cat_002342.jpg,cat,train
data\processed\images_128\dog_02979_pixabay_dog_002123.jpg,dog,train
data\processed\images_128\cat_02071_pixabay_cat_001484.jpg,cat,train
data\processed\images_128\cat_04855_pixabay_cat_004502.jpg,cat,train
data\processed\images_128\cat_02352_pixabay_cat_001783.jpg,cat,train
data\processed\images_128\dog_01425_pixabay_dog_000407.jpg,dog,train
data\processed\images_128\dog_04634_pixabay_dog_003940.jpg,dog,train
data\processed\images_128\cat_04653_pixabay_cat_004283.jpg,cat,train
data\processed\images_128\dog_01378_pixabay_dog_000355.jpg,dog,train
data\processed\images_128\cat_04976_pixabay_cat_004641.jpg,cat,train
data\processed\images_128\cat_04529_pixabay_cat_004148.jpg,cat,train
data\processed\images_128\dog_02624_pixabay_dog_001737.jpg,dog,train
data\processed\images_128\dog_03886_pixabay_dog_003117.jpg,dog,train
data\processed\images_128\dog_03273_pixabay_dog_002449.jpg,dog,train
data\processed\images_128\cat_01002_pixabay_cat_000301.jpg,cat,train
data\processed\images_128\dog_03905_pixabay_dog_003139.jpg,dog,train
data\processed\images_128\dog_03419_pixabay_dog_002607.jpg,dog,train
data\processed\images_128\dog_01205_pixabay_dog_000157.jpg,dog,train
data\processed\images_128\cat_01526_pixabay_cat_000887.jpg,cat,train
data\processed\images_128\cat_00247_flickr_cat_000281.jpg,cat,train
data\processed\images_128\cat_04092_pixabay_cat_003669.jpg,cat,train
data\processed\images_128\cat_04525_pixabay_cat_004143.jpg,cat,train
data\processed\images_128\cat_01749_pixabay_cat_001133.jpg,cat,train
data\processed\images_128\cat_03007_pixabay_cat_002494.jpg,cat,train
data\processed\images_128\dog_05120_pixabay_dog_002774.jpg,dog,train
data\processed\images_128\dog_04594_pixabay_dog_003897.jpg,dog,train
data\processed\images_128\cat_04226_pixabay_cat_003821.jpg,cat,train
data\processed\images_128\cat_04975_pixabay_cat_004640.jpg,cat,train
data\processed\images_128\dog_01935_pixabay_dog_000980.jpg,dog,train
data\processed\images_128\dog_00465_flickr_dog_000510.jpg,dog,train
data\processed\images_128\cat_04131_pixabay_cat_003713.jpg,cat,train
